registration_id,student_id,event_id,registered_at,status,recommended_by_agent,rating_1_5
RG00001,ST0001,EV0153,2026-09-14T18:30:00,attended,false,5
RG00002,ST0001,EV0155,2026-09-10T02:30:00,registered,false,
RG00003,ST0001,EV0156,2026-08-13T00:30:00,attended,true,4
RG00004,ST0001,EV0157,2026-09-03T07:30:00,attended,true,
RG00005,ST0001,EV0276,2026-08-23T22:00:00,attended,true,5
RG00006,ST0002,EV0124,2026-09-08T09:00:00,registered,false,
RG00007,ST0002,EV0129,2026-09-08T18:30:00,attended,false,
RG00008,ST0002,EV0140,2026-09-21T15:30:00,registered,false,
RG00009,ST0002,EV0147,2026-08-28T11:00:00,attended,false,
RG00010,ST0002,EV0160,2026-10-20T11:00:00,registered,false,
RG00011,ST0003,EV0053,2026-08-15T18:00:00,attended,false,5
RG00012,ST0003,EV0183,2026-08-29T18:30:00,attended,false,4
RG00013,ST0003,EV0184,2026-09-10T12:30:00,registered,true,
RG00014,ST0003,EV0186,2026-09-29T11:00:00,registered,false,
RG00015,ST0003,EV0187,2026-10-22T07:00:00,registered,false,
RG00016,ST0003,EV0246,2026-09-11T13:00:00,attended,true,
RG00017,ST0003,EV0249,2026-09-05T15:00:00,attended,false,
RG00018,ST0003,EV0250,2026-09-16T07:00:00,registered,false,
RG00019,ST0003,EV0280,2026-09-29T03:30:00,registered,true,
RG00020,ST0004,EV0017,2026-08-21T03:30:00,attended,false,
RG00021,ST0004,EV0031,2026-11-18T19:00:00,registered,true,
RG00022,ST0005,EV0092,2026-11-11T06:00:00,registered,true,
RG00023,ST0005,EV0123,2026-11-17T09:00:00,registered,false,
RG00024,ST0005,EV0126,2026-08-12T05:00:00,attended,true,3
RG00025,ST0006,EV0005,2026-10-31T13:30:00,registered,false,
RG00026,ST0006,EV0078,2026-11-07T17:00:00,registered,false,
RG00027,ST0006,EV0089,2026-10-29T05:00:00,registered,false,
RG00028,ST0006,EV0230,2026-11-29T16:00:00,registered,false,
RG00029,ST0006,EV0234,2026-08-26T22:00:00,attended,false,3
RG00030,ST0006,EV0242,2026-08-15T05:00:00,no_show,false,
RG00031,ST0007,EV0010,2026-11-27T23:00:00,registered,false,
RG00032,ST0007,EV0011,2026-10-28T16:00:00,registered,true,
RG00033,ST0007,EV0057,2026-08-15T02:00:00,attended,true,
RG00034,ST0007,EV0092,2026-11-16T01:00:00,registered,false,
RG00035,ST0007,EV0102,2026-10-24T08:30:00,registered,false,
RG00036,ST0007,EV0107,2026-09-24T11:30:00,registered,false,
RG00037,ST0007,EV0121,2026-12-02T02:00:00,registered,true,
RG00038,ST0007,EV0134,2026-09-30T01:30:00,registered,false,
RG00039,ST0007,EV0171,2026-09-20T23:30:00,registered,false,
RG00040,ST0008,EV0039,2026-11-17T17:00:00,registered,true,
RG00041,ST0008,EV0043,2026-12-03T17:30:00,registered,true,
RG00042,ST0008,EV0084,2026-09-30T00:00:00,registered,true,
RG00043,ST0008,EV0106,2026-10-13T23:30:00,registered,false,
RG00044,ST0008,EV0117,2026-12-01T19:30:00,registered,false,
RG00045,ST0008,EV0140,2026-09-22T14:30:00,registered,true,
RG00046,ST0008,EV0263,2026-11-28T22:30:00,registered,false,
RG00047,ST0008,EV0271,2026-09-22T15:00:00,registered,true,
RG00048,ST0009,EV0052,2026-10-02T12:00:00,registered,false,
RG00049,ST0009,EV0053,2026-08-19T01:00:00,no_show,false,
RG00050,ST0009,EV0054,2026-10-16T22:00:00,registered,true,
RG00051,ST0009,EV0105,2026-11-07T15:30:00,registered,false,
RG00052,ST0009,EV0111,2026-11-01T05:30:00,registered,false,
RG00053,ST0009,EV0116,2026-09-10T04:30:00,attended,true,3
RG00054,ST0009,EV0119,2026-10-24T11:30:00,registered,true,
RG00055,ST0009,EV0164,2026-10-09T23:00:00,registered,false,
RG00056,ST0009,EV0279,2026-10-21T09:30:00,registered,false,
RG00057,ST0010,EV0003,2026-09-03T19:00:00,attended,false,5
RG00058,ST0010,EV0009,2026-10-11T10:00:00,registered,true,
RG00059,ST0010,EV0015,2026-10-06T10:30:00,registered,true,
RG00060,ST0010,EV0031,2026-11-19T10:00:00,registered,true,
RG00061,ST0010,EV0032,2026-09-14T11:00:00,attended,false,
RG00062,ST0010,EV0114,2026-08-26T11:00:00,no_show,false,
RG00063,ST0010,EV0128,2026-11-17T08:30:00,registered,false,
RG00064,ST0010,EV0132,2026-09-12T02:30:00,registered,true,
RG00065,ST0010,EV0160,2026-10-26T16:00:00,registered,true,
RG00066,ST0011,EV0050,2026-10-26T00:00:00,registered,true,
RG00067,ST0011,EV0126,2026-08-13T01:00:00,attended,true,3
RG00068,ST0011,EV0200,2026-09-21T10:30:00,registered,true,
RG00069,ST0012,EV0012,2026-09-17T23:00:00,registered,false,
RG00070,ST0012,EV0026,2026-11-12T11:00:00,registered,true,
RG00071,ST0012,EV0049,2026-08-16T02:30:00,attended,true,3
RG00072,ST0012,EV0064,2026-12-07T09:00:00,registered,false,
RG00073,ST0012,EV0170,2026-09-30T18:30:00,registered,true,
RG00074,ST0012,EV0182,2026-08-20T04:30:00,attended,false,3
RG00075,ST0012,EV0186,2026-09-29T13:00:00,registered,false,
RG00076,ST0012,EV0247,2026-09-11T18:00:00,registered,false,
RG00077,ST0012,EV0249,2026-09-09T12:00:00,attended,true,5
RG00078,ST0012,EV0280,2026-09-25T18:30:00,registered,false,
RG00079,ST0013,EV0059,2026-10-27T10:30:00,registered,true,
RG00080,ST0013,EV0173,2026-10-29T05:30:00,registered,false,
RG00081,ST0013,EV0180,2026-10-11T22:30:00,registered,false,
RG00082,ST0013,EV0279,2026-10-22T13:30:00,registered,true,
RG00083,ST0014,EV0002,2026-09-19T09:00:00,registered,false,
RG00084,ST0014,EV0037,2026-09-08T05:00:00,registered,true,
RG00085,ST0014,EV0044,2026-10-17T10:00:00,registered,false,
RG00086,ST0014,EV0129,2026-09-16T12:30:00,no_show,true,
RG00087,ST0014,EV0133,2026-08-22T18:30:00,attended,true,
RG00088,ST0014,EV0262,2026-10-15T07:30:00,registered,true,
RG00089,ST0014,EV0266,2026-08-30T00:30:00,attended,false,5
RG00090,ST0014,EV0268,2026-09-06T03:00:00,attended,true,
RG00091,ST0015,EV0099,2026-10-24T04:00:00,registered,true,
RG00092,ST0015,EV0203,2026-10-20T14:00:00,registered,false,
RG00093,ST0015,EV0235,2026-08-22T00:00:00,no_show,false,
RG00094,ST0016,EV0005,2026-11-04T06:30:00,registered,false,
RG00095,ST0016,EV0111,2026-11-02T04:30:00,registered,true,
RG00096,ST0016,EV0222,2026-11-24T19:30:00,registered,true,
RG00097,ST0016,EV0223,2026-10-18T11:30:00,registered,true,
RG00098,ST0016,EV0226,2026-08-25T06:30:00,attended,false,3
RG00099,ST0016,EV0245,2026-09-29T15:00:00,registered,true,
RG00100,ST0016,EV0246,2026-09-03T11:00:00,attended,true,
RG00101,ST0016,EV0247,2026-09-16T15:00:00,registered,false,
RG00102,ST0017,EV0145,2026-11-15T10:00:00,registered,true,
RG00103,ST0017,EV0174,2026-10-26T06:30:00,registered,false,
RG00104,ST0018,EV0004,2026-10-14T16:00:00,registered,true,
RG00105,ST0018,EV0036,2026-09-29T17:00:00,registered,false,
RG00106,ST0018,EV0120,2026-09-16T01:30:00,registered,false,
RG00107,ST0019,EV0038,2026-09-22T18:30:00,registered,true,
RG00108,ST0019,EV0128,2026-11-21T13:30:00,registered,false,
RG00109,ST0019,EV0183,2026-09-07T13:30:00,attended,true,3
RG00110,ST0019,EV0266,2026-09-01T03:30:00,attended,false,3
RG00111,ST0019,EV0279,2026-10-13T02:30:00,registered,false,
RG00112,ST0020,EV0035,2026-10-24T08:00:00,registered,false,
RG00113,ST0020,EV0036,2026-09-21T12:00:00,registered,false,
RG00114,ST0020,EV0107,2026-09-29T04:30:00,registered,false,
RG00115,ST0020,EV0112,2026-09-23T15:30:00,registered,false,
RG00116,ST0020,EV0113,2026-10-09T10:00:00,registered,false,
RG00117,ST0020,EV0114,2026-08-30T03:00:00,attended,false,3
RG00118,ST0020,EV0127,2026-08-27T02:30:00,attended,false,5
RG00119,ST0020,EV0129,2026-09-14T14:30:00,no_show,true,
RG00120,ST0020,EV0265,2026-08-18T16:30:00,attended,false,
RG00121,ST0021,EV0010,2026-12-08T12:00:00,registered,false,
RG00122,ST0021,EV0021,2026-11-23T07:00:00,registered,true,
RG00123,ST0021,EV0102,2026-10-19T17:30:00,registered,false,
RG00124,ST0021,EV0126,2026-08-22T14:00:00,attended,false,
RG00125,ST0021,EV0134,2026-09-27T17:30:00,registered,true,
RG00126,ST0021,EV0209,2026-11-28T13:30:00,registered,true,
RG00127,ST0022,EV0001,2026-09-24T07:00:00,registered,true,
RG00128,ST0022,EV0077,2026-08-31T22:00:00,attended,true,
RG00129,ST0022,EV0078,2026-11-13T23:00:00,registered,false,
RG00130,ST0022,EV0201,2026-10-28T09:00:00,registered,true,
RG00131,ST0022,EV0203,2026-10-18T12:00:00,registered,false,
RG00132,ST0022,EV0231,2026-12-02T11:00:00,registered,false,
RG00133,ST0023,EV0043,2026-11-29T15:30:00,registered,false,
RG00134,ST0024,EV0024,2026-08-28T06:30:00,attended,false,5
RG00135,ST0024,EV0028,2026-08-29T07:30:00,no_show,true,
RG00136,ST0024,EV0155,2026-09-15T10:30:00,registered,false,
RG00137,ST0025,EV0039,2026-11-14T20:00:00,registered,true,
RG00138,ST0025,EV0044,2026-10-19T05:00:00,registered,false,
RG00139,ST0025,EV0107,2026-09-18T10:30:00,registered,false,
RG00140,ST0025,EV0133,2026-08-23T02:30:00,no_show,false,
RG00141,ST0025,EV0140,2026-09-28T03:30:00,registered,false,
RG00142,ST0025,EV0145,2026-11-16T05:00:00,registered,false,
RG00143,ST0025,EV0267,2026-10-24T05:00:00,registered,false,
RG00144,ST0026,EV0002,2026-09-19T07:00:00,registered,true,
RG00145,ST0026,EV0003,2026-09-11T08:00:00,attended,true,
RG00146,ST0026,EV0019,2026-09-17T18:00:00,registered,true,
RG00147,ST0026,EV0020,2026-10-28T06:00:00,registered,true,
RG00148,ST0026,EV0102,2026-10-19T23:30:00,registered,false,
RG00149,ST0026,EV0104,2026-11-06T00:00:00,registered,true,
RG00150,ST0026,EV0126,2026-08-15T03:00:00,no_show,true,
RG00151,ST0026,EV0276,2026-08-13T09:00:00,attended,true,
RG00152,ST0027,EV0045,2026-11-19T09:00:00,registered,true,
RG00153,ST0027,EV0093,2026-10-05T00:00:00,registered,true,
RG00154,ST0027,EV0151,2026-08-14T05:00:00,attended,true,5
RG00155,ST0027,EV0187,2026-10-22T08:00:00,registered,false,
RG00156,ST0027,EV0249,2026-09-03T18:00:00,attended,false,
RG00157,ST0028,EV0217,2026-10-11T13:30:00,registered,false,
RG00158,ST0029,EV0041,2026-10-04T15:00:00,registered,true,
RG00159,ST0029,EV0271,2026-10-03T16:00:00,registered,false,
RG00160,ST0029,EV0273,2026-11-01T05:30:00,registered,false,
RG00161,ST0030,EV0002,2026-09-23T10:00:00,registered,true,
RG00162,ST0030,EV0085,2026-10-12T10:00:00,registered,true,
RG00163,ST0030,EV0260,2026-09-24T20:00:00,registered,false,
RG00164,ST0031,EV0004,2026-10-13T14:00:00,registered,false,
RG00165,ST0031,EV0068,2026-11-12T00:00:00,registered,false,
RG00166,ST0031,EV0084,2026-09-24T13:00:00,registered,false,
RG00167,ST0031,EV0194,2026-12-06T16:30:00,registered,true,
RG00168,ST0031,EV0196,2026-10-05T10:30:00,registered,false,
RG00169,ST0031,EV0199,2026-11-01T00:30:00,registered,true,
RG00170,ST0031,EV0200,2026-09-23T06:30:00,registered,false,
RG00171,ST0031,EV0272,2026-11-04T09:30:00,registered,true,
RG00172,ST0031,EV0273,2026-11-05T12:30:00,registered,true,
RG00173,ST0032,EV0040,2026-11-05T04:00:00,registered,false,
RG00174,ST0032,EV0089,2026-10-31T06:00:00,registered,false,
RG00175,ST0032,EV0097,2026-10-15T06:00:00,registered,true,
RG00176,ST0032,EV0223,2026-10-21T08:30:00,registered,false,
RG00177,ST0032,EV0225,2026-09-08T01:30:00,no_show,false,
RG00178,ST0032,EV0249,2026-09-06T13:00:00,no_show,false,
RG00179,ST0032,EV0279,2026-10-10T10:30:00,registered,true,
RG00180,ST0033,EV0003,2026-09-14T14:00:00,attended,true,4
RG00181,ST0033,EV0024,2026-08-31T07:30:00,no_show,true,
RG00182,ST0033,EV0048,2026-11-06T06:00:00,registered,false,
RG00183,ST0033,EV0138,2026-08-30T14:30:00,attended,true,3
RG00184,ST0033,EV0273,2026-11-05T08:30:00,registered,false,
RG00185,ST0033,EV0280,2026-09-28T05:30:00,registered,true,
RG00186,ST0034,EV0268,2026-09-07T12:00:00,attended,false,3
RG00187,ST0035,EV0040,2026-11-08T03:00:00,registered,true,
RG00188,ST0035,EV0057,2026-08-23T19:00:00,attended,false,5
RG00189,ST0035,EV0091,2026-11-22T08:30:00,registered,true,
RG00190,ST0035,EV0169,2026-08-16T23:30:00,attended,false,
RG00191,ST0035,EV0184,2026-09-10T18:30:00,registered,false,
RG00192,ST0035,EV0191,2026-11-13T13:00:00,registered,false,
RG00193,ST0035,EV0204,2026-08-23T09:00:00,attended,false,3
RG00194,ST0036,EV0026,2026-11-14T05:00:00,registered,false,
RG00195,ST0036,EV0054,2026-10-28T15:00:00,registered,true,
RG00196,ST0036,EV0181,2026-12-05T07:30:00,registered,false,
RG00197,ST0036,EV0187,2026-10-21T02:00:00,registered,true,
RG00198,ST0036,EV0191,2026-11-11T13:00:00,registered,false,
RG00199,ST0036,EV0220,2026-08-21T13:30:00,no_show,true,
RG00200,ST0036,EV0277,2026-10-31T20:30:00,registered,true,
RG00201,ST0036,EV0279,2026-10-22T00:30:00,registered,false,
RG00202,ST0037,EV0001,2026-09-26T10:00:00,registered,true,
RG00203,ST0037,EV0082,2026-10-13T19:00:00,registered,true,
RG00204,ST0037,EV0084,2026-09-27T03:00:00,registered,true,
RG00205,ST0037,EV0089,2026-11-04T13:00:00,registered,false,
RG00206,ST0037,EV0212,2026-10-22T22:30:00,registered,true,
RG00207,ST0037,EV0241,2026-11-15T10:00:00,registered,false,
RG00208,ST0037,EV0243,2026-10-12T16:00:00,registered,true,
RG00209,ST0038,EV0001,2026-09-22T07:00:00,registered,false,
RG00210,ST0038,EV0059,2026-10-22T18:30:00,registered,false,
RG00211,ST0038,EV0072,2026-09-02T07:30:00,attended,true,
RG00212,ST0038,EV0175,2026-08-12T11:00:00,no_show,false,
RG00213,ST0038,EV0176,2026-10-20T12:00:00,registered,true,
RG00214,ST0038,EV0279,2026-10-17T01:30:00,registered,false,
RG00215,ST0039,EV0046,2026-10-29T02:00:00,registered,true,
RG00216,ST0039,EV0048,2026-11-04T06:00:00,registered,false,
RG00217,ST0039,EV0067,2026-10-17T11:30:00,registered,false,
RG00218,ST0039,EV0188,2026-12-01T02:00:00,registered,false,
RG00219,ST0039,EV0189,2026-09-17T03:00:00,registered,true,
RG00220,ST0039,EV0190,2026-11-29T02:00:00,registered,true,
RG00221,ST0039,EV0191,2026-11-14T07:00:00,registered,false,
RG00222,ST0039,EV0245,2026-09-26T02:00:00,registered,false,
RG00223,ST0039,EV0278,2026-11-25T00:30:00,registered,true,
RG00224,ST0039,EV0279,2026-10-11T02:30:00,registered,false,
RG00225,ST0040,EV0224,2026-08-18T07:30:00,no_show,true,
RG00226,ST0040,EV0226,2026-09-03T23:30:00,attended,true,4
RG00227,ST0040,EV0227,2026-09-13T16:30:00,no_show,true,
RG00228,ST0040,EV0244,2026-09-20T22:00:00,registered,true,
RG00229,ST0040,EV0247,2026-09-19T07:00:00,registered,true,
RG00230,ST0040,EV0250,2026-09-13T09:00:00,registered,true,
RG00231,ST0040,EV0279,2026-10-15T13:30:00,registered,false,
RG00232,ST0040,EV0280,2026-09-18T05:30:00,registered,true,
RG00233,ST0041,EV0009,2026-10-11T05:00:00,registered,false,
RG00234,ST0041,EV0044,2026-10-16T11:00:00,registered,true,
RG00235,ST0041,EV0110,2026-10-13T00:30:00,registered,false,
RG00236,ST0041,EV0115,2026-10-07T06:00:00,registered,false,
RG00237,ST0041,EV0127,2026-08-22T14:30:00,no_show,false,
RG00238,ST0041,EV0131,2026-09-29T08:30:00,registered,true,
RG00239,ST0041,EV0263,2026-11-22T09:30:00,registered,true,
RG00240,ST0041,EV0264,2026-10-13T23:30:00,registered,false,
RG00241,ST0041,EV0276,2026-08-22T10:00:00,attended,false,5
RG00242,ST0041,EV0279,2026-10-09T21:30:00,registered,true,
RG00243,ST0042,EV0090,2026-11-25T15:00:00,registered,true,
RG00244,ST0042,EV0179,2026-11-23T11:30:00,registered,true,
RG00245,ST0042,EV0208,2026-11-02T15:30:00,registered,true,
RG00246,ST0042,EV0210,2026-09-09T15:30:00,registered,false,
RG00247,ST0042,EV0212,2026-10-20T05:30:00,registered,false,
RG00248,ST0042,EV0239,2026-08-24T23:00:00,attended,false,3
RG00249,ST0043,EV0045,2026-11-24T07:00:00,registered,false,
RG00250,ST0044,EV0060,2026-11-16T06:00:00,registered,false,
RG00251,ST0044,EV0143,2026-08-16T02:00:00,attended,false,5
RG00252,ST0044,EV0161,2026-11-21T22:00:00,registered,false,
RG00253,ST0044,EV0268,2026-09-09T07:00:00,attended,true,
RG00254,ST0044,EV0273,2026-11-11T16:30:00,registered,false,
RG00255,ST0044,EV0277,2026-10-19T20:30:00,registered,true,
RG00256,ST0045,EV0210,2026-09-15T13:30:00,registered,false,
RG00257,ST0045,EV0224,2026-08-23T14:30:00,attended,true,
RG00258,ST0045,EV0225,2026-08-28T07:30:00,no_show,true,
RG00259,ST0045,EV0226,2026-09-01T10:30:00,attended,true,5
RG00260,ST0045,EV0227,2026-09-14T03:30:00,attended,true,
RG00261,ST0045,EV0270,2026-11-23T06:00:00,registered,true,
RG00262,ST0045,EV0274,2026-11-10T07:30:00,registered,true,
RG00263,ST0045,EV0279,2026-10-20T15:30:00,registered,true,
RG00264,ST0046,EV0119,2026-10-20T13:30:00,registered,true,
RG00265,ST0046,EV0149,2026-10-22T08:00:00,registered,false,
RG00266,ST0046,EV0169,2026-08-11T02:30:00,no_show,false,
RG00267,ST0046,EV0280,2026-09-24T02:30:00,registered,true,
RG00268,ST0047,EV0018,2026-11-02T21:00:00,registered,false,
RG00269,ST0047,EV0042,2026-11-03T09:30:00,registered,false,
RG00270,ST0047,EV0116,2026-09-09T23:30:00,no_show,true,
RG00271,ST0047,EV0118,2026-10-31T10:30:00,registered,false,
RG00272,ST0047,EV0267,2026-11-04T10:00:00,registered,false,
RG00273,ST0048,EV0060,2026-11-22T00:00:00,registered,true,
RG00274,ST0048,EV0171,2026-09-19T08:30:00,registered,false,
RG00275,ST0048,EV0172,2026-10-14T16:30:00,registered,false,
RG00276,ST0048,EV0173,2026-10-31T16:30:00,registered,false,
RG00277,ST0048,EV0197,2026-11-07T07:30:00,registered,false,
RG00278,ST0048,EV0219,2026-10-17T10:30:00,registered,false,
RG00279,ST0049,EV0030,2026-10-14T09:30:00,registered,true,
RG00280,ST0049,EV0191,2026-11-11T07:00:00,registered,false,
RG00281,ST0049,EV0234,2026-08-28T22:00:00,attended,false,4
RG00282,ST0049,EV0236,2026-10-07T00:00:00,registered,false,
RG00283,ST0050,EV0127,2026-08-28T10:30:00,no_show,false,
RG00284,ST0050,EV0176,2026-10-21T11:00:00,registered,true,
RG00285,ST0050,EV0272,2026-11-10T16:30:00,registered,false,
RG00286,ST0051,EV0007,2026-09-14T06:00:00,registered,true,
RG00287,ST0051,EV0012,2026-09-16T13:00:00,registered,false,
RG00288,ST0051,EV0066,2026-11-03T11:00:00,registered,true,
RG00289,ST0051,EV0167,2026-09-25T14:00:00,registered,false,
RG00290,ST0051,EV0218,2026-11-29T08:30:00,registered,true,
RG00291,ST0051,EV0244,2026-09-21T11:00:00,registered,true,
RG00292,ST0051,EV0247,2026-09-22T17:00:00,registered,true,
RG00293,ST0052,EV0084,2026-09-25T08:00:00,registered,false,
RG00294,ST0052,EV0201,2026-11-07T12:00:00,registered,false,
RG00295,ST0052,EV0202,2026-11-20T16:00:00,registered,true,
RG00296,ST0052,EV0231,2026-12-04T13:00:00,registered,true,
RG00297,ST0052,EV0232,2026-10-24T05:00:00,registered,true,
RG00298,ST0052,EV0239,2026-08-24T23:00:00,no_show,false,
RG00299,ST0052,EV0242,2026-08-18T13:00:00,no_show,false,
RG00300,ST0053,EV0003,2026-09-07T15:00:00,attended,true,3
RG00301,ST0053,EV0018,2026-11-04T11:00:00,registered,false,
RG00302,ST0053,EV0026,2026-11-16T17:00:00,registered,true,
RG00303,ST0053,EV0027,2026-09-29T12:30:00,registered,true,
RG00304,ST0053,EV0067,2026-10-12T05:30:00,registered,true,
RG00305,ST0053,EV0070,2026-10-16T11:00:00,registered,true,
RG00306,ST0053,EV0076,2026-09-21T13:00:00,registered,false,
RG00307,ST0053,EV0137,2026-11-29T02:30:00,registered,false,
RG00308,ST0054,EV0005,2026-11-03T06:30:00,registered,true,
RG00309,ST0054,EV0222,2026-11-29T19:30:00,registered,false,
RG00310,ST0054,EV0225,2026-09-05T09:30:00,no_show,false,
RG00311,ST0054,EV0226,2026-09-06T02:30:00,attended,false,
RG00312,ST0054,EV0244,2026-09-16T16:00:00,registered,false,
RG00313,ST0054,EV0245,2026-10-02T16:00:00,registered,false,
RG00314,ST0054,EV0247,2026-09-13T17:00:00,registered,false,
RG00315,ST0054,EV0274,2026-11-03T19:30:00,registered,false,
RG00316,ST0055,EV0035,2026-10-18T23:00:00,registered,true,
RG00317,ST0055,EV0083,2026-10-04T22:00:00,registered,true,
RG00318,ST0055,EV0103,2026-11-19T10:00:00,registered,true,
RG00319,ST0056,EV0084,2026-09-22T02:00:00,registered,false,
RG00320,ST0056,EV0208,2026-10-28T00:30:00,registered,true,
RG00321,ST0056,EV0261,2026-10-15T22:30:00,registered,false,
RG00322,ST0057,EV0169,2026-08-14T14:30:00,no_show,false,
RG00323,ST0057,EV0236,2026-10-02T22:00:00,registered,true,
RG00324,ST0057,EV0240,2026-09-10T00:00:00,attended,false,
RG00325,ST0058,EV0044,2026-10-09T10:00:00,registered,false,
RG00326,ST0058,EV0099,2026-10-23T00:00:00,registered,false,
RG00327,ST0058,EV0193,2026-08-17T12:00:00,attended,true,5
RG00328,ST0059,EV0014,2026-11-04T23:30:00,registered,true,
RG00329,ST0060,EV0025,2026-10-19T07:30:00,registered,false,
RG00330,ST0060,EV0027,2026-10-06T22:30:00,registered,false,
RG00331,ST0060,EV0059,2026-10-17T04:30:00,registered,false,
RG00332,ST0060,EV0176,2026-10-21T14:00:00,registered,false,
RG00333,ST0060,EV0177,2026-10-31T23:00:00,registered,true,
RG00334,ST0060,EV0178,2026-11-23T23:00:00,registered,false,
RG00335,ST0060,EV0214,2026-11-29T14:30:00,registered,true,
RG00336,ST0060,EV0279,2026-10-12T09:30:00,registered,true,
RG00337,ST0060,EV0280,2026-09-25T07:30:00,registered,false,
RG00338,ST0061,EV0016,2026-09-17T23:00:00,registered,true,
RG00339,ST0061,EV0058,2026-10-12T23:00:00,registered,true,
RG00340,ST0061,EV0095,2026-09-28T01:00:00,registered,true,
RG00341,ST0061,EV0246,2026-09-12T17:00:00,no_show,true,
RG00342,ST0061,EV0248,2026-10-05T01:00:00,registered,false,
RG00343,ST0061,EV0261,2026-10-19T08:30:00,registered,true,
RG00344,ST0062,EV0093,2026-10-06T23:00:00,registered,true,
RG00345,ST0062,EV0129,2026-09-13T02:30:00,attended,true,
RG00346,ST0062,EV0132,2026-09-11T04:30:00,registered,false,
RG00347,ST0062,EV0135,2026-10-17T09:30:00,registered,true,
RG00348,ST0062,EV0190,2026-12-03T00:00:00,registered,true,
RG00349,ST0062,EV0268,2026-09-05T07:00:00,attended,true,3
RG00350,ST0062,EV0273,2026-11-09T07:30:00,registered,false,
RG00351,ST0063,EV0064,2026-12-03T01:00:00,registered,false,
RG00352,ST0063,EV0200,2026-09-27T18:30:00,registered,false,
RG00353,ST0063,EV0272,2026-11-13T19:30:00,registered,true,
RG00354,ST0064,EV0029,2026-09-30T12:00:00,registered,true,
RG00355,ST0064,EV0030,2026-10-18T00:30:00,registered,true,
RG00356,ST0064,EV0127,2026-08-30T16:30:00,attended,false,5
RG00357,ST0064,EV0136,2026-11-08T10:30:00,registered,true,
RG00358,ST0064,EV0195,2026-08-30T16:30:00,attended,true,3
RG00359,ST0064,EV0235,2026-08-27T13:00:00,attended,false,
RG00360,ST0065,EV0064,2026-12-03T13:00:00,registered,false,
RG00361,ST0065,EV0200,2026-09-16T12:30:00,registered,true,
RG00362,ST0066,EV0168,2026-09-14T02:00:00,registered,false,
RG00363,ST0066,EV0169,2026-08-19T23:30:00,attended,false,4
RG00364,ST0066,EV0180,2026-10-10T11:30:00,registered,false,
RG00365,ST0066,EV0181,2026-12-03T07:30:00,registered,false,
RG00366,ST0066,EV0182,2026-08-25T22:30:00,attended,true,5
RG00367,ST0066,EV0185,2026-11-13T05:00:00,registered,false,
RG00368,ST0066,EV0250,2026-09-19T15:00:00,registered,true,
RG00369,ST0067,EV0036,2026-09-22T00:00:00,registered,true,
RG00370,ST0067,EV0043,2026-12-07T10:30:00,registered,false,
RG00371,ST0067,EV0111,2026-11-04T11:30:00,registered,false,
RG00372,ST0067,EV0113,2026-10-11T09:00:00,registered,false,
RG00373,ST0067,EV0128,2026-11-24T14:30:00,registered,true,
RG00374,ST0067,EV0131,2026-09-22T07:30:00,registered,true,
RG00375,ST0067,EV0271,2026-09-27T05:00:00,registered,true,
RG00376,ST0068,EV0073,2026-11-03T06:00:00,registered,false,
RG00377,ST0068,EV0155,2026-09-22T01:30:00,registered,true,
RG00378,ST0068,EV0201,2026-11-04T14:00:00,registered,true,
RG00379,ST0068,EV0230,2026-11-26T08:00:00,registered,true,
RG00380,ST0068,EV0233,2026-11-30T00:00:00,registered,true,
RG00381,ST0068,EV0238,2026-08-21T05:00:00,attended,false,
RG00382,ST0069,EV0084,2026-09-27T22:00:00,registered,true,
RG00383,ST0069,EV0107,2026-09-20T17:30:00,registered,true,
RG00384,ST0069,EV0243,2026-10-15T07:00:00,registered,false,
RG00385,ST0070,EV0004,2026-10-11T07:00:00,registered,false,
RG00386,ST0070,EV0193,2026-08-26T15:00:00,no_show,false,
RG00387,ST0071,EV0112,2026-09-14T10:30:00,registered,false,
RG00388,ST0071,EV0115,2026-10-18T15:00:00,registered,true,
RG00389,ST0072,EV0007,2026-09-21T19:00:00,registered,true,
RG00390,ST0072,EV0012,2026-09-13T05:00:00,registered,false,
RG00391,ST0072,EV0060,2026-11-13T11:00:00,registered,true,
RG00392,ST0072,EV0170,2026-09-19T00:30:00,registered,false,
RG00393,ST0072,EV0173,2026-10-29T16:30:00,registered,false,
RG00394,ST0072,EV0179,2026-11-28T14:30:00,registered,false,
RG00395,ST0072,EV0189,2026-09-20T11:00:00,registered,true,
RG00396,ST0073,EV0001,2026-09-20T03:00:00,registered,false,
RG00397,ST0073,EV0072,2026-09-07T06:30:00,no_show,false,
RG00398,ST0073,EV0089,2026-10-28T01:00:00,registered,true,
RG00399,ST0073,EV0090,2026-11-25T23:00:00,registered,true,
RG00400,ST0073,EV0116,2026-09-17T17:30:00,attended,false,3
RG00401,ST0073,EV0225,2026-09-06T13:30:00,no_show,false,
RG00402,ST0073,EV0232,2026-10-22T05:00:00,registered,true,
RG00403,ST0073,EV0239,2026-08-21T00:00:00,attended,false,4
RG00404,ST0073,EV0240,2026-09-13T01:00:00,no_show,false,
RG00405,ST0073,EV0242,2026-08-16T14:00:00,no_show,true,
RG00406,ST0074,EV0064,2026-12-01T22:00:00,registered,false,
RG00407,ST0074,EV0193,2026-08-16T06:00:00,no_show,true,
RG00408,ST0074,EV0268,2026-09-12T16:00:00,no_show,false,
RG00409,ST0074,EV0272,2026-11-13T08:30:00,registered,false,
RG00410,ST0075,EV0013,2026-09-09T18:00:00,registered,false,
RG00411,ST0075,EV0068,2026-11-05T07:00:00,registered,false,
RG00412,ST0076,EV0013,2026-09-18T15:00:00,registered,true,
RG00413,ST0076,EV0098,2026-09-21T00:00:00,registered,false,
RG00414,ST0076,EV0182,2026-08-18T02:30:00,no_show,false,
RG00415,ST0076,EV0192,2026-11-27T08:00:00,registered,false,
RG00416,ST0076,EV0246,2026-09-05T09:00:00,attended,true,5
RG00417,ST0076,EV0278,2026-11-29T11:30:00,registered,true,
RG00418,ST0076,EV0280,2026-09-28T09:30:00,registered,false,
RG00419,ST0077,EV0046,2026-11-04T02:00:00,registered,true,
RG00420,ST0077,EV0203,2026-10-27T13:00:00,registered,false,
RG00421,ST0077,EV0206,2026-08-22T09:00:00,attended,false,
RG00422,ST0078,EV0005,2026-10-22T14:30:00,registered,false,
RG00423,ST0078,EV0069,2026-11-11T07:30:00,registered,false,
RG00424,ST0078,EV0071,2026-10-17T17:00:00,registered,false,
RG00425,ST0078,EV0077,2026-09-14T05:00:00,attended,true,
RG00426,ST0078,EV0078,2026-11-04T12:00:00,registered,true,
RG00427,ST0078,EV0205,2026-10-08T15:00:00,registered,false,
RG00428,ST0078,EV0234,2026-09-01T15:00:00,attended,false,5
RG00429,ST0078,EV0236,2026-10-03T17:00:00,registered,false,
RG00430,ST0078,EV0237,2026-09-07T14:00:00,no_show,false,
RG00431,ST0079,EV0006,2026-10-18T02:00:00,registered,true,
RG00432,ST0079,EV0016,2026-09-17T05:00:00,registered,false,
RG00433,ST0079,EV0022,2026-09-29T08:00:00,registered,false,
RG00434,ST0079,EV0024,2026-08-23T17:30:00,no_show,false,
RG00435,ST0079,EV0031,2026-11-27T20:00:00,registered,false,
RG00436,ST0079,EV0121,2026-12-02T19:00:00,registered,false,
RG00437,ST0079,EV0140,2026-09-29T08:30:00,registered,false,
RG00438,ST0079,EV0216,2026-11-21T00:30:00,registered,false,
RG00439,ST0079,EV0267,2026-10-24T13:00:00,registered,true,
RG00440,ST0080,EV0056,2026-09-26T09:30:00,registered,false,
RG00441,ST0080,EV0175,2026-08-13T16:00:00,attended,true,3
RG00442,ST0080,EV0178,2026-11-22T23:00:00,registered,true,
RG00443,ST0080,EV0256,2026-11-06T00:00:00,registered,true,
RG00444,ST0080,EV0279,2026-10-20T12:30:00,registered,true,
RG00445,ST0081,EV0127,2026-08-30T09:30:00,no_show,false,
RG00446,ST0081,EV0132,2026-09-16T16:30:00,registered,false,
RG00447,ST0081,EV0150,2026-10-31T17:00:00,registered,false,
RG00448,ST0082,EV0001,2026-09-18T21:00:00,registered,false,
RG00449,ST0082,EV0062,2026-09-13T05:00:00,registered,false,
RG00450,ST0083,EV0005,2026-10-24T04:30:00,registered,true,
RG00451,ST0083,EV0230,2026-12-03T11:00:00,registered,false,
RG00452,ST0083,EV0235,2026-08-20T18:00:00,attended,true,
RG00453,ST0083,EV0236,2026-09-29T06:00:00,registered,false,
RG00454,ST0083,EV0239,2026-08-18T04:00:00,attended,false,
RG00455,ST0084,EV0003,2026-09-04T23:00:00,attended,true,
RG00456,ST0084,EV0048,2026-11-08T09:00:00,registered,true,
RG00457,ST0084,EV0065,2026-08-28T17:00:00,attended,false,
RG00458,ST0084,EV0093,2026-10-09T14:00:00,registered,false,
RG00459,ST0084,EV0094,2026-11-25T08:30:00,registered,false,
RG00460,ST0084,EV0132,2026-09-18T07:30:00,registered,false,
RG00461,ST0084,EV0134,2026-09-30T10:30:00,registered,true,
RG00462,ST0084,EV0148,2026-09-28T14:00:00,registered,false,
RG00463,ST0084,EV0267,2026-10-29T03:00:00,registered,false,
RG00464,ST0085,EV0060,2026-11-23T23:00:00,registered,true,
RG00465,ST0085,EV0141,2026-09-14T07:00:00,registered,true,
RG00466,ST0085,EV0161,2026-11-21T17:00:00,registered,false,
RG00467,ST0085,EV0174,2026-11-04T18:30:00,registered,true,
RG00468,ST0085,EV0195,2026-08-26T16:30:00,no_show,false,
RG00469,ST0085,EV0196,2026-10-05T08:30:00,registered,false,
RG00470,ST0085,EV0275,2026-11-09T20:00:00,registered,false,
RG00471,ST0085,EV0278,2026-11-30T01:30:00,registered,false,
RG00472,ST0086,EV0038,2026-09-24T12:30:00,registered,false,
RG00473,ST0086,EV0272,2026-11-15T19:30:00,registered,false,
RG00474,ST0087,EV0052,2026-09-29T19:00:00,registered,true,
RG00475,ST0087,EV0110,2026-10-21T04:30:00,registered,true,
RG00476,ST0087,EV0112,2026-09-19T00:30:00,registered,false,
RG00477,ST0087,EV0118,2026-10-29T05:30:00,registered,false,
RG00478,ST0087,EV0120,2026-09-16T02:30:00,registered,true,
RG00479,ST0087,EV0145,2026-11-08T04:00:00,registered,true,
RG00480,ST0088,EV0004,2026-10-07T08:00:00,registered,true,
RG00481,ST0088,EV0062,2026-09-14T04:00:00,registered,false,
RG00482,ST0088,EV0191,2026-11-15T07:00:00,registered,false,
RG00483,ST0088,EV0195,2026-08-28T13:30:00,no_show,false,
RG00484,ST0088,EV0198,2026-09-28T07:30:00,registered,false,
RG00485,ST0088,EV0200,2026-09-24T00:30:00,registered,false,
RG00486,ST0088,EV0214,2026-12-05T04:30:00,registered,true,
RG00487,ST0088,EV0267,2026-10-26T23:00:00,registered,false,
RG00488,ST0088,EV0268,2026-09-09T01:00:00,no_show,true,
RG00489,ST0089,EV0222,2026-11-21T05:30:00,registered,false,
RG00490,ST0089,EV0226,2026-09-01T09:30:00,attended,false,
RG00491,ST0089,EV0259,2026-10-04T00:00:00,registered,true,
RG00492,ST0089,EV0260,2026-09-22T12:00:00,registered,true,
RG00493,ST0090,EV0004,2026-10-12T05:00:00,registered,true,
RG00494,ST0090,EV0062,2026-09-19T10:00:00,registered,true,
RG00495,ST0090,EV0125,2026-11-29T00:00:00,registered,true,
RG00496,ST0090,EV0199,2026-11-07T15:30:00,registered,false,
RG00497,ST0090,EV0268,2026-09-10T04:00:00,attended,false,4
RG00498,ST0090,EV0272,2026-11-09T21:30:00,registered,false,
RG00499,ST0090,EV0273,2026-11-12T00:30:00,registered,true,
RG00500,ST0091,EV0042,2026-10-26T10:30:00,registered,true,
RG00501,ST0091,EV0050,2026-10-17T11:00:00,registered,true,
RG00502,ST0091,EV0119,2026-10-29T00:30:00,registered,true,
RG00503,ST0091,EV0201,2026-11-08T09:00:00,registered,false,
RG00504,ST0091,EV0271,2026-09-24T20:00:00,registered,false,
RG00505,ST0092,EV0002,2026-09-17T09:00:00,registered,false,
RG00506,ST0092,EV0064,2026-11-29T18:00:00,registered,false,
RG00507,ST0092,EV0101,2026-11-24T03:00:00,registered,true,
RG00508,ST0092,EV0169,2026-08-15T08:30:00,no_show,true,
RG00509,ST0092,EV0170,2026-09-30T05:30:00,registered,true,
RG00510,ST0092,EV0174,2026-10-30T10:30:00,registered,true,
RG00511,ST0092,EV0185,2026-11-07T19:00:00,registered,false,
RG00512,ST0093,EV0031,2026-11-27T18:00:00,registered,true,
RG00513,ST0093,EV0159,2026-11-27T10:00:00,registered,false,
RG00514,ST0093,EV0163,2026-09-29T00:00:00,registered,false,
RG00515,ST0093,EV0268,2026-09-05T20:00:00,attended,false,4
RG00516,ST0093,EV0273,2026-11-01T09:30:00,registered,true,
RG00517,ST0094,EV0092,2026-11-10T10:00:00,registered,true,
RG00518,ST0094,EV0095,2026-09-28T13:00:00,registered,false,
RG00519,ST0094,EV0096,2026-09-10T12:00:00,registered,false,
RG00520,ST0094,EV0223,2026-10-11T04:30:00,registered,true,
RG00521,ST0094,EV0224,2026-08-22T23:30:00,attended,true,
RG00522,ST0094,EV0248,2026-10-06T02:00:00,registered,false,
RG00523,ST0094,EV0260,2026-09-17T04:00:00,registered,false,
RG00524,ST0094,EV0263,2026-11-21T22:30:00,registered,true,
RG00525,ST0094,EV0280,2026-09-28T16:30:00,registered,false,
RG00526,ST0095,EV0267,2026-11-01T12:00:00,registered,false,
RG00527,ST0095,EV0268,2026-09-04T07:00:00,attended,true,3
RG00528,ST0096,EV0142,2026-09-08T07:00:00,registered,true,
RG00529,ST0096,EV0195,2026-08-26T18:30:00,no_show,false,
RG00530,ST0096,EV0263,2026-11-21T01:30:00,registered,false,
RG00531,ST0096,EV0277,2026-10-31T21:30:00,registered,false,
RG00532,ST0097,EV0003,2026-09-08T23:00:00,attended,true,4
RG00533,ST0097,EV0212,2026-10-24T04:30:00,registered,false,
RG00534,ST0097,EV0221,2026-12-03T02:30:00,registered,true,
RG00535,ST0098,EV0011,2026-10-23T11:00:00,registered,true,
RG00536,ST0098,EV0075,2026-09-22T23:00:00,registered,true,
RG00537,ST0098,EV0090,2026-11-27T14:00:00,registered,false,
RG00538,ST0098,EV0209,2026-12-04T03:30:00,registered,true,
RG00539,ST0098,EV0241,2026-11-19T16:00:00,registered,true,
RG00540,ST0099,EV0064,2026-11-25T08:00:00,registered,false,
RG00541,ST0099,EV0078,2026-11-11T08:00:00,registered,true,
RG00542,ST0099,EV0195,2026-09-02T14:30:00,attended,false,3
RG00543,ST0099,EV0196,2026-10-07T17:30:00,registered,false,
RG00544,ST0099,EV0197,2026-11-06T04:30:00,registered,false,
RG00545,ST0099,EV0200,2026-09-17T03:30:00,registered,true,
RG00546,ST0099,EV0267,2026-10-30T21:00:00,registered,false,
RG00547,ST0099,EV0268,2026-09-04T21:00:00,attended,false,
RG00548,ST0099,EV0272,2026-11-14T23:30:00,registered,true,
RG00549,ST0099,EV0273,2026-11-04T02:30:00,registered,false,
RG00550,ST0100,EV0063,2026-12-05T12:00:00,registered,false,
RG00551,ST0100,EV0069,2026-11-12T07:30:00,registered,true,
RG00552,ST0100,EV0072,2026-09-01T18:30:00,attended,true,
RG00553,ST0100,EV0174,2026-10-23T02:30:00,registered,false,
RG00554,ST0100,EV0201,2026-11-02T12:00:00,registered,false,
RG00555,ST0100,EV0231,2026-11-25T09:00:00,registered,false,
RG00556,ST0100,EV0264,2026-10-17T22:30:00,registered,false,
RG00557,ST0100,EV0280,2026-09-27T04:30:00,registered,false,
RG00558,ST0101,EV0145,2026-11-19T15:00:00,registered,false,
RG00559,ST0101,EV0160,2026-10-26T06:00:00,registered,false,
RG00560,ST0102,EV0003,2026-09-07T20:00:00,attended,true,
RG00561,ST0102,EV0036,2026-09-30T08:00:00,registered,true,
RG00562,ST0102,EV0210,2026-09-09T14:30:00,registered,false,
RG00563,ST0102,EV0235,2026-08-29T18:00:00,attended,true,4
RG00564,ST0102,EV0239,2026-08-29T01:00:00,attended,true,5
RG00565,ST0103,EV0052,2026-10-04T20:00:00,registered,false,
RG00566,ST0103,EV0055,2026-09-16T07:00:00,registered,false,
RG00567,ST0103,EV0111,2026-10-23T04:30:00,registered,false,
RG00568,ST0103,EV0112,2026-09-18T16:30:00,registered,false,
RG00569,ST0103,EV0119,2026-10-20T04:30:00,registered,true,
RG00570,ST0103,EV0120,2026-09-09T13:30:00,registered,false,
RG00571,ST0104,EV0062,2026-09-13T23:00:00,registered,false,
RG00572,ST0104,EV0064,2026-12-03T02:00:00,registered,true,
RG00573,ST0104,EV0186,2026-09-29T06:00:00,registered,false,
RG00574,ST0104,EV0194,2026-12-02T06:30:00,registered,false,
RG00575,ST0104,EV0195,2026-08-30T10:30:00,attended,true,
RG00576,ST0104,EV0197,2026-11-16T11:30:00,registered,true,
RG00577,ST0104,EV0198,2026-09-27T00:30:00,registered,false,
RG00578,ST0104,EV0199,2026-11-08T22:30:00,registered,false,
RG00579,ST0104,EV0268,2026-09-07T05:00:00,attended,false,5
RG00580,ST0105,EV0131,2026-09-21T04:30:00,registered,false,
RG00581,ST0106,EV0100,2026-11-29T05:00:00,registered,false,
RG00582,ST0106,EV0253,2026-09-23T17:30:00,registered,false,
RG00583,ST0106,EV0260,2026-09-20T03:00:00,registered,false,
RG00584,ST0106,EV0261,2026-10-17T06:30:00,registered,false,
RG00585,ST0106,EV0267,2026-11-04T05:00:00,registered,false,
RG00586,ST0106,EV0268,2026-09-05T12:00:00,no_show,false,
RG00587,ST0106,EV0272,2026-11-02T17:30:00,registered,false,
RG00588,ST0106,EV0273,2026-11-04T04:30:00,registered,true,
RG00589,ST0107,EV0065,2026-08-27T07:00:00,no_show,true,
RG00590,ST0107,EV0163,2026-10-05T14:00:00,registered,true,
RG00591,ST0107,EV0223,2026-10-09T10:30:00,registered,false,
RG00592,ST0107,EV0245,2026-10-06T01:00:00,registered,false,
RG00593,ST0107,EV0274,2026-11-05T20:30:00,registered,false,
RG00594,ST0108,EV0180,2026-10-16T06:30:00,registered,false,
RG00595,ST0108,EV0181,2026-12-10T11:30:00,registered,false,
RG00596,ST0108,EV0246,2026-09-04T08:00:00,attended,true,5
RG00597,ST0108,EV0279,2026-10-22T17:30:00,registered,true,
RG00598,ST0109,EV0171,2026-09-11T17:30:00,registered,false,
RG00599,ST0109,EV0191,2026-11-10T04:00:00,registered,false,
RG00600,ST0109,EV0267,2026-11-01T16:00:00,registered,true,
RG00601,ST0109,EV0273,2026-10-30T22:30:00,registered,false,
RG00602,ST0109,EV0277,2026-10-28T16:30:00,registered,false,
RG00603,ST0110,EV0002,2026-09-26T23:00:00,registered,true,
RG00604,ST0110,EV0100,2026-11-23T07:00:00,registered,false,
RG00605,ST0110,EV0252,2026-10-13T18:30:00,registered,false,
RG00606,ST0110,EV0253,2026-09-19T12:30:00,registered,false,
RG00607,ST0110,EV0260,2026-09-20T00:00:00,registered,false,
RG00608,ST0110,EV0261,2026-10-10T16:30:00,registered,true,
RG00609,ST0110,EV0267,2026-10-25T14:00:00,registered,true,
RG00610,ST0110,EV0272,2026-11-03T05:30:00,registered,false,
RG00611,ST0111,EV0002,2026-09-25T02:00:00,registered,true,
RG00612,ST0111,EV0003,2026-09-06T21:00:00,no_show,false,
RG00613,ST0111,EV0034,2026-08-30T00:30:00,attended,true,
RG00614,ST0111,EV0050,2026-10-19T16:00:00,registered,true,
RG00615,ST0111,EV0263,2026-11-27T02:30:00,registered,false,
RG00616,ST0112,EV0005,2026-10-24T22:30:00,registered,true,
RG00617,ST0112,EV0085,2026-10-05T00:00:00,registered,true,
RG00618,ST0112,EV0128,2026-11-16T14:30:00,registered,true,
RG00619,ST0112,EV0202,2026-11-16T01:00:00,registered,false,
RG00620,ST0113,EV0042,2026-10-28T18:30:00,registered,false,
RG00621,ST0113,EV0055,2026-09-13T10:00:00,registered,true,
RG00622,ST0113,EV0086,2026-10-19T07:00:00,registered,true,
RG00623,ST0113,EV0132,2026-09-15T02:30:00,registered,true,
RG00624,ST0114,EV0259,2026-10-10T10:00:00,registered,false,
RG00625,ST0114,EV0261,2026-10-19T11:30:00,registered,false,
RG00626,ST0115,EV0051,2026-11-06T04:00:00,registered,true,
RG00627,ST0115,EV0079,2026-11-16T19:00:00,registered,true,
RG00628,ST0115,EV0221,2026-11-29T00:30:00,registered,true,
RG00629,ST0115,EV0235,2026-08-29T08:00:00,no_show,true,
RG00630,ST0116,EV0029,2026-09-28T12:00:00,registered,true,
RG00631,ST0116,EV0073,2026-11-09T02:00:00,registered,true,
RG00632,ST0116,EV0202,2026-11-12T23:00:00,registered,false,
RG00633,ST0116,EV0204,2026-08-30T00:00:00,no_show,false,
RG00634,ST0116,EV0207,2026-09-15T15:00:00,registered,false,
RG00635,ST0116,EV0238,2026-08-24T10:00:00,attended,true,5
RG00636,ST0116,EV0239,2026-08-30T05:00:00,attended,true,5
RG00637,ST0116,EV0243,2026-10-12T16:00:00,registered,true,
RG00638,ST0117,EV0002,2026-09-28T10:00:00,registered,false,
RG00639,ST0117,EV0018,2026-11-09T12:00:00,registered,false,
RG00640,ST0117,EV0024,2026-08-23T18:30:00,attended,false,5
RG00641,ST0117,EV0030,2026-10-10T02:30:00,registered,false,
RG00642,ST0117,EV0103,2026-11-15T22:00:00,registered,false,
RG00643,ST0117,EV0179,2026-11-25T00:30:00,registered,true,
RG00644,ST0117,EV0268,2026-09-09T10:00:00,attended,false,3
RG00645,ST0118,EV0007,2026-09-11T06:00:00,registered,false,
RG00646,ST0118,EV0019,2026-09-14T23:00:00,registered,false,
RG00647,ST0118,EV0067,2026-10-11T22:30:00,registered,true,
RG00648,ST0118,EV0224,2026-08-19T01:30:00,no_show,false,
RG00649,ST0119,EV0164,2026-10-08T06:00:00,registered,false,
RG00650,ST0119,EV0165,2026-09-30T11:00:00,registered,false,
RG00651,ST0119,EV0186,2026-09-27T04:00:00,registered,true,
RG00652,ST0120,EV0096,2026-09-10T20:00:00,registered,false,
RG00653,ST0120,EV0141,2026-09-11T05:00:00,registered,false,
RG00654,ST0120,EV0223,2026-10-14T14:30:00,registered,false,
RG00655,ST0120,EV0244,2026-09-22T09:00:00,registered,true,
RG00656,ST0120,EV0250,2026-09-21T02:00:00,registered,true,
RG00657,ST0120,EV0280,2026-09-19T00:30:00,registered,true,
RG00658,ST0121,EV0028,2026-09-10T14:30:00,no_show,false,
RG00659,ST0121,EV0029,2026-09-25T09:00:00,registered,false,
RG00660,ST0121,EV0124,2026-09-09T13:00:00,registered,false,
RG00661,ST0121,EV0135,2026-10-24T06:30:00,registered,false,
RG00662,ST0122,EV0062,2026-09-09T23:00:00,registered,false,
RG00663,ST0122,EV0194,2026-12-05T09:30:00,registered,true,
RG00664,ST0122,EV0195,2026-09-05T13:30:00,attended,true,5
RG00665,ST0122,EV0197,2026-11-04T14:30:00,registered,false,
RG00666,ST0122,EV0200,2026-09-26T08:30:00,registered,false,
RG00667,ST0122,EV0267,2026-10-23T00:00:00,registered,false,
RG00668,ST0122,EV0273,2026-11-01T16:30:00,registered,false,
RG00669,ST0123,EV0024,2026-08-25T08:30:00,attended,true,5
RG00670,ST0123,EV0026,2026-11-23T18:00:00,registered,false,
RG00671,ST0123,EV0136,2026-11-04T07:30:00,registered,true,
RG00672,ST0123,EV0160,2026-10-17T04:00:00,registered,true,
RG00673,ST0123,EV0267,2026-11-03T06:00:00,registered,false,
RG00674,ST0124,EV0203,2026-10-20T01:00:00,registered,true,
RG00675,ST0124,EV0226,2026-08-30T19:30:00,attended,false,
RG00676,ST0124,EV0228,2026-09-01T05:00:00,attended,true,3
RG00677,ST0124,EV0229,2026-08-30T06:00:00,attended,false,5
RG00678,ST0124,EV0243,2026-10-06T01:00:00,registered,true,
RG00679,ST0125,EV0001,2026-09-15T15:00:00,registered,false,
RG00680,ST0125,EV0064,2026-12-08T14:00:00,registered,false,
RG00681,ST0125,EV0065,2026-08-30T21:00:00,no_show,false,
RG00682,ST0125,EV0179,2026-12-01T04:30:00,registered,false,
RG00683,ST0125,EV0189,2026-09-19T04:00:00,registered,true,
RG00684,ST0126,EV0130,2026-10-28T12:30:00,registered,false,
RG00685,ST0126,EV0131,2026-09-27T08:30:00,registered,false,
RG00686,ST0126,EV0132,2026-09-21T13:30:00,registered,true,
RG00687,ST0126,EV0134,2026-09-23T04:30:00,registered,false,
RG00688,ST0126,EV0136,2026-11-04T12:30:00,registered,true,
RG00689,ST0126,EV0146,2026-10-26T05:00:00,registered,false,
RG00690,ST0126,EV0149,2026-10-23T18:00:00,registered,true,
RG00691,ST0126,EV0272,2026-11-11T18:30:00,registered,false,
RG00692,ST0126,EV0273,2026-10-30T04:30:00,registered,false,
RG00693,ST0127,EV0014,2026-11-03T05:30:00,registered,true,
RG00694,ST0127,EV0098,2026-09-28T07:00:00,registered,true,
RG00695,ST0127,EV0099,2026-10-28T11:00:00,registered,false,
RG00696,ST0127,EV0179,2026-11-29T22:30:00,registered,true,
RG00697,ST0127,EV0231,2026-12-05T12:00:00,registered,true,
RG00698,ST0128,EV0229,2026-08-25T08:00:00,no_show,false,
RG00699,ST0128,EV0234,2026-09-06T10:00:00,attended,true,4
RG00700,ST0129,EV0041,2026-10-03T12:00:00,registered,true,
RG00701,ST0129,EV0079,2026-11-14T21:00:00,registered,false,
RG00702,ST0129,EV0224,2026-08-21T23:30:00,attended,false,4
RG00703,ST0130,EV0023,2026-11-08T06:00:00,registered,true,
RG00704,ST0130,EV0123,2026-11-17T08:00:00,registered,true,
RG00705,ST0130,EV0219,2026-10-13T00:30:00,registered,true,
RG00706,ST0130,EV0262,2026-10-13T01:30:00,registered,true,
RG00707,ST0131,EV0038,2026-09-27T22:30:00,registered,true,
RG00708,ST0131,EV0106,2026-10-09T01:30:00,registered,false,
RG00709,ST0132,EV0072,2026-08-28T10:30:00,no_show,true,
RG00710,ST0132,EV0082,2026-10-15T12:00:00,registered,true,
RG00711,ST0132,EV0231,2026-12-04T22:00:00,registered,false,
RG00712,ST0133,EV0016,2026-09-30T09:00:00,registered,false,
RG00713,ST0133,EV0090,2026-11-17T23:00:00,registered,false,
RG00714,ST0133,EV0198,2026-09-25T07:30:00,registered,false,
RG00715,ST0133,EV0238,2026-08-27T08:00:00,attended,false,5
RG00716,ST0134,EV0163,2026-10-08T07:00:00,registered,false,
RG00717,ST0134,EV0180,2026-10-15T03:30:00,registered,false,
RG00718,ST0134,EV0276,2026-08-16T23:00:00,no_show,false,
RG00719,ST0135,EV0056,2026-09-29T09:30:00,registered,true,
RG00720,ST0135,EV0071,2026-10-11T02:00:00,registered,true,
RG00721,ST0135,EV0158,2026-09-25T02:30:00,registered,false,
RG00722,ST0135,EV0166,2026-10-05T04:00:00,registered,false,
RG00723,ST0135,EV0193,2026-08-19T13:00:00,attended,true,5
RG00724,ST0135,EV0231,2026-12-01T22:00:00,registered,false,
RG00725,ST0135,EV0265,2026-08-29T16:30:00,attended,false,
RG00726,ST0136,EV0051,2026-11-01T23:00:00,registered,false,
RG00727,ST0136,EV0052,2026-09-27T09:00:00,registered,false,
RG00728,ST0136,EV0053,2026-08-17T03:00:00,attended,true,4
RG00729,ST0136,EV0054,2026-10-22T11:00:00,registered,true,
RG00730,ST0136,EV0055,2026-09-14T02:00:00,registered,true,
RG00731,ST0136,EV0110,2026-10-14T06:30:00,registered,false,
RG00732,ST0136,EV0112,2026-09-13T23:30:00,registered,false,
RG00733,ST0136,EV0116,2026-09-07T01:30:00,no_show,true,
RG00734,ST0136,EV0120,2026-09-14T23:30:00,registered,true,
RG00735,ST0137,EV0026,2026-11-20T04:00:00,registered,true,
RG00736,ST0137,EV0074,2026-11-15T10:00:00,registered,true,
RG00737,ST0137,EV0093,2026-10-01T16:00:00,registered,true,
RG00738,ST0137,EV0100,2026-11-28T00:00:00,registered,false,
RG00739,ST0137,EV0183,2026-08-27T09:30:00,no_show,true,
RG00740,ST0137,EV0187,2026-10-18T09:00:00,registered,false,
RG00741,ST0137,EV0190,2026-12-08T02:00:00,registered,false,
RG00742,ST0137,EV0192,2026-12-03T07:00:00,registered,true,
RG00743,ST0138,EV0015,2026-09-25T18:30:00,registered,false,
RG00744,ST0138,EV0188,2026-11-24T04:00:00,registered,false,
RG00745,ST0138,EV0201,2026-11-07T03:00:00,registered,true,
RG00746,ST0138,EV0228,2026-09-07T00:00:00,attended,false,
RG00747,ST0138,EV0233,2026-11-24T03:00:00,registered,true,
RG00748,ST0138,EV0238,2026-08-20T23:00:00,attended,true,4
RG00749,ST0138,EV0243,2026-10-06T11:00:00,registered,true,
RG00750,ST0139,EV0014,2026-10-27T02:30:00,registered,true,
RG00751,ST0139,EV0064,2026-12-03T07:00:00,registered,true,
RG00752,ST0139,EV0166,2026-10-04T00:00:00,registered,false,
RG00753,ST0139,EV0183,2026-08-27T09:30:00,attended,false,3
RG00754,ST0139,EV0212,2026-10-24T02:30:00,registered,true,
RG00755,ST0139,EV0238,2026-09-03T03:00:00,attended,true,5
RG00756,ST0139,EV0249,2026-09-07T14:00:00,attended,false,
RG00757,ST0140,EV0194,2026-12-06T11:30:00,registered,false,
RG00758,ST0140,EV0199,2026-11-10T06:30:00,registered,false,
RG00759,ST0140,EV0200,2026-09-23T11:30:00,registered,true,
RG00760,ST0141,EV0065,2026-09-03T08:00:00,attended,false,3
RG00761,ST0141,EV0131,2026-09-20T03:30:00,registered,true,
RG00762,ST0141,EV0182,2026-08-21T11:30:00,no_show,false,
RG00763,ST0141,EV0190,2026-12-03T15:00:00,registered,false,
RG00764,ST0141,EV0279,2026-10-12T04:30:00,registered,true,
RG00765,ST0142,EV0149,2026-10-28T09:00:00,registered,false,
RG00766,ST0143,EV0022,2026-09-28T15:00:00,registered,false,
RG00767,ST0143,EV0024,2026-08-25T22:30:00,attended,true,5
RG00768,ST0143,EV0137,2026-11-29T18:30:00,registered,false,
RG00769,ST0143,EV0138,2026-09-08T15:30:00,no_show,false,
RG00770,ST0143,EV0139,2026-10-17T02:30:00,registered,false,
RG00771,ST0143,EV0268,2026-09-02T01:00:00,attended,true,
RG00772,ST0143,EV0273,2026-10-30T10:30:00,registered,true,
RG00773,ST0143,EV0278,2026-11-30T10:30:00,registered,true,
RG00774,ST0144,EV0173,2026-10-22T16:30:00,registered,false,
RG00775,ST0145,EV0019,2026-09-25T17:00:00,registered,false,
RG00776,ST0145,EV0141,2026-09-15T02:00:00,registered,false,
RG00777,ST0145,EV0228,2026-08-29T13:00:00,attended,false,
RG00778,ST0146,EV0004,2026-10-08T15:00:00,registered,false,
RG00779,ST0146,EV0064,2026-12-03T01:00:00,registered,false,
RG00780,ST0146,EV0152,2026-09-10T14:30:00,registered,true,
RG00781,ST0146,EV0194,2026-12-05T10:30:00,registered,false,
RG00782,ST0146,EV0195,2026-08-26T03:30:00,no_show,false,
RG00783,ST0146,EV0196,2026-10-04T14:30:00,registered,true,
RG00784,ST0146,EV0200,2026-09-18T07:30:00,registered,true,
RG00785,ST0146,EV0253,2026-09-17T08:30:00,registered,true,
RG00786,ST0146,EV0273,2026-10-30T16:30:00,registered,false,
RG00787,ST0147,EV0047,2026-09-03T15:30:00,attended,true,
RG00788,ST0147,EV0095,2026-09-25T10:00:00,registered,false,
RG00789,ST0147,EV0225,2026-09-06T14:30:00,attended,false,5
RG00790,ST0147,EV0226,2026-08-31T17:30:00,no_show,true,
RG00791,ST0147,EV0245,2026-10-01T09:00:00,registered,false,
RG00792,ST0147,EV0260,2026-09-17T04:00:00,registered,false,
RG00793,ST0147,EV0280,2026-09-28T19:30:00,registered,false,
RG00794,ST0148,EV0162,2026-12-02T17:00:00,registered,true,
RG00795,ST0148,EV0191,2026-11-10T10:00:00,registered,true,
RG00796,ST0148,EV0198,2026-09-14T22:30:00,registered,true,
RG00797,ST0148,EV0199,2026-11-11T05:30:00,registered,false,
RG00798,ST0149,EV0015,2026-09-24T17:30:00,registered,true,
RG00799,ST0149,EV0244,2026-09-24T02:00:00,registered,false,
RG00800,ST0150,EV0078,2026-11-09T04:00:00,registered,false,
RG00801,ST0150,EV0080,2026-11-27T02:00:00,registered,true,
RG00802,ST0150,EV0164,2026-10-13T15:00:00,registered,true,
RG00803,ST0150,EV0237,2026-09-08T06:00:00,attended,true,3
RG00804,ST0150,EV0238,2026-09-03T07:00:00,no_show,true,
RG00805,ST0150,EV0240,2026-09-06T12:00:00,attended,false,
RG00806,ST0150,EV0243,2026-10-06T16:00:00,registered,true,
RG00807,ST0151,EV0002,2026-09-19T20:00:00,registered,false,
RG00808,ST0151,EV0030,2026-10-20T02:30:00,registered,false,
RG00809,ST0151,EV0100,2026-11-20T05:00:00,registered,true,
RG00810,ST0151,EV0103,2026-11-12T13:00:00,registered,true,
RG00811,ST0151,EV0129,2026-09-06T07:30:00,attended,false,5
RG00812,ST0151,EV0252,2026-10-18T15:30:00,registered,false,
RG00813,ST0151,EV0253,2026-09-16T13:30:00,registered,false,
RG00814,ST0151,EV0260,2026-09-29T03:00:00,registered,false,
RG00815,ST0151,EV0267,2026-10-31T06:00:00,registered,true,
RG00816,ST0151,EV0272,2026-11-13T17:30:00,registered,false,
RG00817,ST0152,EV0043,2026-12-01T18:30:00,registered,false,
RG00818,ST0152,EV0050,2026-10-14T01:00:00,registered,true,
RG00819,ST0152,EV0105,2026-11-09T01:30:00,registered,false,
RG00820,ST0152,EV0108,2026-09-29T02:30:00,registered,false,
RG00821,ST0152,EV0118,2026-11-08T12:30:00,registered,false,
RG00822,ST0152,EV0263,2026-11-26T06:30:00,registered,false,
RG00823,ST0153,EV0001,2026-09-15T00:00:00,registered,false,
RG00824,ST0153,EV0007,2026-09-16T00:00:00,registered,true,
RG00825,ST0153,EV0026,2026-11-17T20:00:00,registered,true,
RG00826,ST0153,EV0046,2026-11-05T12:00:00,registered,false,
RG00827,ST0153,EV0180,2026-10-09T17:30:00,registered,true,
RG00828,ST0153,EV0185,2026-11-05T19:00:00,registered,true,
RG00829,ST0153,EV0249,2026-09-04T04:00:00,attended,false,4
RG00830,ST0154,EV0098,2026-09-26T20:00:00,registered,false,
RG00831,ST0155,EV0026,2026-11-20T22:00:00,registered,false,
RG00832,ST0155,EV0043,2026-11-29T15:30:00,registered,true,
RG00833,ST0155,EV0077,2026-09-08T21:00:00,no_show,false,
RG00834,ST0156,EV0247,2026-09-21T16:00:00,registered,false,
RG00835,ST0156,EV0260,2026-09-26T08:00:00,registered,false,
RG00836,ST0156,EV0275,2026-11-03T00:00:00,registered,true,
RG00837,ST0156,EV0279,2026-10-18T04:30:00,registered,true,
RG00838,ST0157,EV0108,2026-09-23T19:30:00,registered,true,
RG00839,ST0157,EV0133,2026-08-15T16:30:00,no_show,true,
RG00840,ST0157,EV0180,2026-10-10T18:30:00,registered,false,
RG00841,ST0157,EV0252,2026-10-21T06:30:00,registered,false,
RG00842,ST0157,EV0262,2026-10-13T15:30:00,registered,false,
RG00843,ST0158,EV0051,2026-11-05T00:00:00,registered,false,
RG00844,ST0158,EV0052,2026-09-24T22:00:00,registered,true,
RG00845,ST0158,EV0111,2026-10-30T17:30:00,registered,true,
RG00846,ST0158,EV0117,2026-11-23T06:30:00,registered,false,
RG00847,ST0158,EV0172,2026-10-13T14:30:00,registered,false,
RG00848,ST0158,EV0280,2026-09-28T00:30:00,registered,false,
RG00849,ST0159,EV0001,2026-09-19T07:00:00,registered,true,
RG00850,ST0159,EV0003,2026-09-07T02:00:00,attended,true,3
RG00851,ST0159,EV0081,2026-09-24T19:00:00,registered,true,
RG00852,ST0159,EV0157,2026-09-13T17:30:00,attended,false,
RG00853,ST0159,EV0162,2026-11-28T02:00:00,registered,false,
RG00854,ST0159,EV0278,2026-12-02T15:30:00,registered,true,
RG00855,ST0160,EV0075,2026-09-23T14:00:00,registered,false,
RG00856,ST0160,EV0076,2026-09-12T04:00:00,registered,true,
RG00857,ST0160,EV0082,2026-10-25T00:00:00,registered,false,
RG00858,ST0160,EV0210,2026-09-16T04:30:00,registered,false,
RG00859,ST0160,EV0234,2026-09-06T13:00:00,attended,false,
RG00860,ST0160,EV0241,2026-11-21T08:00:00,registered,false,
RG00861,ST0160,EV0243,2026-10-13T02:00:00,registered,false,
RG00862,ST0161,EV0034,2026-08-28T22:30:00,attended,false,5
RG00863,ST0161,EV0040,2026-11-04T23:00:00,registered,false,
RG00864,ST0161,EV0042,2026-11-05T02:30:00,registered,false,
RG00865,ST0161,EV0043,2026-12-04T00:30:00,registered,true,
RG00866,ST0161,EV0107,2026-09-24T02:30:00,registered,false,
RG00867,ST0161,EV0262,2026-10-17T00:30:00,registered,false,
RG00868,ST0162,EV0001,2026-09-18T09:00:00,registered,false,
RG00869,ST0162,EV0055,2026-09-23T10:00:00,registered,true,
RG00870,ST0162,EV0081,2026-09-30T07:00:00,registered,true,
RG00871,ST0162,EV0175,2026-08-19T04:00:00,attended,true,4
RG00872,ST0162,EV0242,2026-08-18T01:00:00,attended,true,3
RG00873,ST0163,EV0002,2026-09-25T16:00:00,registered,false,
RG00874,ST0163,EV0003,2026-09-07T21:00:00,attended,true,3
RG00875,ST0163,EV0019,2026-09-20T10:00:00,registered,false,
RG00876,ST0163,EV0023,2026-10-30T15:00:00,registered,false,
RG00877,ST0163,EV0048,2026-11-09T16:00:00,registered,false,
RG00878,ST0163,EV0061,2026-08-19T21:00:00,attended,true,5
RG00879,ST0163,EV0092,2026-11-14T08:00:00,registered,true,
RG00880,ST0163,EV0122,2026-08-24T13:00:00,attended,false,
RG00881,ST0163,EV0241,2026-11-12T05:00:00,registered,false,
RG00882,ST0164,EV0002,2026-09-21T08:00:00,registered,true,
RG00883,ST0164,EV0003,2026-09-04T00:00:00,no_show,false,
RG00884,ST0164,EV0036,2026-09-22T13:00:00,registered,true,
RG00885,ST0164,EV0068,2026-11-05T18:00:00,registered,true,
RG00886,ST0164,EV0112,2026-09-23T02:30:00,registered,true,
RG00887,ST0164,EV0132,2026-09-17T09:30:00,registered,false,
RG00888,ST0164,EV0135,2026-10-17T18:30:00,registered,true,
RG00889,ST0164,EV0263,2026-11-16T01:30:00,registered,false,
RG00890,ST0164,EV0276,2026-08-18T05:00:00,attended,false,3
RG00891,ST0165,EV0042,2026-11-01T22:30:00,registered,false,
RG00892,ST0165,EV0081,2026-10-06T21:00:00,registered,false,
RG00893,ST0165,EV0106,2026-10-21T10:30:00,registered,false,
RG00894,ST0165,EV0107,2026-09-18T08:30:00,registered,false,
RG00895,ST0165,EV0109,2026-09-04T14:30:00,attended,true,
RG00896,ST0165,EV0111,2026-10-29T23:30:00,registered,true,
RG00897,ST0166,EV0065,2026-08-21T20:00:00,attended,false,
RG00898,ST0166,EV0208,2026-10-28T07:30:00,registered,false,
RG00899,ST0166,EV0228,2026-09-01T05:00:00,attended,false,3
RG00900,ST0166,EV0260,2026-09-18T06:00:00,registered,true,
RG00901,ST0167,EV0001,2026-09-19T03:00:00,registered,false,
RG00902,ST0167,EV0008,2026-08-27T02:00:00,attended,false,5
RG00903,ST0167,EV0027,2026-10-03T06:30:00,registered,false,
RG00904,ST0167,EV0118,2026-11-08T01:30:00,registered,true,
RG00905,ST0167,EV0161,2026-11-13T14:00:00,registered,false,
RG00906,ST0167,EV0176,2026-10-27T07:00:00,registered,false,
RG00907,ST0167,EV0177,2026-11-08T18:00:00,registered,true,
RG00908,ST0167,EV0178,2026-11-21T17:00:00,registered,true,
RG00909,ST0167,EV0279,2026-10-09T14:30:00,registered,true,
RG00910,ST0168,EV0019,2026-09-19T06:00:00,registered,false,
RG00911,ST0168,EV0043,2026-12-01T16:30:00,registered,true,
RG00912,ST0168,EV0113,2026-10-19T08:00:00,registered,true,
RG00913,ST0168,EV0114,2026-09-02T07:00:00,no_show,false,
RG00914,ST0168,EV0131,2026-09-29T08:30:00,registered,false,
RG00915,ST0168,EV0262,2026-10-16T00:30:00,registered,true,
RG00916,ST0168,EV0270,2026-11-18T20:00:00,registered,true,
RG00917,ST0168,EV0279,2026-10-20T01:30:00,registered,false,
RG00918,ST0169,EV0041,2026-10-02T10:00:00,registered,true,
RG00919,ST0169,EV0066,2026-11-04T13:00:00,registered,false,
RG00920,ST0169,EV0167,2026-09-29T01:00:00,registered,true,
RG00921,ST0169,EV0172,2026-10-18T23:30:00,registered,false,
RG00922,ST0169,EV0183,2026-09-08T05:30:00,attended,true,3
RG00923,ST0169,EV0188,2026-11-27T19:00:00,registered,false,
RG00924,ST0170,EV0002,2026-09-25T05:00:00,registered,true,
RG00925,ST0170,EV0014,2026-11-03T23:30:00,registered,true,
RG00926,ST0170,EV0022,2026-10-05T03:00:00,registered,false,
RG00927,ST0170,EV0125,2026-11-19T23:00:00,registered,true,
RG00928,ST0171,EV0017,2026-08-26T11:30:00,attended,true,
RG00929,ST0171,EV0138,2026-09-08T06:30:00,attended,true,5
RG00930,ST0171,EV0140,2026-09-21T08:30:00,registered,false,
RG00931,ST0171,EV0160,2026-10-23T11:00:00,registered,false,
RG00932,ST0171,EV0182,2026-08-24T10:30:00,attended,false,
RG00933,ST0171,EV0241,2026-11-20T19:00:00,registered,true,
RG00934,ST0172,EV0001,2026-09-28T10:00:00,registered,false,
RG00935,ST0172,EV0234,2026-09-01T13:00:00,attended,true,
RG00936,ST0172,EV0260,2026-09-27T10:00:00,registered,false,
RG00937,ST0173,EV0107,2026-09-18T16:30:00,registered,false,
RG00938,ST0173,EV0113,2026-10-11T02:00:00,registered,true,
RG00939,ST0173,EV0115,2026-10-19T17:00:00,registered,true,
RG00940,ST0173,EV0132,2026-09-11T06:30:00,registered,true,
RG00941,ST0173,EV0160,2026-10-27T07:00:00,registered,false,
RG00942,ST0173,EV0253,2026-09-20T14:30:00,registered,false,
RG00943,ST0173,EV0263,2026-11-24T07:30:00,registered,true,
RG00944,ST0173,EV0264,2026-10-17T16:30:00,registered,false,
RG00945,ST0173,EV0279,2026-10-17T04:30:00,registered,true,
RG00946,ST0174,EV0021,2026-11-25T08:00:00,registered,false,
RG00947,ST0174,EV0041,2026-09-26T04:00:00,registered,false,
RG00948,ST0174,EV0112,2026-09-23T12:30:00,registered,true,
RG00949,ST0174,EV0128,2026-11-26T18:30:00,registered,false,
RG00950,ST0174,EV0130,2026-10-28T04:30:00,registered,true,
RG00951,ST0174,EV0271,2026-10-04T07:00:00,registered,false,
RG00952,ST0174,EV0276,2026-08-19T01:00:00,attended,true,
RG00953,ST0175,EV0022,2026-09-27T08:00:00,registered,true,
RG00954,ST0175,EV0027,2026-10-10T00:30:00,registered,true,
RG00955,ST0175,EV0067,2026-10-12T03:30:00,registered,true,
RG00956,ST0175,EV0106,2026-10-22T11:30:00,registered,false,
RG00957,ST0175,EV0112,2026-09-17T07:30:00,registered,true,
RG00958,ST0175,EV0273,2026-11-08T16:30:00,registered,true,
RG00959,ST0175,EV0277,2026-10-24T18:30:00,registered,true,
RG00960,ST0175,EV0278,2026-11-29T01:30:00,registered,false,
RG00961,ST0175,EV0280,2026-09-20T08:30:00,registered,false,
RG00962,ST0176,EV0078,2026-11-06T22:00:00,registered,false,
RG00963,ST0176,EV0090,2026-11-18T01:00:00,registered,false,
RG00964,ST0176,EV0093,2026-10-03T12:00:00,registered,false,
RG00965,ST0176,EV0130,2026-10-28T10:30:00,registered,false,
RG00966,ST0176,EV0132,2026-09-23T03:30:00,registered,false,
RG00967,ST0176,EV0151,2026-08-22T00:00:00,attended,true,3
RG00968,ST0176,EV0272,2026-11-11T20:30:00,registered,true,
RG00969,ST0177,EV0001,2026-09-22T01:00:00,registered,true,
RG00970,ST0177,EV0100,2026-11-18T12:00:00,registered,true,
RG00971,ST0177,EV0261,2026-10-06T02:30:00,registered,true,
RG00972,ST0178,EV0051,2026-11-01T19:00:00,registered,true,
RG00973,ST0178,EV0053,2026-08-23T21:00:00,attended,true,5
RG00974,ST0178,EV0055,2026-09-11T23:00:00,registered,false,
RG00975,ST0178,EV0110,2026-10-21T03:30:00,registered,false,
RG00976,ST0178,EV0111,2026-11-03T23:30:00,registered,false,
RG00977,ST0178,EV0119,2026-10-23T11:30:00,registered,true,
RG00978,ST0178,EV0120,2026-09-09T12:30:00,registered,true,
RG00979,ST0179,EV0180,2026-10-07T08:30:00,registered,true,
RG00980,ST0180,EV0170,2026-09-23T02:30:00,registered,true,
RG00981,ST0180,EV0238,2026-08-25T16:00:00,no_show,false,
RG00982,ST0181,EV0242,2026-08-10T12:00:00,no_show,false,
RG00983,ST0182,EV0037,2026-09-11T03:00:00,registered,false,
RG00984,ST0182,EV0079,2026-11-12T00:00:00,registered,true,
RG00985,ST0182,EV0109,2026-09-06T01:30:00,attended,true,4
RG00986,ST0182,EV0263,2026-11-26T22:30:00,registered,true,
RG00987,ST0183,EV0098,2026-09-29T08:00:00,registered,true,
RG00988,ST0183,EV0222,2026-11-27T23:30:00,registered,false,
RG00989,ST0183,EV0225,2026-09-06T08:30:00,attended,false,5
RG00990,ST0183,EV0252,2026-10-21T04:30:00,registered,false,
RG00991,ST0183,EV0261,2026-10-17T03:30:00,registered,false,
RG00992,ST0184,EV0100,2026-11-20T09:00:00,registered,true,
RG00993,ST0184,EV0103,2026-11-15T00:00:00,registered,false,
RG00994,ST0184,EV0260,2026-09-17T12:00:00,registered,false,
RG00995,ST0184,EV0261,2026-10-16T22:30:00,registered,false,
RG00996,ST0184,EV0267,2026-10-28T01:00:00,registered,true,
RG00997,ST0184,EV0268,2026-09-05T13:00:00,attended,false,3
RG00998,ST0184,EV0273,2026-11-05T11:30:00,registered,false,
RG00999,ST0185,EV0092,2026-11-16T20:00:00,registered,false,
RG01000,ST0185,EV0105,2026-11-09T11:30:00,registered,false,
RG01001,ST0185,EV0135,2026-10-23T12:30:00,registered,false,
RG01002,ST0185,EV0155,2026-09-12T17:30:00,registered,false,
RG01003,ST0185,EV0156,2026-08-15T09:30:00,attended,false,5
RG01004,ST0185,EV0158,2026-09-29T19:30:00,registered,true,
RG01005,ST0186,EV0161,2026-11-14T17:00:00,registered,false,
RG01006,ST0186,EV0216,2026-11-17T04:30:00,registered,false,
RG01007,ST0187,EV0032,2026-09-14T07:00:00,attended,true,
RG01008,ST0187,EV0135,2026-10-17T11:30:00,registered,true,
RG01009,ST0187,EV0160,2026-10-17T05:00:00,registered,true,
RG01010,ST0187,EV0161,2026-11-12T13:00:00,registered,false,
RG01011,ST0187,EV0267,2026-11-01T00:00:00,registered,true,
RG01012,ST0187,EV0272,2026-11-07T12:30:00,registered,true,
RG01013,ST0187,EV0276,2026-08-19T06:00:00,attended,true,5
RG01014,ST0188,EV0008,2026-09-01T12:00:00,attended,false,4
RG01015,ST0188,EV0109,2026-09-15T18:30:00,no_show,false,
RG01016,ST0188,EV0270,2026-11-15T14:00:00,registered,false,
RG01017,ST0188,EV0279,2026-10-14T23:30:00,registered,true,
RG01018,ST0189,EV0128,2026-11-28T07:30:00,registered,false,
RG01019,ST0189,EV0131,2026-09-27T08:30:00,registered,false,
RG01020,ST0189,EV0134,2026-09-23T13:30:00,registered,true,
RG01021,ST0190,EV0067,2026-10-15T12:30:00,registered,true,
RG01022,ST0190,EV0093,2026-10-12T10:00:00,registered,false,
RG01023,ST0190,EV0098,2026-09-21T04:00:00,registered,true,
RG01024,ST0190,EV0186,2026-09-16T23:00:00,registered,true,
RG01025,ST0190,EV0280,2026-09-28T18:30:00,registered,true,
RG01026,ST0191,EV0072,2026-09-04T11:30:00,attended,false,
RG01027,ST0191,EV0075,2026-09-24T12:00:00,registered,false,
RG01028,ST0191,EV0082,2026-10-24T23:00:00,registered,false,
RG01029,ST0191,EV0175,2026-08-12T18:00:00,attended,false,3
RG01030,ST0191,EV0208,2026-11-02T16:30:00,registered,true,
RG01031,ST0191,EV0237,2026-09-08T18:00:00,attended,false,
RG01032,ST0191,EV0241,2026-11-12T17:00:00,registered,true,
RG01033,ST0192,EV0095,2026-10-08T07:00:00,registered,true,
RG01034,ST0192,EV0096,2026-09-12T08:00:00,registered,true,
RG01035,ST0192,EV0097,2026-10-07T05:00:00,registered,true,
RG01036,ST0192,EV0225,2026-08-30T01:30:00,attended,true,5
RG01037,ST0192,EV0246,2026-09-14T01:00:00,attended,false,
RG01038,ST0192,EV0260,2026-09-21T07:00:00,registered,true,
RG01039,ST0192,EV0279,2026-10-12T02:30:00,registered,false,
RG01040,ST0193,EV0002,2026-09-19T06:00:00,registered,true,
RG01041,ST0193,EV0003,2026-09-04T23:00:00,attended,false,4
RG01042,ST0193,EV0084,2026-09-18T01:00:00,registered,false,
RG01043,ST0193,EV0087,2026-09-03T13:00:00,attended,true,
RG01044,ST0193,EV0155,2026-09-14T17:30:00,registered,true,
RG01045,ST0193,EV0158,2026-10-02T03:30:00,registered,false,
RG01046,ST0194,EV0007,2026-09-17T03:00:00,registered,true,
RG01047,ST0194,EV0224,2026-08-19T03:30:00,no_show,false,
RG01048,ST0194,EV0225,2026-09-07T04:30:00,no_show,false,
RG01049,ST0194,EV0226,2026-08-25T10:30:00,attended,false,5
RG01050,ST0194,EV0244,2026-09-23T06:00:00,registered,false,
RG01051,ST0194,EV0245,2026-10-04T16:00:00,registered,false,
RG01052,ST0194,EV0261,2026-10-15T22:30:00,registered,false,
RG01053,ST0194,EV0280,2026-09-20T18:30:00,registered,true,
RG01054,ST0195,EV0046,2026-10-28T17:00:00,registered,true,
RG01055,ST0195,EV0075,2026-09-23T07:00:00,registered,false,
RG01056,ST0195,EV0090,2026-11-20T22:00:00,registered,false,
RG01057,ST0195,EV0212,2026-10-16T02:30:00,registered,true,
RG01058,ST0195,EV0214,2026-11-30T23:30:00,registered,true,
RG01059,ST0195,EV0235,2026-08-30T11:00:00,attended,false,3
RG01060,ST0195,EV0237,2026-09-04T15:00:00,attended,false,
RG01061,ST0195,EV0273,2026-11-09T21:30:00,registered,false,
RG01062,ST0196,EV0066,2026-11-09T17:00:00,registered,false,
RG01063,ST0196,EV0114,2026-09-01T12:00:00,attended,true,3
RG01064,ST0196,EV0130,2026-10-26T14:30:00,registered,true,
RG01065,ST0196,EV0131,2026-09-27T06:30:00,registered,true,
RG01066,ST0197,EV0095,2026-09-25T16:00:00,registered,true,
RG01067,ST0197,EV0222,2026-11-26T09:30:00,registered,true,
RG01068,ST0197,EV0225,2026-08-30T13:30:00,no_show,false,
RG01069,ST0197,EV0245,2026-10-03T11:00:00,registered,true,
RG01070,ST0197,EV0247,2026-09-11T23:00:00,registered,true,
RG01071,ST0197,EV0275,2026-11-03T02:00:00,registered,false,
RG01072,ST0198,EV0007,2026-09-20T19:00:00,registered,true,
RG01073,ST0198,EV0014,2026-10-27T11:30:00,registered,false,
RG01074,ST0198,EV0139,2026-10-11T15:30:00,registered,true,
RG01075,ST0198,EV0179,2026-11-24T06:30:00,registered,false,
RG01076,ST0198,EV0181,2026-12-08T17:30:00,registered,false,
RG01077,ST0198,EV0186,2026-09-26T13:00:00,registered,false,
RG01078,ST0198,EV0189,2026-09-27T23:00:00,registered,true,
RG01079,ST0198,EV0229,2026-09-02T00:00:00,no_show,false,
RG01080,ST0198,EV0277,2026-10-20T01:30:00,registered,true,
RG01081,ST0199,EV0170,2026-09-29T17:30:00,registered,true,
RG01082,ST0199,EV0192,2026-12-02T10:00:00,registered,false,
RG01083,ST0199,EV0194,2026-12-03T14:30:00,registered,true,
RG01084,ST0200,EV0073,2026-11-02T22:00:00,registered,true,
RG01085,ST0200,EV0081,2026-10-02T01:00:00,registered,false,
RG01086,ST0200,EV0242,2026-08-12T02:00:00,no_show,false,
RG01087,ST0201,EV0085,2026-10-12T22:00:00,registered,false,
RG01088,ST0201,EV0176,2026-10-19T14:00:00,registered,true,
RG01089,ST0201,EV0251,2026-10-07T17:30:00,registered,true,
RG01090,ST0201,EV0253,2026-09-24T11:30:00,registered,true,
RG01091,ST0202,EV0078,2026-11-03T23:00:00,registered,false,
RG01092,ST0202,EV0239,2026-08-23T16:00:00,attended,false,3
RG01093,ST0203,EV0006,2026-10-21T21:00:00,registered,true,
RG01094,ST0203,EV0139,2026-10-18T14:30:00,registered,false,
RG01095,ST0203,EV0230,2026-11-30T18:00:00,registered,false,
RG01096,ST0203,EV0280,2026-09-26T10:30:00,registered,false,
RG01097,ST0204,EV0189,2026-09-24T06:00:00,registered,false,
RG01098,ST0204,EV0198,2026-09-19T00:30:00,registered,false,
RG01099,ST0204,EV0267,2026-10-31T14:00:00,registered,false,
RG01100,ST0204,EV0272,2026-11-07T07:30:00,registered,true,
RG01101,ST0205,EV0049,2026-08-12T22:30:00,no_show,false,
RG01102,ST0205,EV0064,2026-12-08T11:00:00,registered,false,
RG01103,ST0205,EV0116,2026-09-05T07:30:00,attended,true,
RG01104,ST0205,EV0117,2026-11-26T10:30:00,registered,false,
RG01105,ST0205,EV0269,2026-09-18T16:00:00,registered,false,
RG01106,ST0205,EV0273,2026-11-06T10:30:00,registered,false,
RG01107,ST0206,EV0056,2026-09-29T14:30:00,registered,true,
RG01108,ST0206,EV0202,2026-11-21T03:00:00,registered,true,
RG01109,ST0206,EV0250,2026-09-20T00:00:00,registered,false,
RG01110,ST0206,EV0280,2026-09-24T12:30:00,registered,false,
RG01111,ST0207,EV0143,2026-08-14T00:00:00,attended,true,5
RG01112,ST0207,EV0162,2026-12-02T07:00:00,registered,false,
RG01113,ST0207,EV0171,2026-09-22T23:30:00,registered,false,
RG01114,ST0207,EV0198,2026-09-24T03:30:00,registered,true,
RG01115,ST0207,EV0268,2026-09-13T12:00:00,no_show,false,
RG01116,ST0207,EV0272,2026-11-12T11:30:00,registered,true,
RG01117,ST0207,EV0273,2026-11-01T09:30:00,registered,true,
RG01118,ST0208,EV0170,2026-09-21T16:30:00,registered,true,
RG01119,ST0208,EV0173,2026-10-26T16:30:00,registered,true,
RG01120,ST0208,EV0193,2026-08-24T18:00:00,attended,false,5
RG01121,ST0208,EV0231,2026-12-06T04:00:00,registered,false,
RG01122,ST0208,EV0268,2026-09-02T09:00:00,no_show,false,
RG01123,ST0208,EV0272,2026-11-03T17:30:00,registered,false,
RG01124,ST0208,EV0278,2026-12-04T14:30:00,registered,false,
RG01125,ST0209,EV0136,2026-11-08T02:30:00,registered,true,
RG01126,ST0209,EV0183,2026-09-07T13:30:00,attended,true,5
RG01127,ST0209,EV0186,2026-09-24T14:00:00,registered,true,
RG01128,ST0209,EV0246,2026-09-12T16:00:00,attended,true,3
RG01129,ST0209,EV0248,2026-10-01T23:00:00,registered,false,
RG01130,ST0209,EV0280,2026-09-18T02:30:00,registered,false,
RG01131,ST0210,EV0100,2026-11-17T06:00:00,registered,true,
RG01132,ST0210,EV0103,2026-11-12T10:00:00,registered,false,
RG01133,ST0210,EV0251,2026-10-08T14:30:00,registered,true,
RG01134,ST0210,EV0252,2026-10-19T12:30:00,registered,true,
RG01135,ST0210,EV0260,2026-09-28T16:00:00,registered,false,
RG01136,ST0210,EV0261,2026-10-10T04:30:00,registered,false,
RG01137,ST0210,EV0267,2026-10-30T05:00:00,registered,false,
RG01138,ST0210,EV0272,2026-11-07T03:30:00,registered,true,
RG01139,ST0211,EV0018,2026-11-10T08:00:00,registered,false,
RG01140,ST0211,EV0022,2026-10-02T13:00:00,registered,true,
RG01141,ST0211,EV0024,2026-08-26T18:30:00,attended,true,5
RG01142,ST0211,EV0030,2026-10-08T22:30:00,registered,true,
RG01143,ST0211,EV0137,2026-11-25T09:30:00,registered,false,
RG01144,ST0211,EV0153,2026-09-11T18:30:00,attended,true,3
RG01145,ST0211,EV0267,2026-11-02T14:00:00,registered,false,
RG01146,ST0211,EV0268,2026-09-06T04:00:00,attended,false,4
RG01147,ST0211,EV0278,2026-11-27T04:30:00,registered,true,
RG01148,ST0212,EV0084,2026-09-21T08:00:00,registered,false,
RG01149,ST0212,EV0090,2026-11-19T23:00:00,registered,false,
RG01150,ST0212,EV0211,2026-10-21T11:30:00,registered,false,
RG01151,ST0212,EV0235,2026-08-20T11:00:00,attended,true,5
RG01152,ST0212,EV0238,2026-08-31T01:00:00,no_show,false,
RG01153,ST0213,EV0001,2026-09-14T17:00:00,registered,true,
RG01154,ST0213,EV0014,2026-11-07T18:30:00,registered,true,
RG01155,ST0213,EV0098,2026-09-17T16:00:00,registered,true,
RG01156,ST0213,EV0179,2026-11-22T01:30:00,registered,false,
RG01157,ST0213,EV0188,2026-11-20T07:00:00,registered,false,
RG01158,ST0213,EV0193,2026-08-17T06:00:00,attended,true,4
RG01159,ST0213,EV0250,2026-09-14T01:00:00,registered,true,
RG01160,ST0213,EV0280,2026-09-23T03:30:00,registered,false,
RG01161,ST0214,EV0053,2026-08-25T23:00:00,no_show,false,
RG01162,ST0214,EV0111,2026-10-27T13:30:00,registered,false,
RG01163,ST0214,EV0116,2026-09-07T19:30:00,attended,false,4
RG01164,ST0214,EV0142,2026-09-09T02:00:00,registered,false,
RG01165,ST0215,EV0057,2026-08-13T19:00:00,no_show,false,
RG01166,ST0215,EV0074,2026-11-23T09:00:00,registered,false,
RG01167,ST0215,EV0108,2026-09-21T15:30:00,registered,true,
RG01168,ST0216,EV0061,2026-08-22T18:00:00,attended,true,
RG01169,ST0216,EV0192,2026-11-24T11:00:00,registered,true,
RG01170,ST0216,EV0193,2026-08-14T18:00:00,attended,false,3
RG01171,ST0216,EV0194,2026-11-25T07:30:00,registered,false,
RG01172,ST0216,EV0196,2026-10-01T07:30:00,registered,false,
RG01173,ST0216,EV0200,2026-09-27T17:30:00,registered,true,
RG01174,ST0216,EV0275,2026-11-04T16:00:00,registered,true,
RG01175,ST0216,EV0277,2026-10-22T03:30:00,registered,true,
RG01176,ST0217,EV0018,2026-11-04T19:00:00,registered,true,
RG01177,ST0217,EV0097,2026-10-07T21:00:00,registered,false,
RG01178,ST0217,EV0224,2026-08-14T04:30:00,attended,false,
RG01179,ST0217,EV0225,2026-08-27T16:30:00,attended,false,5
RG01180,ST0217,EV0244,2026-09-24T22:00:00,registered,false,
RG01181,ST0217,EV0250,2026-09-20T06:00:00,registered,false,
RG01182,ST0217,EV0251,2026-09-29T18:30:00,registered,false,
RG01183,ST0217,EV0279,2026-10-21T01:30:00,registered,false,
RG01184,ST0218,EV0072,2026-09-07T06:30:00,no_show,false,
RG01185,ST0218,EV0231,2026-12-01T12:00:00,registered,true,
RG01186,ST0218,EV0260,2026-09-18T09:00:00,registered,true,
RG01187,ST0219,EV0001,2026-09-25T16:00:00,registered,true,
RG01188,ST0219,EV0101,2026-11-24T15:00:00,registered,false,
RG01189,ST0219,EV0150,2026-11-05T13:00:00,registered,false,
RG01190,ST0219,EV0176,2026-10-22T05:00:00,registered,true,
RG01191,ST0219,EV0177,2026-11-09T17:00:00,registered,true,
RG01192,ST0220,EV0085,2026-10-10T23:00:00,registered,false,
RG01193,ST0220,EV0204,2026-08-31T13:00:00,attended,true,
RG01194,ST0220,EV0230,2026-11-30T00:00:00,registered,true,
RG01195,ST0220,EV0232,2026-10-24T11:00:00,registered,true,
RG01196,ST0220,EV0233,2026-11-23T07:00:00,registered,false,
RG01197,ST0220,EV0242,2026-08-15T19:00:00,no_show,false,
RG01198,ST0220,EV0269,2026-09-21T08:00:00,registered,false,
RG01199,ST0221,EV0025,2026-10-25T15:30:00,registered,true,
RG01200,ST0221,EV0068,2026-11-05T00:00:00,registered,true,
RG01201,ST0221,EV0170,2026-09-27T18:30:00,registered,true,
RG01202,ST0221,EV0173,2026-10-23T23:30:00,registered,true,
RG01203,ST0221,EV0206,2026-08-25T01:00:00,attended,true,
RG01204,ST0221,EV0235,2026-08-21T02:00:00,no_show,true,
RG01205,ST0221,EV0237,2026-09-07T14:00:00,attended,false,4
RG01206,ST0222,EV0091,2026-11-20T07:30:00,registered,true,
RG01207,ST0222,EV0117,2026-11-23T09:30:00,registered,true,
RG01208,ST0222,EV0166,2026-10-11T13:00:00,registered,true,
RG01209,ST0223,EV0005,2026-10-31T11:30:00,registered,false,
RG01210,ST0223,EV0077,2026-09-07T05:00:00,attended,false,3
RG01211,ST0223,EV0209,2026-12-06T08:30:00,registered,true,
RG01212,ST0223,EV0211,2026-10-22T07:30:00,registered,true,
RG01213,ST0223,EV0214,2026-11-24T16:30:00,registered,false,
RG01214,ST0223,EV0240,2026-09-03T16:00:00,attended,true,
RG01215,ST0224,EV0008,2026-09-05T11:00:00,attended,true,
RG01216,ST0224,EV0070,2026-10-17T13:00:00,registered,false,
RG01217,ST0224,EV0137,2026-11-30T17:30:00,registered,true,
RG01218,ST0225,EV0001,2026-09-14T21:00:00,registered,true,
RG01219,ST0225,EV0169,2026-08-23T04:30:00,no_show,false,
RG01220,ST0225,EV0234,2026-08-31T06:00:00,attended,false,
RG01221,ST0225,EV0248,2026-10-05T15:00:00,registered,true,
RG01222,ST0225,EV0259,2026-10-01T14:00:00,registered,false,
RG01223,ST0226,EV0018,2026-11-03T05:00:00,registered,true,
RG01224,ST0226,EV0024,2026-08-29T23:30:00,attended,true,
RG01225,ST0226,EV0137,2026-12-07T00:30:00,registered,false,
RG01226,ST0226,EV0187,2026-10-12T01:00:00,registered,true,
RG01227,ST0226,EV0280,2026-09-24T17:30:00,registered,false,
RG01228,ST0227,EV0090,2026-11-27T17:00:00,registered,true,
RG01229,ST0227,EV0102,2026-10-28T06:30:00,registered,false,
RG01230,ST0227,EV0209,2026-12-02T10:30:00,registered,true,
RG01231,ST0227,EV0214,2026-11-24T15:30:00,registered,true,
RG01232,ST0227,EV0236,2026-10-07T01:00:00,registered,false,
RG01233,ST0227,EV0243,2026-10-06T06:00:00,registered,false,
RG01234,ST0228,EV0137,2026-11-28T15:30:00,registered,true,
RG01235,ST0228,EV0159,2026-12-04T03:00:00,registered,false,
RG01236,ST0228,EV0162,2026-11-21T14:00:00,registered,false,
RG01237,ST0228,EV0272,2026-11-10T06:30:00,registered,true,
RG01238,ST0228,EV0273,2026-11-11T01:30:00,registered,false,
RG01239,ST0229,EV0021,2026-11-22T14:00:00,registered,true,
RG01240,ST0229,EV0024,2026-08-27T17:30:00,no_show,false,
RG01241,ST0229,EV0104,2026-11-16T18:00:00,registered,true,
RG01242,ST0229,EV0125,2026-11-25T02:00:00,registered,false,
RG01243,ST0229,EV0136,2026-10-27T09:30:00,registered,false,
RG01244,ST0230,EV0037,2026-09-12T12:00:00,registered,false,
RG01245,ST0230,EV0044,2026-10-09T13:00:00,registered,true,
RG01246,ST0230,EV0108,2026-09-30T12:30:00,registered,false,
RG01247,ST0230,EV0109,2026-09-08T19:30:00,no_show,false,
RG01248,ST0230,EV0215,2026-12-07T16:30:00,registered,true,
RG01249,ST0230,EV0268,2026-09-07T16:00:00,attended,true,3
RG01250,ST0230,EV0270,2026-11-18T12:00:00,registered,false,
RG01251,ST0231,EV0017,2026-08-19T05:30:00,no_show,false,
RG01252,ST0231,EV0024,2026-08-27T17:30:00,attended,false,4
RG01253,ST0231,EV0030,2026-10-13T03:30:00,registered,false,
RG01254,ST0231,EV0067,2026-10-14T23:30:00,registered,false,
RG01255,ST0231,EV0139,2026-10-21T04:30:00,registered,true,
RG01256,ST0231,EV0256,2026-11-02T11:00:00,registered,true,
RG01257,ST0232,EV0005,2026-10-24T00:30:00,registered,true,
RG01258,ST0232,EV0047,2026-08-30T09:30:00,attended,true,4
RG01259,ST0232,EV0071,2026-10-11T13:00:00,registered,true,
RG01260,ST0232,EV0184,2026-09-10T12:30:00,registered,false,
RG01261,ST0232,EV0237,2026-08-30T22:00:00,attended,true,
RG01262,ST0232,EV0242,2026-08-21T10:00:00,attended,true,
RG01263,ST0232,EV0243,2026-10-12T05:00:00,registered,true,
RG01264,ST0233,EV0039,2026-11-21T23:00:00,registered,false,
RG01265,ST0233,EV0040,2026-11-01T09:00:00,registered,false,
RG01266,ST0233,EV0112,2026-09-19T00:30:00,registered,true,
RG01267,ST0233,EV0119,2026-10-21T01:30:00,registered,false,
RG01268,ST0233,EV0164,2026-10-10T22:00:00,registered,false,
RG01269,ST0233,EV0248,2026-09-30T22:00:00,registered,true,
RG01270,ST0233,EV0263,2026-11-16T12:30:00,registered,true,
RG01271,ST0234,EV0012,2026-09-19T09:00:00,registered,false,
RG01272,ST0234,EV0051,2026-11-08T17:00:00,registered,true,
RG01273,ST0234,EV0064,2026-11-29T03:00:00,registered,false,
RG01274,ST0234,EV0170,2026-09-22T00:30:00,registered,false,
RG01275,ST0234,EV0174,2026-11-01T15:30:00,registered,true,
RG01276,ST0234,EV0181,2026-12-01T02:30:00,registered,true,
RG01277,ST0234,EV0189,2026-09-27T12:00:00,registered,true,
RG01278,ST0234,EV0250,2026-09-10T07:00:00,registered,false,
RG01279,ST0235,EV0163,2026-10-08T04:00:00,registered,false,
RG01280,ST0235,EV0276,2026-08-17T11:00:00,attended,false,3
RG01281,ST0236,EV0094,2026-11-25T15:30:00,registered,false,
RG01282,ST0236,EV0132,2026-09-17T00:30:00,registered,false,
RG01283,ST0236,EV0136,2026-10-31T16:30:00,registered,false,
RG01284,ST0236,EV0146,2026-10-17T14:00:00,registered,true,
RG01285,ST0236,EV0148,2026-09-25T15:00:00,registered,false,
RG01286,ST0236,EV0150,2026-11-07T10:00:00,registered,true,
RG01287,ST0236,EV0267,2026-11-02T16:00:00,registered,true,
RG01288,ST0236,EV0268,2026-09-04T20:00:00,attended,false,4
RG01289,ST0237,EV0007,2026-09-20T17:00:00,registered,true,
RG01290,ST0237,EV0055,2026-09-17T13:00:00,registered,true,
RG01291,ST0237,EV0095,2026-09-29T14:00:00,registered,false,
RG01292,ST0237,EV0224,2026-08-22T11:30:00,attended,true,4
RG01293,ST0237,EV0225,2026-09-05T03:30:00,no_show,false,
RG01294,ST0237,EV0244,2026-09-21T12:00:00,registered,true,
RG01295,ST0237,EV0248,2026-10-03T11:00:00,registered,false,
RG01296,ST0237,EV0250,2026-09-19T12:00:00,registered,false,
RG01297,ST0237,EV0260,2026-09-21T03:00:00,registered,true,
RG01298,ST0238,EV0151,2026-08-13T09:00:00,attended,true,5
RG01299,ST0238,EV0182,2026-08-18T08:30:00,attended,true,3
RG01300,ST0239,EV0001,2026-09-17T16:00:00,registered,true,
RG01301,ST0239,EV0005,2026-11-01T08:30:00,registered,false,
RG01302,ST0239,EV0018,2026-11-04T21:00:00,registered,true,
RG01303,ST0239,EV0080,2026-11-30T03:00:00,registered,true,
RG01304,ST0239,EV0195,2026-09-04T07:30:00,attended,false,5
RG01305,ST0239,EV0202,2026-11-23T03:00:00,registered,false,
RG01306,ST0239,EV0204,2026-08-25T08:00:00,no_show,false,
RG01307,ST0239,EV0236,2026-09-28T18:00:00,registered,true,
RG01308,ST0239,EV0241,2026-11-17T04:00:00,registered,true,
RG01309,ST0239,EV0242,2026-08-12T03:00:00,attended,true,4
RG01310,ST0240,EV0072,2026-08-27T03:30:00,attended,true,
RG01311,ST0240,EV0082,2026-10-25T01:00:00,registered,false,
RG01312,ST0240,EV0083,2026-10-08T04:00:00,registered,true,
RG01313,ST0240,EV0152,2026-09-20T03:30:00,registered,false,
RG01314,ST0240,EV0209,2026-11-23T18:30:00,registered,false,
RG01315,ST0241,EV0002,2026-09-16T00:00:00,registered,true,
RG01316,ST0241,EV0003,2026-09-05T16:00:00,attended,true,
RG01317,ST0241,EV0093,2026-10-14T08:00:00,registered,false,
RG01318,ST0241,EV0148,2026-10-05T03:00:00,registered,false,
RG01319,ST0241,EV0149,2026-10-18T02:00:00,registered,true,
RG01320,ST0241,EV0151,2026-08-21T09:00:00,attended,false,4
RG01321,ST0241,EV0165,2026-10-11T17:00:00,registered,true,
RG01322,ST0241,EV0185,2026-11-06T12:00:00,registered,true,
RG01323,ST0241,EV0272,2026-11-12T16:30:00,registered,true,
RG01324,ST0242,EV0042,2026-10-23T10:30:00,registered,false,
RG01325,ST0242,EV0167,2026-10-05T18:00:00,registered,false,
RG01326,ST0242,EV0177,2026-11-04T02:00:00,registered,true,
RG01327,ST0243,EV0051,2026-11-09T20:00:00,registered,false,
RG01328,ST0243,EV0054,2026-10-27T22:00:00,registered,false,
RG01329,ST0243,EV0105,2026-11-08T08:30:00,registered,false,
RG01330,ST0243,EV0111,2026-10-23T07:30:00,registered,false,
RG01331,ST0243,EV0118,2026-11-08T19:30:00,registered,false,
RG01332,ST0243,EV0119,2026-10-21T15:30:00,registered,false,
RG01333,ST0243,EV0161,2026-11-20T22:00:00,registered,false,
RG01334,ST0244,EV0196,2026-10-03T12:30:00,registered,true,
RG01335,ST0244,EV0199,2026-10-31T15:30:00,registered,true,
RG01336,ST0245,EV0174,2026-11-05T02:30:00,registered,false,
RG01337,ST0245,EV0192,2026-11-23T11:00:00,registered,false,
RG01338,ST0245,EV0268,2026-09-12T09:00:00,attended,true,5
RG01339,ST0246,EV0259,2026-10-10T04:00:00,registered,false,
RG01340,ST0246,EV0263,2026-11-28T18:30:00,registered,false,
RG01341,ST0247,EV0003,2026-09-06T02:00:00,no_show,false,
RG01342,ST0247,EV0067,2026-10-09T22:30:00,registered,false,
RG01343,ST0247,EV0267,2026-11-02T03:00:00,registered,false,
RG01344,ST0248,EV0082,2026-10-17T05:00:00,registered,false,
RG01345,ST0248,EV0109,2026-09-15T18:30:00,no_show,false,
RG01346,ST0248,EV0112,2026-09-19T18:30:00,registered,false,
RG01347,ST0248,EV0114,2026-08-28T17:00:00,attended,false,3
RG01348,ST0248,EV0133,2026-08-11T12:30:00,attended,true,4
RG01349,ST0248,EV0276,2026-08-21T09:00:00,no_show,true,
RG01350,ST0249,EV0144,2026-08-14T08:00:00,no_show,true,
RG01351,ST0249,EV0145,2026-11-19T06:00:00,registered,true,
RG01352,ST0249,EV0162,2026-11-26T00:00:00,registered,true,
RG01353,ST0249,EV0163,2026-10-01T08:00:00,registered,false,
RG01354,ST0249,EV0170,2026-09-18T05:30:00,registered,false,
RG01355,ST0249,EV0173,2026-10-29T10:30:00,registered,true,
RG01356,ST0249,EV0181,2026-12-08T16:30:00,registered,false,
RG01357,ST0249,EV0194,2026-11-28T11:30:00,registered,true,
RG01358,ST0249,EV0223,2026-10-10T10:30:00,registered,true,
RG01359,ST0249,EV0268,2026-09-11T09:00:00,attended,true,
RG01360,ST0250,EV0039,2026-11-14T12:00:00,registered,true,
RG01361,ST0250,EV0109,2026-09-13T10:30:00,attended,false,5
RG01362,ST0250,EV0135,2026-10-17T05:30:00,registered,true,
RG01363,ST0250,EV0242,2026-08-21T16:00:00,attended,false,5
RG01364,ST0250,EV0267,2026-10-25T02:00:00,registered,true,
RG01365,ST0250,EV0268,2026-09-02T00:00:00,attended,false,
RG01366,ST0251,EV0091,2026-11-19T18:30:00,registered,false,
RG01367,ST0251,EV0122,2026-08-29T15:00:00,attended,true,3
RG01368,ST0251,EV0135,2026-10-26T05:30:00,registered,true,
RG01369,ST0251,EV0136,2026-11-05T16:30:00,registered,false,
RG01370,ST0251,EV0169,2026-08-14T11:30:00,attended,true,5
RG01371,ST0252,EV0003,2026-09-15T10:00:00,no_show,true,
RG01372,ST0252,EV0009,2026-10-18T00:00:00,registered,true,
RG01373,ST0252,EV0128,2026-11-23T13:30:00,registered,true,
RG01374,ST0252,EV0134,2026-09-27T08:30:00,registered,false,
RG01375,ST0252,EV0135,2026-10-24T05:30:00,registered,true,
RG01376,ST0252,EV0137,2026-12-03T02:30:00,registered,false,
RG01377,ST0252,EV0138,2026-09-06T23:30:00,attended,true,
RG01378,ST0252,EV0185,2026-11-04T23:00:00,registered,true,
RG01379,ST0253,EV0029,2026-09-28T23:00:00,registered,true,
RG01380,ST0253,EV0031,2026-11-29T20:00:00,registered,true,
RG01381,ST0253,EV0101,2026-11-23T11:00:00,registered,false,
RG01382,ST0253,EV0137,2026-12-01T01:30:00,registered,false,
RG01383,ST0254,EV0001,2026-09-16T10:00:00,registered,true,
RG01384,ST0254,EV0066,2026-11-12T07:00:00,registered,false,
RG01385,ST0254,EV0159,2026-12-01T10:00:00,registered,true,
RG01386,ST0254,EV0172,2026-10-17T10:30:00,registered,false,
RG01387,ST0254,EV0174,2026-11-05T13:30:00,registered,true,
RG01388,ST0254,EV0179,2026-11-19T22:30:00,registered,false,
RG01389,ST0254,EV0183,2026-08-26T05:30:00,no_show,false,
RG01390,ST0254,EV0184,2026-09-16T15:30:00,registered,false,
RG01391,ST0254,EV0248,2026-10-10T08:00:00,registered,true,
RG01392,ST0255,EV0021,2026-11-23T05:00:00,registered,true,
RG01393,ST0255,EV0049,2026-08-17T13:30:00,no_show,false,
RG01394,ST0255,EV0095,2026-10-07T02:00:00,registered,false,
RG01395,ST0255,EV0244,2026-09-26T12:00:00,registered,true,
RG01396,ST0255,EV0246,2026-09-15T23:00:00,no_show,false,
RG01397,ST0255,EV0249,2026-09-09T11:00:00,attended,true,4
RG01398,ST0255,EV0260,2026-09-16T22:00:00,registered,false,
RG01399,ST0255,EV0275,2026-11-15T15:00:00,registered,true,
RG01400,ST0255,EV0279,2026-10-16T16:30:00,registered,false,
RG01401,ST0256,EV0027,2026-10-06T10:30:00,registered,true,
RG01402,ST0256,EV0031,2026-11-25T18:00:00,registered,true,
RG01403,ST0256,EV0067,2026-10-18T08:30:00,registered,true,
RG01404,ST0256,EV0070,2026-10-20T08:00:00,registered,false,
RG01405,ST0256,EV0140,2026-09-26T04:30:00,registered,false,
RG01406,ST0257,EV0002,2026-09-20T08:00:00,registered,false,
RG01407,ST0257,EV0039,2026-11-17T16:00:00,registered,true,
RG01408,ST0257,EV0044,2026-10-17T01:00:00,registered,false,
RG01409,ST0257,EV0109,2026-09-10T15:30:00,attended,false,4
RG01410,ST0257,EV0133,2026-08-12T13:30:00,attended,true,4
RG01411,ST0257,EV0175,2026-08-14T23:00:00,attended,false,5
RG01412,ST0257,EV0203,2026-10-27T01:00:00,registered,false,
RG01413,ST0257,EV0264,2026-10-17T21:30:00,registered,true,
RG01414,ST0257,EV0268,2026-09-04T11:00:00,attended,true,
RG01415,ST0258,EV0095,2026-09-25T04:00:00,registered,false,
RG01416,ST0258,EV0247,2026-09-10T06:00:00,registered,false,
RG01417,ST0258,EV0250,2026-09-10T22:00:00,registered,false,
RG01418,ST0259,EV0133,2026-08-19T13:30:00,attended,true,3
RG01419,ST0259,EV0135,2026-10-20T18:30:00,registered,false,
RG01420,ST0259,EV0147,2026-09-04T02:00:00,attended,false,3
RG01421,ST0260,EV0017,2026-08-16T22:30:00,attended,true,5
RG01422,ST0260,EV0026,2026-11-17T23:00:00,registered,false,
RG01423,ST0260,EV0031,2026-11-17T23:00:00,registered,false,
RG01424,ST0260,EV0067,2026-10-08T12:30:00,registered,false,
RG01425,ST0260,EV0137,2026-11-29T02:30:00,registered,false,
RG01426,ST0260,EV0139,2026-10-15T07:30:00,registered,false,
RG01427,ST0260,EV0217,2026-10-13T12:30:00,registered,true,
RG01428,ST0261,EV0031,2026-11-28T01:00:00,registered,true,
RG01429,ST0261,EV0067,2026-10-17T12:30:00,registered,true,
RG01430,ST0261,EV0122,2026-08-29T23:00:00,attended,true,4
RG01431,ST0261,EV0129,2026-09-04T19:30:00,attended,true,
RG01432,ST0262,EV0102,2026-10-30T04:30:00,registered,false,
RG01433,ST0262,EV0107,2026-09-20T09:30:00,registered,true,
RG01434,ST0262,EV0111,2026-11-04T18:30:00,registered,true,
RG01435,ST0262,EV0114,2026-09-07T04:00:00,attended,true,5
RG01436,ST0262,EV0115,2026-10-18T07:00:00,registered,false,
RG01437,ST0262,EV0132,2026-09-10T17:30:00,registered,false,
RG01438,ST0262,EV0147,2026-08-26T12:00:00,attended,false,4
RG01439,ST0262,EV0268,2026-09-09T16:00:00,attended,true,
RG01440,ST0262,EV0276,2026-08-24T02:00:00,no_show,true,
RG01441,ST0263,EV0004,2026-10-03T00:00:00,registered,false,
RG01442,ST0263,EV0064,2026-11-26T08:00:00,registered,true,
RG01443,ST0263,EV0077,2026-09-02T13:00:00,attended,true,4
RG01444,ST0263,EV0197,2026-11-11T10:30:00,registered,false,
RG01445,ST0263,EV0198,2026-09-20T01:30:00,registered,false,
RG01446,ST0263,EV0267,2026-10-22T22:00:00,registered,false,
RG01447,ST0263,EV0272,2026-11-14T23:30:00,registered,true,
RG01448,ST0264,EV0008,2026-09-03T19:00:00,attended,false,3
RG01449,ST0264,EV0026,2026-11-16T06:00:00,registered,true,
RG01450,ST0264,EV0030,2026-10-12T23:30:00,registered,true,
RG01451,ST0265,EV0002,2026-09-24T10:00:00,registered,true,
RG01452,ST0265,EV0010,2026-11-30T08:00:00,registered,false,
RG01453,ST0265,EV0011,2026-10-27T13:00:00,registered,false,
RG01454,ST0265,EV0019,2026-09-26T06:00:00,registered,true,
RG01455,ST0265,EV0057,2026-08-18T13:00:00,attended,false,5
RG01456,ST0265,EV0091,2026-11-21T04:30:00,registered,false,
RG01457,ST0265,EV0122,2026-08-19T16:00:00,attended,true,4
RG01458,ST0265,EV0136,2026-11-05T07:30:00,registered,true,
RG01459,ST0265,EV0138,2026-09-07T15:30:00,attended,true,
RG01460,ST0265,EV0213,2026-08-31T18:30:00,attended,true,
RG01461,ST0266,EV0280,2026-09-29T01:30:00,registered,true,
RG01462,ST0267,EV0003,2026-09-04T04:00:00,attended,false,3
RG01463,ST0267,EV0043,2026-11-29T23:30:00,registered,false,
RG01464,ST0267,EV0044,2026-10-17T08:00:00,registered,false,
RG01465,ST0267,EV0108,2026-09-19T16:30:00,registered,true,
RG01466,ST0267,EV0110,2026-10-22T01:30:00,registered,false,
RG01467,ST0267,EV0113,2026-10-10T17:00:00,registered,true,
RG01468,ST0267,EV0119,2026-10-22T11:30:00,registered,true,
RG01469,ST0267,EV0129,2026-09-07T03:30:00,attended,false,
RG01470,ST0267,EV0274,2026-11-04T20:30:00,registered,false,
RG01471,ST0267,EV0276,2026-08-20T03:00:00,attended,false,5
RG01472,ST0268,EV0043,2026-11-28T04:30:00,registered,true,
RG01473,ST0268,EV0049,2026-08-15T13:30:00,attended,false,4
RG01474,ST0268,EV0269,2026-09-12T21:00:00,registered,true,
RG01475,ST0268,EV0272,2026-11-16T08:30:00,registered,true,
RG01476,ST0269,EV0001,2026-09-18T10:00:00,registered,false,
RG01477,ST0269,EV0073,2026-11-06T12:00:00,registered,true,
RG01478,ST0269,EV0078,2026-11-13T05:00:00,registered,true,
RG01479,ST0269,EV0234,2026-09-06T10:00:00,attended,true,3
RG01480,ST0269,EV0238,2026-08-25T09:00:00,no_show,false,
RG01481,ST0269,EV0243,2026-10-14T09:00:00,registered,false,
RG01482,ST0270,EV0003,2026-09-07T18:00:00,no_show,false,
RG01483,ST0270,EV0043,2026-11-28T07:30:00,registered,false,
RG01484,ST0270,EV0118,2026-10-31T04:30:00,registered,false,
RG01485,ST0270,EV0263,2026-11-19T12:30:00,registered,false,
RG01486,ST0271,EV0024,2026-08-29T05:30:00,no_show,true,
RG01487,ST0271,EV0101,2026-11-27T01:00:00,registered,false,
RG01488,ST0271,EV0128,2026-11-22T00:30:00,registered,false,
RG01489,ST0271,EV0148,2026-09-27T09:00:00,registered,true,
RG01490,ST0272,EV0215,2026-11-27T17:30:00,registered,false,
RG01491,ST0272,EV0228,2026-09-08T01:00:00,attended,true,
RG01492,ST0272,EV0230,2026-11-28T15:00:00,registered,true,
RG01493,ST0273,EV0016,2026-09-23T22:00:00,registered,true,
RG01494,ST0273,EV0074,2026-11-14T06:00:00,registered,false,
RG01495,ST0273,EV0171,2026-09-23T06:30:00,registered,true,
RG01496,ST0273,EV0191,2026-11-12T01:00:00,registered,false,
RG01497,ST0273,EV0239,2026-08-22T12:00:00,attended,true,5
RG01498,ST0273,EV0241,2026-11-19T02:00:00,registered,false,
RG01499,ST0273,EV0273,2026-11-06T08:30:00,registered,true,
RG01500,ST0273,EV0279,2026-10-17T11:30:00,registered,true,
RG01501,ST0274,EV0007,2026-09-10T04:00:00,registered,false,
RG01502,ST0274,EV0144,2026-08-15T00:00:00,attended,false,5
RG01503,ST0274,EV0222,2026-11-25T10:30:00,registered,true,
RG01504,ST0274,EV0223,2026-10-11T15:30:00,registered,false,
RG01505,ST0274,EV0247,2026-09-15T02:00:00,registered,false,
RG01506,ST0274,EV0275,2026-11-14T07:00:00,registered,false,
RG01507,ST0274,EV0279,2026-10-22T08:30:00,registered,true,
RG01508,ST0275,EV0001,2026-09-24T21:00:00,registered,false,
RG01509,ST0275,EV0046,2026-11-03T06:00:00,registered,false,
RG01510,ST0275,EV0070,2026-10-21T06:00:00,registered,true,
RG01511,ST0275,EV0244,2026-09-28T17:00:00,registered,false,
RG01512,ST0276,EV0190,2026-11-27T07:00:00,registered,false,
RG01513,ST0276,EV0192,2026-11-25T17:00:00,registered,true,
RG01514,ST0276,EV0270,2026-11-17T04:00:00,registered,true,
RG01515,ST0276,EV0280,2026-10-01T09:30:00,registered,false,
RG01516,ST0277,EV0046,2026-11-04T14:00:00,registered,true,
RG01517,ST0277,EV0128,2026-11-21T00:30:00,registered,true,
RG01518,ST0277,EV0235,2026-08-19T03:00:00,no_show,false,
RG01519,ST0278,EV0001,2026-09-17T00:00:00,registered,true,
RG01520,ST0278,EV0070,2026-10-15T01:00:00,registered,true,
RG01521,ST0278,EV0175,2026-08-16T13:00:00,no_show,true,
RG01522,ST0278,EV0177,2026-11-09T06:00:00,registered,false,
RG01523,ST0278,EV0212,2026-10-21T18:30:00,registered,true,
RG01524,ST0278,EV0279,2026-10-11T07:30:00,registered,false,
RG01525,ST0279,EV0021,2026-11-25T00:00:00,registered,false,
RG01526,ST0279,EV0035,2026-10-23T17:00:00,registered,true,
RG01527,ST0279,EV0041,2026-09-27T11:00:00,registered,false,
RG01528,ST0279,EV0166,2026-10-12T03:00:00,registered,false,
RG01529,ST0280,EV0006,2026-10-17T16:00:00,registered,false,
RG01530,ST0280,EV0073,2026-11-11T22:00:00,registered,false,
RG01531,ST0280,EV0112,2026-09-20T13:30:00,registered,true,
RG01532,ST0280,EV0116,2026-09-09T04:30:00,attended,false,4
RG01533,ST0281,EV0003,2026-09-10T06:00:00,attended,true,4
RG01534,ST0281,EV0108,2026-09-21T17:30:00,registered,true,
RG01535,ST0282,EV0080,2026-11-26T05:00:00,registered,true,
RG01536,ST0282,EV0202,2026-11-14T04:00:00,registered,false,
RG01537,ST0282,EV0234,2026-08-30T13:00:00,attended,true,
RG01538,ST0282,EV0237,2026-09-07T10:00:00,attended,false,5
RG01539,ST0282,EV0238,2026-08-22T01:00:00,attended,false,4
RG01540,ST0283,EV0040,2026-11-07T05:00:00,registered,false,
RG01541,ST0283,EV0116,2026-09-15T05:30:00,attended,true,3
RG01542,ST0283,EV0117,2026-11-26T00:30:00,registered,true,
RG01543,ST0283,EV0118,2026-11-01T14:30:00,registered,true,
RG01544,ST0283,EV0119,2026-11-01T14:30:00,registered,false,
RG01545,ST0283,EV0241,2026-11-10T18:00:00,registered,true,
RG01546,ST0283,EV0262,2026-10-13T15:30:00,registered,false,
RG01547,ST0283,EV0279,2026-10-14T23:30:00,registered,false,
RG01548,ST0284,EV0169,2026-08-21T00:30:00,attended,false,
RG01549,ST0285,EV0097,2026-10-14T13:00:00,registered,false,
RG01550,ST0285,EV0222,2026-11-28T08:30:00,registered,true,
RG01551,ST0285,EV0244,2026-09-23T04:00:00,registered,true,
RG01552,ST0285,EV0260,2026-09-17T10:00:00,registered,true,
RG01553,ST0285,EV0261,2026-10-17T01:30:00,registered,true,
RG01554,ST0286,EV0019,2026-09-16T08:00:00,registered,false,
RG01555,ST0286,EV0194,2026-11-25T14:30:00,registered,true,
RG01556,ST0286,EV0267,2026-10-28T22:00:00,registered,true,
RG01557,ST0286,EV0272,2026-11-16T04:30:00,registered,true,
RG01558,ST0286,EV0273,2026-10-30T21:30:00,registered,true,
RG01559,ST0287,EV0032,2026-09-08T20:00:00,attended,false,3
RG01560,ST0287,EV0138,2026-09-02T23:30:00,no_show,false,
RG01561,ST0287,EV0166,2026-10-06T02:00:00,registered,true,
RG01562,ST0287,EV0267,2026-10-31T06:00:00,registered,false,
RG01563,ST0287,EV0268,2026-09-07T20:00:00,attended,true,4
RG01564,ST0287,EV0272,2026-11-13T02:30:00,registered,true,
RG01565,ST0288,EV0260,2026-09-17T07:00:00,registered,false,
RG01566,ST0288,EV0270,2026-11-26T12:00:00,registered,false,
RG01567,ST0289,EV0088,2026-08-23T23:00:00,attended,false,3
RG01568,ST0290,EV0244,2026-09-18T07:00:00,registered,true,
RG01569,ST0290,EV0250,2026-09-12T14:00:00,registered,true,
RG01570,ST0291,EV0002,2026-09-20T00:00:00,registered,false,
RG01571,ST0291,EV0067,2026-10-20T16:30:00,registered,false,
RG01572,ST0291,EV0139,2026-10-13T15:30:00,registered,true,
RG01573,ST0291,EV0267,2026-11-04T05:00:00,registered,false,
RG01574,ST0291,EV0278,2026-11-25T07:30:00,registered,false,
RG01575,ST0292,EV0002,2026-09-15T23:00:00,registered,false,
RG01576,ST0292,EV0272,2026-11-05T03:30:00,registered,false,
RG01577,ST0292,EV0278,2026-12-02T13:30:00,registered,false,
RG01578,ST0292,EV0280,2026-09-27T04:30:00,registered,true,
RG01579,ST0293,EV0059,2026-10-23T12:30:00,registered,true,
RG01580,ST0293,EV0171,2026-09-12T15:30:00,registered,true,
RG01581,ST0293,EV0181,2026-12-06T09:30:00,registered,true,
RG01582,ST0293,EV0184,2026-09-11T22:30:00,registered,true,
RG01583,ST0293,EV0190,2026-12-05T19:00:00,registered,true,
RG01584,ST0293,EV0235,2026-08-19T07:00:00,attended,true,5
RG01585,ST0293,EV0245,2026-09-28T11:00:00,registered,false,
RG01586,ST0294,EV0018,2026-11-02T00:00:00,registered,false,
RG01587,ST0294,EV0124,2026-09-17T00:00:00,registered,false,
RG01588,ST0294,EV0221,2026-11-24T08:30:00,registered,true,
RG01589,ST0295,EV0128,2026-11-18T03:30:00,registered,false,
RG01590,ST0295,EV0163,2026-09-28T05:00:00,registered,true,
RG01591,ST0295,EV0272,2026-11-05T22:30:00,registered,true,
RG01592,ST0296,EV0173,2026-10-31T07:30:00,registered,false,
RG01593,ST0296,EV0191,2026-11-21T08:00:00,registered,false,
RG01594,ST0296,EV0193,2026-08-19T09:00:00,no_show,true,
RG01595,ST0296,EV0201,2026-11-06T14:00:00,registered,false,
RG01596,ST0296,EV0202,2026-11-18T16:00:00,registered,true,
RG01597,ST0296,EV0264,2026-10-16T03:30:00,registered,true,
RG01598,ST0297,EV0002,2026-09-24T08:00:00,registered,false,
RG01599,ST0297,EV0008,2026-08-28T02:00:00,attended,false,5
RG01600,ST0297,EV0016,2026-09-21T23:00:00,registered,true,
RG01601,ST0297,EV0026,2026-11-17T23:00:00,registered,false,
RG01602,ST0297,EV0070,2026-10-17T22:00:00,registered,false,
RG01603,ST0297,EV0132,2026-09-21T13:30:00,registered,true,
RG01604,ST0297,EV0152,2026-09-16T19:30:00,registered,true,
RG01605,ST0297,EV0268,2026-09-12T09:00:00,no_show,true,
RG01606,ST0298,EV0004,2026-10-08T14:00:00,registered,true,
RG01607,ST0298,EV0158,2026-10-03T17:30:00,registered,true,
RG01608,ST0298,EV0199,2026-11-01T10:30:00,registered,false,
RG01609,ST0298,EV0200,2026-09-27T10:30:00,registered,true,
RG01610,ST0299,EV0029,2026-09-20T06:00:00,registered,false,
RG01611,ST0299,EV0032,2026-09-10T23:00:00,no_show,false,
RG01612,ST0299,EV0134,2026-09-28T23:30:00,registered,false,
RG01613,ST0299,EV0135,2026-10-23T08:30:00,registered,true,
RG01614,ST0299,EV0136,2026-11-08T15:30:00,registered,true,
RG01615,ST0300,EV0001,2026-09-25T02:00:00,registered,false,
RG01616,ST0300,EV0072,2026-09-08T05:30:00,no_show,true,
RG01617,ST0300,EV0210,2026-09-08T18:30:00,registered,true,
RG01618,ST0300,EV0236,2026-09-29T17:00:00,registered,false,
RG01619,ST0300,EV0238,2026-08-24T18:00:00,attended,false,3
RG01620,ST0300,EV0243,2026-10-17T19:00:00,registered,true,
RG01621,ST0300,EV0260,2026-09-27T16:00:00,registered,false,
RG01622,ST0301,EV0075,2026-09-23T18:00:00,registered,true,
RG01623,ST0301,EV0081,2026-09-28T12:00:00,registered,true,
RG01624,ST0301,EV0208,2026-10-26T07:30:00,registered,true,
RG01625,ST0301,EV0209,2026-11-23T05:30:00,registered,true,
RG01626,ST0301,EV0211,2026-10-25T01:30:00,registered,false,
RG01627,ST0301,EV0213,2026-08-30T05:30:00,attended,false,4
RG01628,ST0301,EV0230,2026-11-30T08:00:00,registered,false,
RG01629,ST0301,EV0240,2026-09-10T16:00:00,attended,true,4
RG01630,ST0302,EV0171,2026-09-19T02:30:00,registered,false,
RG01631,ST0302,EV0174,2026-10-28T18:30:00,registered,false,
RG01632,ST0302,EV0218,2026-11-28T17:30:00,registered,true,
RG01633,ST0303,EV0003,2026-09-02T14:00:00,attended,false,
RG01634,ST0303,EV0131,2026-09-29T16:30:00,registered,false,
RG01635,ST0303,EV0135,2026-10-15T11:30:00,registered,true,
RG01636,ST0303,EV0147,2026-08-28T02:00:00,attended,true,
RG01637,ST0303,EV0272,2026-11-06T16:30:00,registered,false,
RG01638,ST0304,EV0004,2026-10-11T04:00:00,registered,false,
RG01639,ST0304,EV0141,2026-09-19T08:00:00,registered,false,
RG01640,ST0304,EV0159,2026-12-02T18:00:00,registered,true,
RG01641,ST0304,EV0171,2026-09-16T00:30:00,registered,true,
RG01642,ST0304,EV0172,2026-10-18T22:30:00,registered,true,
RG01643,ST0304,EV0173,2026-10-26T08:30:00,registered,true,
RG01644,ST0304,EV0193,2026-08-26T03:00:00,attended,true,5
RG01645,ST0304,EV0195,2026-08-27T13:30:00,attended,true,3
RG01646,ST0305,EV0058,2026-10-16T12:00:00,registered,true,
RG01647,ST0305,EV0080,2026-11-27T06:00:00,registered,false,
RG01648,ST0305,EV0081,2026-09-29T17:00:00,registered,true,
RG01649,ST0305,EV0084,2026-09-26T22:00:00,registered,false,
RG01650,ST0305,EV0087,2026-09-08T01:00:00,attended,true,5
RG01651,ST0305,EV0091,2026-11-23T12:30:00,registered,true,
RG01652,ST0305,EV0156,2026-08-18T16:30:00,attended,true,5
RG01653,ST0305,EV0158,2026-09-26T18:30:00,registered,false,
RG01654,ST0305,EV0278,2026-11-25T12:30:00,registered,true,
RG01655,ST0306,EV0093,2026-10-01T06:00:00,registered,false,
RG01656,ST0306,EV0094,2026-11-27T08:30:00,registered,true,
RG01657,ST0306,EV0129,2026-09-12T11:30:00,attended,true,5
RG01658,ST0306,EV0151,2026-08-22T00:00:00,attended,true,
RG01659,ST0306,EV0212,2026-10-23T00:30:00,registered,false,
RG01660,ST0306,EV0268,2026-09-07T20:00:00,no_show,false,
RG01661,ST0307,EV0061,2026-08-29T11:00:00,attended,false,4
RG01662,ST0307,EV0174,2026-10-23T05:30:00,registered,false,
RG01663,ST0307,EV0195,2026-08-31T10:30:00,attended,false,
RG01664,ST0307,EV0199,2026-11-10T15:30:00,registered,false,
RG01665,ST0307,EV0243,2026-10-11T13:00:00,registered,false,
RG01666,ST0307,EV0251,2026-09-28T01:30:00,registered,false,
RG01667,ST0307,EV0277,2026-10-27T19:30:00,registered,false,
RG01668,ST0308,EV0003,2026-09-15T05:00:00,attended,true,
RG01669,ST0308,EV0042,2026-11-02T17:30:00,registered,true,
RG01670,ST0308,EV0043,2026-12-08T09:30:00,registered,false,
RG01671,ST0308,EV0109,2026-09-14T07:30:00,attended,true,3
RG01672,ST0308,EV0268,2026-09-06T00:00:00,no_show,false,
RG01673,ST0308,EV0269,2026-09-22T14:00:00,registered,false,
RG01674,ST0308,EV0270,2026-11-21T07:00:00,registered,true,
RG01675,ST0308,EV0271,2026-10-02T08:00:00,registered,false,
RG01676,ST0308,EV0280,2026-09-27T09:30:00,registered,true,
RG01677,ST0309,EV0073,2026-11-03T23:00:00,registered,true,
RG01678,ST0309,EV0111,2026-11-03T04:30:00,registered,true,
RG01679,ST0309,EV0205,2026-10-11T09:00:00,registered,false,
RG01680,ST0309,EV0209,2026-11-27T06:30:00,registered,true,
RG01681,ST0309,EV0232,2026-10-20T16:00:00,registered,false,
RG01682,ST0309,EV0234,2026-08-30T22:00:00,attended,false,3
RG01683,ST0309,EV0237,2026-09-07T22:00:00,attended,true,
RG01684,ST0309,EV0241,2026-11-17T05:00:00,registered,false,
RG01685,ST0310,EV0046,2026-10-26T22:00:00,registered,false,
RG01686,ST0310,EV0098,2026-09-19T18:00:00,registered,false,
RG01687,ST0310,EV0182,2026-08-26T08:30:00,attended,false,5
RG01688,ST0310,EV0190,2026-11-26T14:00:00,registered,false,
RG01689,ST0310,EV0253,2026-09-18T12:30:00,registered,true,
RG01690,ST0310,EV0261,2026-10-06T23:30:00,registered,true,
RG01691,ST0310,EV0278,2026-11-27T17:30:00,registered,true,
RG01692,ST0311,EV0186,2026-09-17T17:00:00,registered,true,
RG01693,ST0311,EV0188,2026-11-28T18:00:00,registered,false,
RG01694,ST0312,EV0003,2026-09-05T19:00:00,attended,false,
RG01695,ST0312,EV0010,2026-11-27T22:00:00,registered,false,
RG01696,ST0312,EV0017,2026-08-14T13:30:00,attended,true,4
RG01697,ST0312,EV0026,2026-11-12T23:00:00,registered,true,
RG01698,ST0312,EV0027,2026-10-06T18:30:00,registered,false,
RG01699,ST0312,EV0034,2026-09-04T00:30:00,attended,false,
RG01700,ST0312,EV0070,2026-10-21T03:00:00,registered,true,
RG01701,ST0312,EV0138,2026-08-30T04:30:00,attended,false,3
RG01702,ST0312,EV0272,2026-11-06T18:30:00,registered,true,
RG01703,ST0312,EV0278,2026-12-02T01:30:00,registered,true,
RG01704,ST0313,EV0008,2026-08-25T07:00:00,no_show,true,
RG01705,ST0313,EV0027,2026-10-10T08:30:00,registered,true,
RG01706,ST0313,EV0101,2026-11-23T04:00:00,registered,true,
RG01707,ST0313,EV0175,2026-08-15T12:00:00,attended,true,
RG01708,ST0313,EV0176,2026-10-23T07:00:00,registered,false,
RG01709,ST0313,EV0177,2026-11-09T05:00:00,registered,false,
RG01710,ST0313,EV0279,2026-10-13T16:30:00,registered,false,
RG01711,ST0313,EV0280,2026-09-30T09:30:00,registered,true,
RG01712,ST0314,EV0062,2026-09-15T05:00:00,registered,false,
RG01713,ST0314,EV0064,2026-11-27T04:00:00,registered,false,
RG01714,ST0314,EV0073,2026-11-02T05:00:00,registered,true,
RG01715,ST0314,EV0195,2026-09-03T12:30:00,attended,true,3
RG01716,ST0314,EV0197,2026-11-09T09:30:00,registered,false,
RG01717,ST0314,EV0198,2026-09-28T02:30:00,registered,true,
RG01718,ST0314,EV0268,2026-09-15T11:00:00,no_show,true,
RG01719,ST0314,EV0272,2026-11-05T01:30:00,registered,true,
RG01720,ST0314,EV0273,2026-11-04T23:30:00,registered,true,
RG01721,ST0315,EV0046,2026-11-01T22:00:00,registered,false,
RG01722,ST0315,EV0051,2026-10-30T13:00:00,registered,false,
RG01723,ST0315,EV0071,2026-10-08T13:00:00,registered,false,
RG01724,ST0315,EV0182,2026-08-17T23:30:00,no_show,true,
RG01725,ST0315,EV0189,2026-09-22T09:00:00,registered,true,
RG01726,ST0315,EV0245,2026-10-08T13:00:00,registered,false,
RG01727,ST0316,EV0003,2026-09-14T17:00:00,attended,false,4
RG01728,ST0316,EV0030,2026-10-18T05:30:00,registered,true,
RG01729,ST0316,EV0127,2026-08-21T08:30:00,attended,false,
RG01730,ST0316,EV0139,2026-10-20T10:30:00,registered,true,
RG01731,ST0316,EV0187,2026-10-12T06:00:00,registered,false,
RG01732,ST0316,EV0272,2026-11-07T10:30:00,registered,true,
RG01733,ST0317,EV0073,2026-11-08T17:00:00,registered,true,
RG01734,ST0317,EV0077,2026-09-14T13:00:00,attended,true,4
RG01735,ST0317,EV0080,2026-11-22T04:00:00,registered,false,
RG01736,ST0317,EV0159,2026-12-05T15:00:00,registered,true,
RG01737,ST0317,EV0205,2026-10-03T23:00:00,registered,true,
RG01738,ST0317,EV0207,2026-09-17T09:00:00,registered,true,
RG01739,ST0317,EV0229,2026-08-30T04:00:00,no_show,false,
RG01740,ST0317,EV0233,2026-11-30T17:00:00,registered,true,
RG01741,ST0317,EV0235,2026-08-24T11:00:00,attended,false,5
RG01742,ST0318,EV0003,2026-09-13T18:00:00,attended,false,
RG01743,ST0318,EV0031,2026-11-20T21:00:00,registered,false,
RG01744,ST0318,EV0137,2026-12-02T15:30:00,registered,true,
RG01745,ST0318,EV0138,2026-09-03T16:30:00,attended,true,
RG01746,ST0318,EV0139,2026-10-11T02:30:00,registered,true,
RG01747,ST0318,EV0192,2026-12-02T23:00:00,registered,false,
RG01748,ST0318,EV0240,2026-09-08T18:00:00,no_show,true,
RG01749,ST0318,EV0267,2026-10-26T03:00:00,registered,false,
RG01750,ST0318,EV0280,2026-09-26T10:30:00,registered,true,
RG01751,ST0319,EV0002,2026-09-23T10:00:00,registered,true,
RG01752,ST0319,EV0032,2026-09-06T09:00:00,no_show,false,
RG01753,ST0319,EV0062,2026-09-18T18:00:00,registered,true,
RG01754,ST0319,EV0108,2026-09-20T09:30:00,registered,false,
RG01755,ST0319,EV0109,2026-09-08T08:30:00,attended,false,
RG01756,ST0319,EV0110,2026-10-13T18:30:00,registered,true,
RG01757,ST0319,EV0115,2026-10-09T18:00:00,registered,true,
RG01758,ST0319,EV0129,2026-09-10T13:30:00,no_show,false,
RG01759,ST0319,EV0262,2026-10-13T09:30:00,registered,true,
RG01760,ST0320,EV0018,2026-11-15T12:00:00,registered,false,
RG01761,ST0320,EV0019,2026-09-18T07:00:00,registered,false,
RG01762,ST0320,EV0057,2026-08-17T09:00:00,no_show,false,
RG01763,ST0320,EV0091,2026-11-20T07:30:00,registered,false,
RG01764,ST0320,EV0121,2026-11-28T07:00:00,registered,false,
RG01765,ST0320,EV0134,2026-09-25T04:30:00,registered,false,
RG01766,ST0320,EV0232,2026-10-19T05:00:00,registered,true,
RG01767,ST0321,EV0040,2026-10-29T10:00:00,registered,false,
RG01768,ST0321,EV0049,2026-08-11T09:30:00,no_show,false,
RG01769,ST0321,EV0109,2026-09-04T04:30:00,no_show,false,
RG01770,ST0321,EV0124,2026-09-12T14:00:00,registered,false,
RG01771,ST0321,EV0215,2026-12-01T17:30:00,registered,true,
RG01772,ST0322,EV0149,2026-10-18T18:00:00,registered,false,
RG01773,ST0323,EV0037,2026-09-12T06:00:00,registered,false,
RG01774,ST0323,EV0057,2026-08-25T12:00:00,no_show,false,
RG01775,ST0323,EV0104,2026-11-05T11:00:00,registered,true,
RG01776,ST0324,EV0004,2026-10-12T00:00:00,registered,false,
RG01777,ST0325,EV0094,2026-11-24T00:30:00,registered,true,
RG01778,ST0325,EV0134,2026-09-26T15:30:00,registered,false,
RG01779,ST0325,EV0148,2026-10-02T17:00:00,registered,true,
RG01780,ST0325,EV0150,2026-10-29T12:00:00,registered,true,
RG01781,ST0325,EV0268,2026-09-02T22:00:00,attended,true,
RG01782,ST0326,EV0004,2026-10-10T01:00:00,registered,true,
RG01783,ST0326,EV0064,2026-11-27T07:00:00,registered,true,
RG01784,ST0326,EV0176,2026-10-27T00:00:00,registered,true,
RG01785,ST0326,EV0196,2026-09-25T01:30:00,registered,false,
RG01786,ST0326,EV0197,2026-11-13T01:30:00,registered,true,
RG01787,ST0326,EV0267,2026-11-04T15:00:00,registered,true,
RG01788,ST0326,EV0268,2026-09-09T03:00:00,attended,true,5
RG01789,ST0326,EV0272,2026-11-10T19:30:00,registered,true,
RG01790,ST0326,EV0275,2026-11-06T13:00:00,registered,true,
RG01791,ST0327,EV0137,2026-12-06T04:30:00,registered,true,
RG01792,ST0327,EV0160,2026-10-19T11:00:00,registered,true,
RG01793,ST0327,EV0161,2026-11-21T14:00:00,registered,false,
RG01794,ST0327,EV0195,2026-09-02T11:30:00,attended,true,4
RG01795,ST0327,EV0197,2026-11-11T00:30:00,registered,true,
RG01796,ST0327,EV0198,2026-09-21T22:30:00,registered,false,
RG01797,ST0327,EV0200,2026-09-24T11:30:00,registered,false,
RG01798,ST0327,EV0268,2026-09-10T00:00:00,attended,false,3
RG01799,ST0327,EV0277,2026-10-28T17:30:00,registered,true,
RG01800,ST0328,EV0051,2026-11-08T05:00:00,registered,false,
RG01801,ST0328,EV0116,2026-09-10T14:30:00,attended,false,
RG01802,ST0328,EV0119,2026-10-21T14:30:00,registered,false,
RG01803,ST0329,EV0053,2026-08-18T06:00:00,attended,true,5
RG01804,ST0329,EV0055,2026-09-22T02:00:00,registered,false,
RG01805,ST0329,EV0062,2026-09-11T04:00:00,registered,true,
RG01806,ST0329,EV0112,2026-09-15T03:30:00,registered,true,
RG01807,ST0329,EV0116,2026-09-10T16:30:00,attended,false,
RG01808,ST0329,EV0117,2026-12-02T09:30:00,registered,false,
RG01809,ST0329,EV0118,2026-10-28T05:30:00,registered,false,
RG01810,ST0329,EV0119,2026-10-28T16:30:00,registered,false,
RG01811,ST0330,EV0006,2026-10-10T00:00:00,registered,true,
RG01812,ST0330,EV0016,2026-09-29T01:00:00,registered,true,
RG01813,ST0330,EV0032,2026-09-16T08:00:00,attended,false,5
RG01814,ST0330,EV0070,2026-10-21T18:00:00,registered,false,
RG01815,ST0330,EV0122,2026-08-28T15:00:00,attended,true,3
RG01816,ST0330,EV0277,2026-11-01T23:30:00,registered,false,
RG01817,ST0330,EV0278,2026-12-04T17:30:00,registered,false,
RG01818,ST0331,EV0064,2026-12-06T03:00:00,registered,false,
RG01819,ST0331,EV0169,2026-08-12T16:30:00,no_show,false,
RG01820,ST0331,EV0171,2026-09-17T09:30:00,registered,false,
RG01821,ST0331,EV0173,2026-10-29T00:30:00,registered,true,
RG01822,ST0331,EV0180,2026-10-09T02:30:00,registered,true,
RG01823,ST0331,EV0186,2026-09-27T07:00:00,registered,true,
RG01824,ST0331,EV0245,2026-10-08T04:00:00,registered,false,
RG01825,ST0331,EV0280,2026-09-28T05:30:00,registered,true,
RG01826,ST0332,EV0129,2026-09-10T06:30:00,attended,true,3
RG01827,ST0332,EV0133,2026-08-14T18:30:00,attended,true,
RG01828,ST0332,EV0149,2026-10-18T03:00:00,registered,true,
RG01829,ST0332,EV0150,2026-11-06T13:00:00,registered,true,
RG01830,ST0332,EV0151,2026-08-20T02:00:00,attended,false,
RG01831,ST0332,EV0268,2026-09-14T20:00:00,attended,false,
RG01832,ST0333,EV0127,2026-08-31T01:30:00,attended,true,
RG01833,ST0333,EV0128,2026-11-20T00:30:00,registered,true,
RG01834,ST0333,EV0135,2026-10-17T04:30:00,registered,false,
RG01835,ST0333,EV0151,2026-08-13T12:00:00,attended,true,
RG01836,ST0334,EV0065,2026-08-25T08:00:00,attended,true,4
RG01837,ST0334,EV0138,2026-08-31T14:30:00,no_show,false,
RG01838,ST0334,EV0171,2026-09-15T02:30:00,registered,false,
RG01839,ST0334,EV0272,2026-11-11T04:30:00,registered,true,
RG01840,ST0335,EV0003,2026-09-11T14:00:00,attended,true,
RG01841,ST0335,EV0058,2026-10-12T11:00:00,registered,true,
RG01842,ST0335,EV0082,2026-10-17T12:00:00,registered,true,
RG01843,ST0335,EV0084,2026-09-27T03:00:00,registered,true,
RG01844,ST0335,EV0154,2026-08-20T10:30:00,attended,true,
RG01845,ST0335,EV0158,2026-09-29T02:30:00,registered,false,
RG01846,ST0335,EV0172,2026-10-20T00:30:00,registered,true,
RG01847,ST0335,EV0276,2026-08-11T21:00:00,no_show,false,
RG01848,ST0335,EV0278,2026-11-25T10:30:00,registered,false,
RG01849,ST0336,EV0054,2026-10-25T07:00:00,registered,false,
RG01850,ST0336,EV0206,2026-08-24T17:00:00,attended,false,4
RG01851,ST0336,EV0229,2026-08-26T04:00:00,no_show,true,
RG01852,ST0336,EV0239,2026-08-21T10:00:00,attended,true,
RG01853,ST0337,EV0236,2026-10-01T23:00:00,registered,false,
RG01854,ST0337,EV0264,2026-10-18T17:30:00,registered,false,
RG01855,ST0338,EV0007,2026-09-13T03:00:00,registered,false,
RG01856,ST0338,EV0059,2026-10-19T07:30:00,registered,false,
RG01857,ST0338,EV0101,2026-11-20T22:00:00,registered,false,
RG01858,ST0338,EV0164,2026-10-17T09:00:00,registered,true,
RG01859,ST0338,EV0165,2026-09-30T06:00:00,registered,false,
RG01860,ST0338,EV0180,2026-10-07T23:30:00,registered,false,
RG01861,ST0338,EV0186,2026-09-16T23:00:00,registered,false,
RG01862,ST0338,EV0250,2026-09-18T06:00:00,registered,false,
RG01863,ST0339,EV0018,2026-11-12T05:00:00,registered,false,
RG01864,ST0339,EV0026,2026-11-23T18:00:00,registered,false,
RG01865,ST0339,EV0031,2026-11-23T08:00:00,registered,false,
RG01866,ST0339,EV0138,2026-08-27T12:30:00,no_show,false,
RG01867,ST0339,EV0139,2026-10-15T12:30:00,registered,true,
RG01868,ST0339,EV0140,2026-09-29T06:30:00,registered,true,
RG01869,ST0339,EV0170,2026-09-24T00:30:00,registered,true,
RG01870,ST0339,EV0278,2026-11-30T08:30:00,registered,false,
RG01871,ST0340,EV0053,2026-08-20T06:00:00,no_show,false,
RG01872,ST0340,EV0168,2026-09-14T15:00:00,registered,true,
RG01873,ST0340,EV0191,2026-11-21T16:00:00,registered,true,
RG01874,ST0340,EV0204,2026-08-21T06:00:00,attended,true,4
RG01875,ST0340,EV0228,2026-08-30T13:00:00,attended,true,
RG01876,ST0340,EV0237,2026-09-01T11:00:00,no_show,false,
RG01877,ST0340,EV0243,2026-10-05T17:00:00,registered,false,
RG01878,ST0341,EV0193,2026-08-17T17:00:00,attended,false,5
RG01879,ST0341,EV0209,2026-12-02T17:30:00,registered,false,
RG01880,ST0341,EV0229,2026-08-28T18:00:00,no_show,false,
RG01881,ST0341,EV0230,2026-11-28T08:00:00,registered,true,
RG01882,ST0341,EV0236,2026-10-03T05:00:00,registered,true,
RG01883,ST0341,EV0242,2026-08-14T15:00:00,no_show,false,
RG01884,ST0342,EV0005,2026-10-23T12:30:00,registered,false,
RG01885,ST0342,EV0222,2026-11-24T13:30:00,registered,false,
RG01886,ST0342,EV0246,2026-09-15T01:00:00,attended,true,4
RG01887,ST0342,EV0247,2026-09-11T07:00:00,registered,false,
RG01888,ST0342,EV0248,2026-10-01T17:00:00,registered,false,
RG01889,ST0342,EV0280,2026-09-27T21:30:00,registered,true,
RG01890,ST0343,EV0009,2026-10-20T05:00:00,registered,true,
RG01891,ST0343,EV0028,2026-09-06T01:30:00,attended,false,
RG01892,ST0343,EV0128,2026-11-26T23:30:00,registered,false,
RG01893,ST0343,EV0135,2026-10-19T16:30:00,registered,true,
RG01894,ST0343,EV0139,2026-10-10T08:30:00,registered,false,
RG01895,ST0343,EV0192,2026-12-02T07:00:00,registered,false,
RG01896,ST0344,EV0001,2026-09-19T06:00:00,registered,true,
RG01897,ST0344,EV0144,2026-08-19T03:00:00,attended,true,5
RG01898,ST0344,EV0170,2026-09-18T11:30:00,registered,false,
RG01899,ST0344,EV0192,2026-11-28T00:00:00,registered,false,
RG01900,ST0344,EV0197,2026-11-06T00:30:00,registered,true,
RG01901,ST0344,EV0272,2026-11-07T20:30:00,registered,true,
RG01902,ST0344,EV0273,2026-11-02T08:30:00,registered,false,
RG01903,ST0344,EV0278,2026-12-03T01:30:00,registered,true,
RG01904,ST0345,EV0093,2026-10-09T23:00:00,registered,true,
RG01905,ST0345,EV0129,2026-09-13T08:30:00,attended,true,
RG01906,ST0345,EV0207,2026-09-17T11:00:00,registered,false,
RG01907,ST0345,EV0257,2026-10-14T23:00:00,registered,false,
RG01908,ST0346,EV0164,2026-10-10T00:00:00,registered,true,
RG01909,ST0346,EV0180,2026-10-18T13:30:00,registered,false,
RG01910,ST0347,EV0005,2026-11-04T04:30:00,registered,true,
RG01911,ST0347,EV0071,2026-10-14T17:00:00,registered,true,
RG01912,ST0347,EV0077,2026-09-06T11:00:00,attended,false,
RG01913,ST0347,EV0078,2026-11-14T21:00:00,registered,true,
RG01914,ST0347,EV0231,2026-11-25T00:00:00,registered,true,
RG01915,ST0347,EV0234,2026-09-05T00:00:00,attended,true,3
RG01916,ST0347,EV0235,2026-08-27T08:00:00,attended,false,
RG01917,ST0347,EV0236,2026-09-25T04:00:00,registered,false,
RG01918,ST0347,EV0280,2026-10-01T04:30:00,registered,true,
RG01919,ST0348,EV0164,2026-10-10T04:00:00,registered,false,
RG01920,ST0348,EV0168,2026-09-09T10:00:00,registered,true,
RG01921,ST0348,EV0171,2026-09-13T17:30:00,registered,true,
RG01922,ST0348,EV0174,2026-11-04T12:30:00,registered,false,
RG01923,ST0348,EV0184,2026-09-19T14:30:00,registered,false,
RG01924,ST0348,EV0185,2026-11-16T08:00:00,registered,false,
RG01925,ST0348,EV0250,2026-09-21T18:00:00,registered,true,
RG01926,ST0349,EV0107,2026-09-22T19:30:00,registered,true,
RG01927,ST0349,EV0145,2026-11-07T13:00:00,registered,true,
RG01928,ST0349,EV0224,2026-08-14T17:30:00,attended,true,4
RG01929,ST0350,EV0059,2026-10-23T03:30:00,registered,true,
RG01930,ST0350,EV0177,2026-11-04T15:00:00,registered,false,
RG01931,ST0350,EV0178,2026-11-11T09:00:00,registered,false,
RG01932,ST0351,EV0114,2026-09-01T17:00:00,attended,false,3
RG01933,ST0351,EV0127,2026-08-29T09:30:00,attended,true,3
RG01934,ST0351,EV0240,2026-09-09T05:00:00,attended,false,
RG01935,ST0351,EV0262,2026-10-13T12:30:00,registered,true,
RG01936,ST0351,EV0265,2026-08-23T22:30:00,no_show,false,
RG01937,ST0351,EV0273,2026-10-31T05:30:00,registered,false,
RG01938,ST0352,EV0040,2026-11-03T04:00:00,registered,false,
RG01939,ST0352,EV0083,2026-10-03T16:00:00,registered,true,
RG01940,ST0352,EV0169,2026-08-17T00:30:00,no_show,false,
RG01941,ST0352,EV0202,2026-11-14T02:00:00,registered,false,
RG01942,ST0352,EV0232,2026-10-16T09:00:00,registered,false,
RG01943,ST0352,EV0238,2026-08-21T18:00:00,attended,true,
RG01944,ST0352,EV0266,2026-09-08T05:30:00,no_show,false,
RG01945,ST0353,EV0003,2026-09-02T19:00:00,attended,true,5
RG01946,ST0353,EV0081,2026-09-30T22:00:00,registered,true,
RG01947,ST0353,EV0084,2026-09-24T08:00:00,registered,false,
RG01948,ST0353,EV0128,2026-11-25T19:30:00,registered,false,
RG01949,ST0353,EV0158,2026-10-03T12:30:00,registered,false,
RG01950,ST0353,EV0274,2026-11-09T05:30:00,registered,true,
RG01951,ST0353,EV0276,2026-08-24T05:00:00,attended,true,
RG01952,ST0353,EV0277,2026-10-20T03:30:00,registered,true,
RG01953,ST0353,EV0278,2026-11-26T11:30:00,registered,true,
RG01954,ST0354,EV0113,2026-10-21T08:00:00,registered,true,
RG01955,ST0354,EV0170,2026-09-18T23:30:00,registered,false,
RG01956,ST0354,EV0172,2026-10-15T01:30:00,registered,false,
RG01957,ST0354,EV0173,2026-10-28T10:30:00,registered,true,
RG01958,ST0354,EV0193,2026-08-26T00:00:00,attended,true,3
RG01959,ST0354,EV0244,2026-09-26T06:00:00,registered,false,
RG01960,ST0354,EV0272,2026-11-04T11:30:00,registered,false,
RG01961,ST0355,EV0007,2026-09-15T12:00:00,registered,false,
RG01962,ST0355,EV0014,2026-10-29T08:30:00,registered,true,
RG01963,ST0355,EV0187,2026-10-14T02:00:00,registered,false,
RG01964,ST0355,EV0224,2026-08-19T04:30:00,no_show,false,
RG01965,ST0355,EV0248,2026-10-04T09:00:00,registered,false,
RG01966,ST0356,EV0009,2026-10-13T18:00:00,registered,true,
RG01967,ST0356,EV0222,2026-11-25T12:30:00,registered,false,
RG01968,ST0356,EV0267,2026-11-03T07:00:00,registered,false,
RG01969,ST0357,EV0002,2026-09-18T07:00:00,registered,false,
RG01970,ST0357,EV0018,2026-11-13T23:00:00,registered,false,
RG01971,ST0357,EV0022,2026-10-07T06:00:00,registered,false,
RG01972,ST0357,EV0024,2026-08-22T06:30:00,attended,true,5
RG01973,ST0357,EV0031,2026-11-29T18:00:00,registered,true,
RG01974,ST0357,EV0085,2026-10-15T02:00:00,registered,true,
RG01975,ST0357,EV0137,2026-11-29T11:30:00,registered,true,
RG01976,ST0357,EV0236,2026-09-25T07:00:00,registered,false,
RG01977,ST0357,EV0268,2026-09-10T05:00:00,attended,true,
RG01978,ST0357,EV0273,2026-11-06T05:30:00,registered,true,
RG01979,ST0358,EV0004,2026-10-07T05:00:00,registered,false,
RG01980,ST0359,EV0182,2026-08-24T12:30:00,attended,false,
RG01981,ST0359,EV0215,2026-12-05T12:30:00,registered,false,
RG01982,ST0359,EV0216,2026-11-28T00:30:00,registered,false,
RG01983,ST0359,EV0217,2026-10-13T17:30:00,registered,false,
RG01984,ST0359,EV0229,2026-09-04T08:00:00,attended,false,
RG01985,ST0359,EV0233,2026-11-30T13:00:00,registered,false,
RG01986,ST0359,EV0235,2026-08-25T10:00:00,attended,true,4
RG01987,ST0359,EV0261,2026-10-09T01:30:00,registered,true,
RG01988,ST0359,EV0273,2026-11-08T05:30:00,registered,false,
RG01989,ST0360,EV0183,2026-09-02T09:30:00,attended,true,
RG01990,ST0360,EV0216,2026-11-29T18:30:00,registered,true,
RG01991,ST0360,EV0230,2026-11-28T03:00:00,registered,true,
RG01992,ST0360,EV0240,2026-08-30T23:00:00,no_show,false,
RG01993,ST0361,EV0233,2026-12-01T09:00:00,registered,true,
RG01994,ST0361,EV0245,2026-10-08T12:00:00,registered,false,
RG01995,ST0362,EV0017,2026-08-23T22:30:00,no_show,false,
RG01996,ST0362,EV0024,2026-08-27T14:30:00,no_show,false,
RG01997,ST0362,EV0030,2026-10-16T05:30:00,registered,true,
RG01998,ST0362,EV0062,2026-09-14T23:00:00,registered,true,
RG01999,ST0362,EV0137,2026-12-08T16:30:00,registered,false,
RG02000,ST0362,EV0138,2026-08-31T01:30:00,no_show,false,
RG02001,ST0362,EV0139,2026-10-14T03:30:00,registered,true,
RG02002,ST0362,EV0280,2026-09-21T11:30:00,registered,false,
RG02003,ST0363,EV0083,2026-10-04T16:00:00,registered,false,
RG02004,ST0363,EV0106,2026-10-19T01:30:00,registered,false,
RG02005,ST0363,EV0228,2026-09-02T01:00:00,no_show,false,
RG02006,ST0363,EV0235,2026-08-18T10:00:00,attended,false,5
RG02007,ST0363,EV0238,2026-08-24T11:00:00,no_show,true,
RG02008,ST0363,EV0240,2026-09-11T06:00:00,attended,true,5
RG02009,ST0364,EV0077,2026-09-06T06:00:00,attended,true,
RG02010,ST0364,EV0142,2026-09-08T11:00:00,registered,false,
RG02011,ST0364,EV0144,2026-08-12T22:00:00,attended,false,3
RG02012,ST0364,EV0185,2026-11-16T06:00:00,registered,false,
RG02013,ST0365,EV0040,2026-10-28T22:00:00,registered,false,
RG02014,ST0365,EV0119,2026-10-28T11:30:00,registered,true,
RG02015,ST0365,EV0120,2026-09-10T19:30:00,registered,true,
RG02016,ST0365,EV0208,2026-11-02T16:30:00,registered,true,
RG02017,ST0365,EV0263,2026-11-27T09:30:00,registered,false,
RG02018,ST0366,EV0071,2026-10-07T04:00:00,registered,false,
RG02019,ST0366,EV0203,2026-10-15T09:00:00,registered,false,
RG02020,ST0366,EV0204,2026-08-31T09:00:00,attended,true,4
RG02021,ST0366,EV0232,2026-10-25T18:00:00,registered,true,
RG02022,ST0367,EV0216,2026-11-20T16:30:00,registered,false,
RG02023,ST0367,EV0218,2026-11-26T07:30:00,registered,true,
RG02024,ST0368,EV0022,2026-10-03T15:00:00,registered,true,
RG02025,ST0368,EV0031,2026-11-29T23:00:00,registered,false,
RG02026,ST0368,EV0070,2026-10-19T06:00:00,registered,false,
RG02027,ST0368,EV0138,2026-08-28T09:30:00,attended,false,3
RG02028,ST0368,EV0247,2026-09-16T14:00:00,registered,true,
RG02029,ST0368,EV0272,2026-11-03T19:30:00,registered,false,
RG02030,ST0368,EV0280,2026-09-21T10:30:00,registered,false,
RG02031,ST0369,EV0040,2026-11-05T10:00:00,registered,false,
RG02032,ST0369,EV0046,2026-11-04T02:00:00,registered,true,
RG02033,ST0369,EV0085,2026-10-15T14:00:00,registered,false,
RG02034,ST0369,EV0122,2026-08-19T06:00:00,attended,false,
RG02035,ST0369,EV0243,2026-10-05T18:00:00,registered,true,
RG02036,ST0370,EV0008,2026-09-04T20:00:00,attended,true,5
RG02037,ST0370,EV0211,2026-10-17T23:30:00,registered,true,
RG02038,ST0370,EV0274,2026-11-12T00:30:00,registered,false,
RG02039,ST0371,EV0001,2026-09-15T03:00:00,registered,false,
RG02040,ST0371,EV0003,2026-09-01T20:00:00,no_show,false,
RG02041,ST0371,EV0006,2026-10-15T22:00:00,registered,false,
RG02042,ST0371,EV0032,2026-09-11T22:00:00,no_show,true,
RG02043,ST0371,EV0131,2026-09-25T17:30:00,registered,true,
RG02044,ST0371,EV0132,2026-09-14T00:30:00,registered,true,
RG02045,ST0371,EV0135,2026-10-16T22:30:00,registered,false,
RG02046,ST0371,EV0139,2026-10-17T02:30:00,registered,false,
RG02047,ST0371,EV0276,2026-08-20T22:00:00,attended,true,3
RG02048,ST0372,EV0005,2026-11-04T11:30:00,registered,true,
RG02049,ST0372,EV0071,2026-10-06T23:00:00,registered,true,
RG02050,ST0372,EV0095,2026-10-01T16:00:00,registered,true,
RG02051,ST0372,EV0096,2026-09-18T12:00:00,registered,false,
RG02052,ST0372,EV0209,2026-11-25T15:30:00,registered,true,
RG02053,ST0372,EV0222,2026-11-19T03:30:00,registered,false,
RG02054,ST0372,EV0223,2026-10-18T07:30:00,registered,false,
RG02055,ST0372,EV0248,2026-10-02T15:00:00,registered,false,
RG02056,ST0372,EV0260,2026-09-27T07:00:00,registered,false,
RG02057,ST0373,EV0001,2026-09-18T02:00:00,registered,true,
RG02058,ST0373,EV0075,2026-09-18T17:00:00,registered,true,
RG02059,ST0373,EV0077,2026-09-07T03:00:00,attended,true,4
RG02060,ST0373,EV0234,2026-09-09T10:00:00,attended,true,
RG02061,ST0373,EV0236,2026-10-06T08:00:00,registered,false,
RG02062,ST0373,EV0237,2026-08-28T16:00:00,attended,true,
RG02063,ST0374,EV0002,2026-09-22T06:00:00,registered,true,
RG02064,ST0374,EV0011,2026-10-23T21:00:00,registered,true,
RG02065,ST0374,EV0018,2026-11-06T18:00:00,registered,true,
RG02066,ST0374,EV0020,2026-10-29T06:00:00,registered,false,
RG02067,ST0374,EV0022,2026-10-03T23:00:00,registered,true,
RG02068,ST0374,EV0102,2026-10-25T22:30:00,registered,true,
RG02069,ST0374,EV0126,2026-08-11T18:00:00,attended,false,4
RG02070,ST0374,EV0131,2026-09-30T04:30:00,registered,false,
RG02071,ST0375,EV0229,2026-09-01T05:00:00,attended,true,3
RG02072,ST0375,EV0231,2026-12-02T18:00:00,registered,false,
RG02073,ST0375,EV0237,2026-08-28T01:00:00,attended,true,4
RG02074,ST0375,EV0240,2026-09-11T23:00:00,attended,true,5
RG02075,ST0376,EV0003,2026-09-04T02:00:00,attended,true,5
RG02076,ST0376,EV0106,2026-10-11T03:30:00,registered,true,
RG02077,ST0376,EV0128,2026-11-16T08:30:00,registered,true,
RG02078,ST0376,EV0132,2026-09-10T03:30:00,registered,false,
RG02079,ST0376,EV0271,2026-09-27T00:00:00,registered,true,
RG02080,ST0377,EV0111,2026-10-31T00:30:00,registered,true,
RG02081,ST0377,EV0112,2026-09-17T04:30:00,registered,false,
RG02082,ST0377,EV0117,2026-12-05T09:30:00,registered,true,
RG02083,ST0377,EV0120,2026-09-09T01:30:00,registered,false,
RG02084,ST0377,EV0182,2026-08-21T16:30:00,no_show,false,
RG02085,ST0378,EV0145,2026-11-07T05:00:00,registered,false,
RG02086,ST0378,EV0197,2026-11-10T17:30:00,registered,true,
RG02087,ST0378,EV0198,2026-09-27T11:30:00,registered,true,
RG02088,ST0378,EV0199,2026-10-30T01:30:00,registered,false,
RG02089,ST0378,EV0267,2026-11-04T02:00:00,registered,false,
RG02090,ST0378,EV0268,2026-09-11T05:00:00,attended,false,
RG02091,ST0379,EV0061,2026-08-24T17:00:00,attended,false,
RG02092,ST0379,EV0145,2026-11-11T06:00:00,registered,false,
RG02093,ST0379,EV0152,2026-09-14T09:30:00,registered,false,
RG02094,ST0379,EV0159,2026-12-01T01:00:00,registered,false,
RG02095,ST0379,EV0160,2026-10-19T03:00:00,registered,false,
RG02096,ST0379,EV0195,2026-08-28T18:30:00,no_show,false,
RG02097,ST0379,EV0196,2026-09-27T11:30:00,registered,true,
RG02098,ST0379,EV0272,2026-11-16T01:30:00,registered,true,
RG02099,ST0380,EV0001,2026-09-15T21:00:00,registered,true,
RG02100,ST0380,EV0008,2026-09-03T01:00:00,attended,true,
RG02101,ST0380,EV0059,2026-10-26T04:30:00,registered,false,
RG02102,ST0380,EV0176,2026-10-27T12:00:00,registered,true,
RG02103,ST0380,EV0177,2026-10-27T01:00:00,registered,false,
RG02104,ST0380,EV0178,2026-11-15T23:00:00,registered,false,
RG02105,ST0380,EV0214,2026-11-28T18:30:00,registered,false,
RG02106,ST0380,EV0271,2026-09-29T10:00:00,registered,false,
RG02107,ST0380,EV0280,2026-09-26T19:30:00,registered,true,
RG02108,ST0381,EV0064,2026-12-06T09:00:00,registered,false,
RG02109,ST0381,EV0081,2026-10-02T08:00:00,registered,false,
RG02110,ST0381,EV0154,2026-08-31T07:30:00,no_show,false,
RG02111,ST0381,EV0198,2026-09-17T18:30:00,registered,false,
RG02112,ST0381,EV0199,2026-11-09T13:30:00,registered,true,
RG02113,ST0382,EV0005,2026-10-27T17:30:00,registered,false,
RG02114,ST0382,EV0048,2026-10-28T00:00:00,registered,false,
RG02115,ST0382,EV0072,2026-09-01T14:30:00,no_show,false,
RG02116,ST0382,EV0073,2026-11-03T23:00:00,registered,false,
RG02117,ST0382,EV0075,2026-09-21T04:00:00,registered,false,
RG02118,ST0382,EV0077,2026-09-05T07:00:00,attended,true,
RG02119,ST0382,EV0210,2026-09-12T10:30:00,registered,false,
RG02120,ST0382,EV0211,2026-10-23T13:30:00,registered,false,
RG02121,ST0382,EV0213,2026-08-29T11:30:00,attended,false,
RG02122,ST0382,EV0268,2026-09-04T12:00:00,attended,true,
RG02123,ST0383,EV0177,2026-10-26T22:00:00,registered,false,
RG02124,ST0383,EV0196,2026-10-03T18:30:00,registered,false,
RG02125,ST0384,EV0002,2026-09-27T18:00:00,registered,true,
RG02126,ST0384,EV0029,2026-09-18T03:00:00,registered,true,
RG02127,ST0384,EV0058,2026-10-13T10:00:00,registered,true,
RG02128,ST0384,EV0062,2026-09-15T04:00:00,registered,false,
RG02129,ST0384,EV0153,2026-09-09T11:30:00,attended,false,3
RG02130,ST0384,EV0157,2026-09-11T14:30:00,attended,true,
RG02131,ST0384,EV0158,2026-10-05T07:30:00,registered,true,
RG02132,ST0384,EV0278,2026-12-07T12:30:00,registered,true,
RG02133,ST0385,EV0144,2026-08-25T06:00:00,no_show,false,
RG02134,ST0385,EV0173,2026-10-28T14:30:00,registered,false,
RG02135,ST0385,EV0174,2026-10-25T03:30:00,registered,false,
RG02136,ST0385,EV0200,2026-09-18T17:30:00,registered,false,
RG02137,ST0385,EV0267,2026-10-21T21:00:00,registered,true,
RG02138,ST0385,EV0272,2026-11-12T22:30:00,registered,false,
RG02139,ST0386,EV0109,2026-09-12T13:30:00,attended,true,
RG02140,ST0386,EV0198,2026-09-18T00:30:00,registered,false,
RG02141,ST0386,EV0200,2026-09-28T01:30:00,registered,false,
RG02142,ST0386,EV0268,2026-09-10T15:00:00,attended,true,5
RG02143,ST0386,EV0273,2026-11-08T19:30:00,registered,true,
RG02144,ST0387,EV0044,2026-10-17T17:00:00,registered,false,
RG02145,ST0387,EV0108,2026-09-26T09:30:00,registered,false,
RG02146,ST0387,EV0111,2026-10-29T03:30:00,registered,true,
RG02147,ST0387,EV0131,2026-10-01T18:30:00,registered,false,
RG02148,ST0387,EV0198,2026-09-16T06:30:00,registered,true,
RG02149,ST0387,EV0256,2026-11-09T12:00:00,registered,false,
RG02150,ST0387,EV0265,2026-08-25T09:30:00,attended,false,5
RG02151,ST0387,EV0266,2026-09-05T11:30:00,attended,false,5
RG02152,ST0387,EV0269,2026-09-23T10:00:00,registered,true,
RG02153,ST0387,EV0273,2026-11-05T11:30:00,registered,false,
RG02154,ST0388,EV0103,2026-11-15T01:00:00,registered,true,
RG02155,ST0388,EV0130,2026-10-28T08:30:00,registered,true,
RG02156,ST0388,EV0251,2026-10-11T18:30:00,registered,false,
RG02157,ST0388,EV0252,2026-10-13T07:30:00,registered,false,
RG02158,ST0388,EV0253,2026-09-20T07:30:00,registered,false,
RG02159,ST0388,EV0261,2026-10-12T10:30:00,registered,false,
RG02160,ST0388,EV0267,2026-11-03T01:00:00,registered,false,
RG02161,ST0388,EV0268,2026-09-14T02:00:00,attended,true,3
RG02162,ST0388,EV0273,2026-11-08T23:30:00,registered,true,
RG02163,ST0389,EV0248,2026-10-05T04:00:00,registered,true,
RG02164,ST0390,EV0014,2026-10-28T12:30:00,registered,true,
RG02165,ST0390,EV0053,2026-08-24T03:00:00,attended,true,3
RG02166,ST0390,EV0171,2026-09-15T23:30:00,registered,true,
RG02167,ST0390,EV0179,2026-12-01T16:30:00,registered,false,
RG02168,ST0390,EV0181,2026-11-29T06:30:00,registered,false,
RG02169,ST0390,EV0184,2026-09-09T09:30:00,registered,false,
RG02170,ST0390,EV0190,2026-11-24T23:00:00,registered,false,
RG02171,ST0390,EV0244,2026-09-16T07:00:00,registered,false,
RG02172,ST0390,EV0248,2026-10-10T15:00:00,registered,true,
RG02173,ST0391,EV0003,2026-09-08T01:00:00,attended,true,3
RG02174,ST0391,EV0042,2026-10-23T10:30:00,registered,true,
RG02175,ST0391,EV0054,2026-10-24T08:00:00,registered,false,
RG02176,ST0391,EV0064,2026-12-07T17:00:00,registered,true,
RG02177,ST0391,EV0107,2026-09-26T17:30:00,registered,false,
RG02178,ST0391,EV0263,2026-11-23T17:30:00,registered,true,
RG02179,ST0391,EV0267,2026-11-02T09:00:00,registered,true,
RG02180,ST0391,EV0268,2026-09-05T23:00:00,attended,true,
RG02181,ST0391,EV0276,2026-08-20T10:00:00,attended,true,
RG02182,ST0391,EV0280,2026-09-27T16:30:00,registered,false,
RG02183,ST0392,EV0030,2026-10-21T01:30:00,registered,true,
RG02184,ST0392,EV0034,2026-09-05T10:30:00,attended,true,4
RG02185,ST0392,EV0107,2026-09-22T19:30:00,registered,false,
RG02186,ST0392,EV0109,2026-09-11T23:30:00,no_show,true,
RG02187,ST0392,EV0112,2026-09-17T05:30:00,registered,false,
RG02188,ST0393,EV0057,2026-08-24T20:00:00,attended,false,
RG02189,ST0393,EV0072,2026-09-02T03:30:00,attended,false,4
RG02190,ST0393,EV0166,2026-10-07T12:00:00,registered,true,
RG02191,ST0393,EV0169,2026-08-13T02:30:00,attended,true,3
RG02192,ST0393,EV0217,2026-10-13T16:30:00,registered,true,
RG02193,ST0393,EV0255,2026-08-30T23:00:00,attended,false,3
RG02194,ST0393,EV0265,2026-08-27T06:30:00,no_show,true,
RG02195,ST0393,EV0272,2026-11-05T21:30:00,registered,true,
RG02196,ST0394,EV0062,2026-09-14T15:00:00,registered,false,
RG02197,ST0394,EV0064,2026-11-25T13:00:00,registered,true,
RG02198,ST0394,EV0196,2026-09-27T02:30:00,registered,true,
RG02199,ST0394,EV0197,2026-11-13T02:30:00,registered,true,
RG02200,ST0394,EV0198,2026-09-16T05:30:00,registered,true,
RG02201,ST0394,EV0199,2026-11-05T10:30:00,registered,false,
RG02202,ST0394,EV0244,2026-09-20T00:00:00,registered,true,
RG02203,ST0394,EV0268,2026-09-06T13:00:00,no_show,false,
RG02204,ST0395,EV0011,2026-11-03T11:00:00,registered,false,
RG02205,ST0395,EV0072,2026-09-02T11:30:00,no_show,false,
RG02206,ST0395,EV0073,2026-11-02T23:00:00,registered,true,
RG02207,ST0395,EV0078,2026-11-04T06:00:00,registered,true,
RG02208,ST0395,EV0230,2026-12-05T01:00:00,registered,false,
RG02209,ST0395,EV0235,2026-08-25T10:00:00,attended,false,
RG02210,ST0395,EV0236,2026-09-30T01:00:00,registered,false,
RG02211,ST0395,EV0243,2026-10-08T09:00:00,registered,true,
RG02212,ST0395,EV0260,2026-09-18T01:00:00,registered,false,
RG02213,ST0396,EV0004,2026-10-05T23:00:00,registered,false,
RG02214,ST0396,EV0007,2026-09-21T05:00:00,registered,false,
RG02215,ST0396,EV0023,2026-11-02T09:00:00,registered,false,
RG02216,ST0396,EV0062,2026-09-14T02:00:00,registered,true,
RG02217,ST0396,EV0064,2026-12-04T03:00:00,registered,true,
RG02218,ST0396,EV0194,2026-12-06T06:30:00,registered,true,
RG02219,ST0396,EV0196,2026-09-28T22:30:00,registered,false,
RG02220,ST0396,EV0200,2026-09-27T10:30:00,registered,true,
RG02221,ST0396,EV0272,2026-11-04T07:30:00,registered,false,
RG02222,ST0397,EV0077,2026-09-02T09:00:00,attended,false,5
RG02223,ST0397,EV0084,2026-09-28T23:00:00,registered,false,
RG02224,ST0397,EV0181,2026-12-10T02:30:00,registered,false,
RG02225,ST0397,EV0208,2026-10-21T05:30:00,registered,false,
RG02226,ST0397,EV0214,2026-11-25T10:30:00,registered,true,
RG02227,ST0397,EV0232,2026-10-27T17:00:00,registered,true,
RG02228,ST0397,EV0233,2026-11-22T07:00:00,registered,false,
RG02229,ST0398,EV0026,2026-11-20T01:00:00,registered,false,
RG02230,ST0398,EV0081,2026-10-02T22:00:00,registered,true,
RG02231,ST0398,EV0092,2026-11-11T11:00:00,registered,true,
RG02232,ST0398,EV0152,2026-09-20T02:30:00,registered,true,
RG02233,ST0398,EV0153,2026-09-08T19:30:00,no_show,true,
RG02234,ST0398,EV0216,2026-11-29T00:30:00,registered,false,
RG02235,ST0398,EV0276,2026-08-14T15:00:00,attended,false,4
RG02236,ST0399,EV0001,2026-09-25T19:00:00,registered,false,
RG02237,ST0399,EV0009,2026-10-18T22:00:00,registered,true,
RG02238,ST0399,EV0117,2026-11-23T10:30:00,registered,false,
RG02239,ST0399,EV0164,2026-10-13T14:00:00,registered,true,
RG02240,ST0399,EV0170,2026-09-23T15:30:00,registered,false,
RG02241,ST0399,EV0171,2026-09-11T02:30:00,registered,false,
RG02242,ST0399,EV0185,2026-11-09T02:00:00,registered,false,
RG02243,ST0399,EV0248,2026-10-12T23:00:00,registered,false,
RG02244,ST0400,EV0007,2026-09-21T11:00:00,registered,false,
RG02245,ST0400,EV0108,2026-09-18T13:30:00,registered,true,
RG02246,ST0400,EV0172,2026-10-26T07:30:00,registered,false,
RG02247,ST0401,EV0077,2026-09-04T14:00:00,attended,true,3
RG02248,ST0401,EV0083,2026-09-30T22:00:00,registered,true,
RG02249,ST0401,EV0210,2026-09-15T08:30:00,registered,true,
RG02250,ST0401,EV0214,2026-11-23T01:30:00,registered,true,
RG02251,ST0401,EV0237,2026-09-07T00:00:00,attended,true,5
RG02252,ST0401,EV0260,2026-09-25T21:00:00,registered,true,
RG02253,ST0402,EV0031,2026-11-19T01:00:00,registered,false,
RG02254,ST0402,EV0139,2026-10-13T14:30:00,registered,false,
RG02255,ST0403,EV0002,2026-09-24T04:00:00,registered,false,
RG02256,ST0403,EV0021,2026-11-19T13:00:00,registered,true,
RG02257,ST0403,EV0023,2026-11-05T15:00:00,registered,false,
RG02258,ST0403,EV0052,2026-10-01T16:00:00,registered,false,
RG02259,ST0403,EV0073,2026-11-01T06:00:00,registered,true,
RG02260,ST0403,EV0091,2026-11-14T01:30:00,registered,false,
RG02261,ST0403,EV0104,2026-11-16T08:00:00,registered,false,
RG02262,ST0403,EV0125,2026-11-30T19:00:00,registered,true,
RG02263,ST0403,EV0135,2026-10-18T02:30:00,registered,false,
RG02264,ST0403,EV0276,2026-08-21T20:00:00,attended,true,
RG02265,ST0404,EV0003,2026-09-12T02:00:00,attended,true,5
RG02266,ST0404,EV0018,2026-11-09T17:00:00,registered,false,
RG02267,ST0404,EV0022,2026-10-05T06:00:00,registered,true,
RG02268,ST0404,EV0024,2026-08-30T02:30:00,attended,false,3
RG02269,ST0404,EV0030,2026-10-15T15:30:00,registered,true,
RG02270,ST0404,EV0273,2026-10-31T04:30:00,registered,true,
RG02271,ST0405,EV0159,2026-12-01T03:00:00,registered,false,
RG02272,ST0405,EV0169,2026-08-24T06:30:00,attended,false,4
RG02273,ST0405,EV0199,2026-11-02T01:30:00,registered,false,
RG02274,ST0406,EV0072,2026-09-06T18:30:00,attended,true,
RG02275,ST0406,EV0233,2026-11-18T16:00:00,registered,true,
RG02276,ST0406,EV0244,2026-09-18T22:00:00,registered,true,
RG02277,ST0407,EV0179,2026-11-23T04:30:00,registered,false,
RG02278,ST0407,EV0217,2026-10-01T11:30:00,registered,false,
RG02279,ST0407,EV0219,2026-10-22T12:30:00,registered,false,
RG02280,ST0407,EV0247,2026-09-15T16:00:00,registered,false,
RG02281,ST0408,EV0001,2026-09-14T16:00:00,registered,false,
RG02282,ST0408,EV0027,2026-10-06T13:30:00,registered,false,
RG02283,ST0408,EV0059,2026-10-22T15:30:00,registered,false,
RG02284,ST0408,EV0101,2026-12-01T21:00:00,registered,false,
RG02285,ST0408,EV0176,2026-10-16T10:00:00,registered,false,
RG02286,ST0408,EV0177,2026-11-03T16:00:00,registered,true,
RG02287,ST0408,EV0178,2026-11-12T06:00:00,registered,false,
RG02288,ST0408,EV0279,2026-10-16T10:30:00,registered,false,
RG02289,ST0409,EV0059,2026-10-27T14:30:00,registered,false,
RG02290,ST0409,EV0168,2026-09-17T18:00:00,registered,true,
RG02291,ST0409,EV0181,2026-12-06T09:30:00,registered,false,
RG02292,ST0409,EV0245,2026-10-05T23:00:00,registered,false,
RG02293,ST0409,EV0249,2026-08-30T22:00:00,attended,false,
RG02294,ST0409,EV0280,2026-10-01T11:30:00,registered,false,
RG02295,ST0410,EV0220,2026-08-28T07:30:00,attended,true,
RG02296,ST0410,EV0235,2026-08-30T10:00:00,attended,false,
RG02297,ST0411,EV0010,2026-11-27T03:00:00,registered,false,
RG02298,ST0411,EV0018,2026-11-12T21:00:00,registered,false,
RG02299,ST0411,EV0020,2026-10-30T11:00:00,registered,false,
RG02300,ST0411,EV0091,2026-11-11T06:30:00,registered,true,
RG02301,ST0411,EV0121,2026-12-02T07:00:00,registered,false,
RG02302,ST0411,EV0163,2026-09-29T16:00:00,registered,true,
RG02303,ST0411,EV0258,2026-11-07T00:00:00,registered,true,
RG02304,ST0411,EV0276,2026-08-11T21:00:00,attended,true,
RG02305,ST0412,EV0030,2026-10-10T10:30:00,registered,false,
RG02306,ST0412,EV0072,2026-09-02T16:30:00,attended,false,4
RG02307,ST0412,EV0130,2026-10-18T15:30:00,registered,false,
RG02308,ST0412,EV0231,2026-11-25T01:00:00,registered,false,
RG02309,ST0412,EV0267,2026-10-24T11:00:00,registered,true,
RG02310,ST0413,EV0005,2026-10-27T07:30:00,registered,true,
RG02311,ST0413,EV0151,2026-08-16T05:00:00,attended,true,
RG02312,ST0413,EV0225,2026-09-04T13:30:00,attended,true,5
RG02313,ST0413,EV0246,2026-09-11T07:00:00,no_show,false,
RG02314,ST0413,EV0260,2026-09-30T07:00:00,registered,false,
RG02315,ST0413,EV0261,2026-10-17T13:30:00,registered,true,
RG02316,ST0413,EV0275,2026-11-15T07:00:00,registered,false,
RG02317,ST0413,EV0278,2026-11-25T21:30:00,registered,true,
RG02318,ST0413,EV0280,2026-09-19T07:30:00,registered,false,
RG02319,ST0414,EV0005,2026-11-02T23:30:00,registered,false,
RG02320,ST0414,EV0083,2026-10-09T17:00:00,registered,true,
RG02321,ST0414,EV0231,2026-11-27T03:00:00,registered,false,
RG02322,ST0414,EV0241,2026-11-16T07:00:00,registered,true,
RG02323,ST0415,EV0071,2026-10-09T22:00:00,registered,true,
RG02324,ST0415,EV0273,2026-10-31T01:30:00,registered,false,
RG02325,ST0415,EV0278,2026-12-07T04:30:00,registered,false,
RG02326,ST0416,EV0003,2026-09-14T01:00:00,no_show,false,
RG02327,ST0416,EV0107,2026-09-27T07:30:00,registered,true,
RG02328,ST0416,EV0118,2026-11-03T17:30:00,registered,false,
RG02329,ST0416,EV0262,2026-10-20T21:30:00,registered,true,
RG02330,ST0417,EV0004,2026-10-07T17:00:00,registered,true,
RG02331,ST0417,EV0015,2026-10-05T04:30:00,registered,false,
RG02332,ST0417,EV0195,2026-09-03T15:30:00,attended,true,4
RG02333,ST0417,EV0197,2026-11-11T08:30:00,registered,true,
RG02334,ST0417,EV0199,2026-11-06T15:30:00,registered,false,
RG02335,ST0417,EV0200,2026-09-27T18:30:00,registered,true,
RG02336,ST0417,EV0272,2026-11-02T23:30:00,registered,false,
RG02337,ST0418,EV0008,2026-09-02T04:00:00,attended,false,
RG02338,ST0418,EV0027,2026-10-05T00:30:00,registered,true,
RG02339,ST0418,EV0030,2026-10-15T06:30:00,registered,true,
RG02340,ST0419,EV0062,2026-09-15T16:00:00,registered,false,
RG02341,ST0419,EV0132,2026-09-23T01:30:00,registered,false,
RG02342,ST0419,EV0253,2026-09-21T02:30:00,registered,false,
RG02343,ST0420,EV0051,2026-11-03T12:00:00,registered,true,
RG02344,ST0420,EV0053,2026-08-18T18:00:00,no_show,false,
RG02345,ST0420,EV0110,2026-10-18T01:30:00,registered,true,
RG02346,ST0420,EV0112,2026-09-15T18:30:00,registered,false,
RG02347,ST0420,EV0119,2026-11-01T06:30:00,registered,false,
RG02348,ST0420,EV0172,2026-10-25T05:30:00,registered,true,
RG02349,ST0421,EV0006,2026-10-13T02:00:00,registered,false,
RG02350,ST0421,EV0015,2026-10-03T16:30:00,registered,true,
RG02351,ST0421,EV0032,2026-09-11T21:00:00,no_show,false,
RG02352,ST0421,EV0127,2026-08-23T08:30:00,attended,true,
RG02353,ST0421,EV0135,2026-10-16T02:30:00,registered,false,
RG02354,ST0421,EV0140,2026-10-02T02:30:00,registered,false,
RG02355,ST0421,EV0162,2026-11-26T14:00:00,registered,false,
RG02356,ST0421,EV0163,2026-09-26T07:00:00,registered,false,
RG02357,ST0422,EV0011,2026-10-24T22:00:00,registered,true,
RG02358,ST0422,EV0020,2026-10-30T17:00:00,registered,false,
RG02359,ST0422,EV0091,2026-11-15T22:30:00,registered,false,
RG02360,ST0422,EV0126,2026-08-14T02:00:00,no_show,false,
RG02361,ST0422,EV0136,2026-10-30T07:30:00,registered,true,
RG02362,ST0422,EV0208,2026-10-21T06:30:00,registered,false,
RG02363,ST0422,EV0247,2026-09-16T14:00:00,registered,true,
RG02364,ST0423,EV0128,2026-11-24T02:30:00,registered,true,
RG02365,ST0423,EV0132,2026-09-10T01:30:00,registered,true,
RG02366,ST0423,EV0133,2026-08-11T12:30:00,attended,false,3
RG02367,ST0423,EV0134,2026-10-05T04:30:00,registered,false,
RG02368,ST0423,EV0136,2026-10-27T15:30:00,registered,true,
RG02369,ST0423,EV0137,2026-12-03T13:30:00,registered,true,
RG02370,ST0423,EV0161,2026-11-22T03:00:00,registered,false,
RG02371,ST0424,EV0019,2026-09-22T00:00:00,registered,true,
RG02372,ST0424,EV0051,2026-11-11T10:00:00,registered,false,
RG02373,ST0424,EV0054,2026-10-28T00:00:00,registered,false,
RG02374,ST0424,EV0096,2026-09-12T02:00:00,registered,true,
RG02375,ST0424,EV0111,2026-10-24T04:30:00,registered,false,
RG02376,ST0424,EV0116,2026-09-17T02:30:00,attended,false,
RG02377,ST0424,EV0117,2026-12-03T14:30:00,registered,false,
RG02378,ST0424,EV0119,2026-10-29T00:30:00,registered,false,
RG02379,ST0424,EV0120,2026-09-11T13:30:00,registered,true,
RG02380,ST0425,EV0144,2026-08-17T18:00:00,attended,true,
RG02381,ST0425,EV0161,2026-11-19T23:00:00,registered,true,
RG02382,ST0425,EV0163,2026-09-29T08:00:00,registered,false,
RG02383,ST0425,EV0191,2026-11-19T12:00:00,registered,true,
RG02384,ST0425,EV0193,2026-08-20T17:00:00,no_show,false,
RG02385,ST0425,EV0194,2026-11-30T01:30:00,registered,true,
RG02386,ST0425,EV0273,2026-10-30T20:30:00,registered,true,
RG02387,ST0425,EV0278,2026-12-06T23:30:00,registered,true,
RG02388,ST0426,EV0004,2026-10-11T03:00:00,registered,false,
RG02389,ST0426,EV0044,2026-10-13T15:00:00,registered,true,
RG02390,ST0426,EV0194,2026-12-04T06:30:00,registered,true,
RG02391,ST0426,EV0198,2026-09-14T23:30:00,registered,true,
RG02392,ST0426,EV0200,2026-09-16T15:30:00,registered,false,
RG02393,ST0426,EV0273,2026-11-03T23:30:00,registered,false,
RG02394,ST0427,EV0226,2026-08-28T08:30:00,attended,false,5
RG02395,ST0427,EV0247,2026-09-12T15:00:00,registered,false,
RG02396,ST0427,EV0248,2026-10-05T22:00:00,registered,false,
RG02397,ST0427,EV0258,2026-10-26T11:00:00,registered,true,
RG02398,ST0427,EV0279,2026-10-21T11:30:00,registered,true,
RG02399,ST0428,EV0037,2026-09-09T17:00:00,registered,false,
RG02400,ST0428,EV0070,2026-10-15T00:00:00,registered,true,
RG02401,ST0428,EV0099,2026-11-02T01:00:00,registered,false,
RG02402,ST0428,EV0104,2026-11-17T17:00:00,registered,true,
RG02403,ST0428,EV0179,2026-11-23T18:30:00,registered,false,
RG02404,ST0428,EV0186,2026-09-16T14:00:00,registered,true,
RG02405,ST0428,EV0192,2026-12-01T11:00:00,registered,false,
RG02406,ST0428,EV0193,2026-08-22T01:00:00,no_show,false,
RG02407,ST0428,EV0250,2026-09-09T16:00:00,registered,false,
RG02408,ST0428,EV0278,2026-12-01T00:30:00,registered,true,
RG02409,ST0429,EV0081,2026-10-02T06:00:00,registered,true,
RG02410,ST0429,EV0084,2026-09-20T11:00:00,registered,false,
RG02411,ST0429,EV0173,2026-10-24T11:30:00,registered,false,
RG02412,ST0429,EV0208,2026-10-31T10:30:00,registered,true,
RG02413,ST0429,EV0227,2026-09-11T07:30:00,attended,true,4
RG02414,ST0429,EV0234,2026-09-09T11:00:00,attended,true,5
RG02415,ST0429,EV0238,2026-08-27T13:00:00,attended,false,4
RG02416,ST0430,EV0165,2026-10-12T22:00:00,registered,false,
RG02417,ST0430,EV0172,2026-10-20T15:30:00,registered,true,
RG02418,ST0430,EV0179,2026-11-27T12:30:00,registered,true,
RG02419,ST0431,EV0002,2026-09-16T19:00:00,registered,true,
RG02420,ST0431,EV0045,2026-11-22T11:00:00,registered,true,
RG02421,ST0431,EV0107,2026-09-30T04:30:00,registered,false,
RG02422,ST0431,EV0271,2026-09-30T05:00:00,registered,true,
RG02423,ST0432,EV0003,2026-09-13T17:00:00,attended,false,5
RG02424,ST0432,EV0006,2026-10-16T07:00:00,registered,true,
RG02425,ST0432,EV0017,2026-08-25T04:30:00,no_show,false,
RG02426,ST0432,EV0031,2026-11-29T02:00:00,registered,false,
RG02427,ST0432,EV0131,2026-09-25T16:30:00,registered,true,
RG02428,ST0432,EV0267,2026-11-01T09:00:00,registered,false,
RG02429,ST0433,EV0027,2026-09-29T04:30:00,registered,true,
RG02430,ST0433,EV0030,2026-10-15T04:30:00,registered,true,
RG02431,ST0433,EV0165,2026-10-07T23:00:00,registered,false,
RG02432,ST0433,EV0184,2026-09-08T07:30:00,registered,true,
RG02433,ST0434,EV0105,2026-10-28T08:30:00,registered,false,
RG02434,ST0434,EV0106,2026-10-18T06:30:00,registered,false,
RG02435,ST0434,EV0280,2026-09-30T02:30:00,registered,false,
RG02436,ST0435,EV0002,2026-09-22T11:00:00,registered,true,
RG02437,ST0435,EV0003,2026-09-12T06:00:00,attended,false,
RG02438,ST0435,EV0030,2026-10-11T00:30:00,registered,false,
RG02439,ST0435,EV0129,2026-09-11T01:30:00,attended,false,
RG02440,ST0435,EV0131,2026-09-22T09:30:00,registered,false,
RG02441,ST0435,EV0160,2026-10-19T02:00:00,registered,false,
RG02442,ST0435,EV0161,2026-11-23T10:00:00,registered,true,
RG02443,ST0435,EV0272,2026-11-14T05:30:00,registered,false,
RG02444,ST0436,EV0260,2026-09-29T22:00:00,registered,false,
RG02445,ST0437,EV0001,2026-09-27T21:00:00,registered,false,
RG02446,ST0437,EV0046,2026-10-28T08:00:00,registered,false,
RG02447,ST0437,EV0074,2026-11-11T12:00:00,registered,false,
RG02448,ST0437,EV0179,2026-11-28T08:30:00,registered,false,
RG02449,ST0437,EV0180,2026-10-18T00:30:00,registered,false,
RG02450,ST0437,EV0187,2026-10-20T06:00:00,registered,false,
RG02451,ST0437,EV0193,2026-08-13T01:00:00,attended,false,5
RG02452,ST0437,EV0248,2026-10-11T17:00:00,registered,true,
RG02453,ST0437,EV0250,2026-09-16T23:00:00,registered,true,
RG02454,ST0437,EV0259,2026-10-11T00:00:00,registered,true,
RG02455,ST0438,EV0106,2026-10-10T10:30:00,registered,false,
RG02456,ST0438,EV0111,2026-11-04T13:30:00,registered,true,
RG02457,ST0438,EV0117,2026-11-23T01:30:00,registered,false,
RG02458,ST0438,EV0119,2026-10-19T15:30:00,registered,true,
RG02459,ST0438,EV0121,2026-12-05T18:00:00,registered,true,
RG02460,ST0438,EV0167,2026-10-06T01:00:00,registered,false,
RG02461,ST0438,EV0280,2026-09-30T02:30:00,registered,false,
RG02462,ST0439,EV0005,2026-10-24T04:30:00,registered,false,
RG02463,ST0439,EV0086,2026-10-06T00:00:00,registered,false,
RG02464,ST0439,EV0128,2026-11-19T02:30:00,registered,true,
RG02465,ST0439,EV0167,2026-10-05T01:00:00,registered,false,
RG02466,ST0439,EV0217,2026-10-10T14:30:00,registered,true,
RG02467,ST0439,EV0218,2026-12-02T06:30:00,registered,true,
RG02468,ST0439,EV0228,2026-08-31T03:00:00,attended,false,
RG02469,ST0439,EV0232,2026-10-20T13:00:00,registered,false,
RG02470,ST0439,EV0234,2026-08-27T13:00:00,no_show,false,
RG02471,ST0439,EV0235,2026-08-24T14:00:00,attended,true,5
RG02472,ST0440,EV0167,2026-10-08T11:00:00,registered,true,
RG02473,ST0440,EV0168,2026-09-18T16:00:00,registered,false,
RG02474,ST0440,EV0173,2026-10-24T03:30:00,registered,true,
RG02475,ST0440,EV0202,2026-11-15T23:00:00,registered,false,
RG02476,ST0440,EV0206,2026-09-01T04:00:00,no_show,false,
RG02477,ST0440,EV0228,2026-09-01T00:00:00,attended,false,5
RG02478,ST0440,EV0237,2026-09-08T17:00:00,attended,true,
RG02479,ST0440,EV0266,2026-08-26T06:30:00,attended,true,3
RG02480,ST0441,EV0009,2026-10-16T19:00:00,registered,false,
RG02481,ST0441,EV0190,2026-12-04T01:00:00,registered,false,
RG02482,ST0441,EV0193,2026-08-19T02:00:00,attended,false,3
RG02483,ST0441,EV0267,2026-10-31T11:00:00,registered,true,
RG02484,ST0442,EV0097,2026-10-05T02:00:00,registered,true,
RG02485,ST0442,EV0224,2026-08-24T11:30:00,attended,false,3
RG02486,ST0442,EV0261,2026-10-11T01:30:00,registered,true,
RG02487,ST0442,EV0274,2026-11-08T12:30:00,registered,false,
RG02488,ST0443,EV0019,2026-09-16T12:00:00,registered,false,
RG02489,ST0443,EV0020,2026-10-19T22:00:00,registered,false,
RG02490,ST0443,EV0102,2026-10-30T23:30:00,registered,false,
RG02491,ST0444,EV0003,2026-09-13T18:00:00,no_show,false,
RG02492,ST0444,EV0024,2026-08-22T04:30:00,attended,true,5
RG02493,ST0444,EV0027,2026-10-08T03:30:00,registered,true,
RG02494,ST0444,EV0138,2026-08-26T23:30:00,no_show,true,
RG02495,ST0444,EV0267,2026-10-30T03:00:00,registered,false,
RG02496,ST0444,EV0277,2026-10-23T06:30:00,registered,false,
RG02497,ST0444,EV0278,2026-11-26T08:30:00,registered,false,
RG02498,ST0445,EV0020,2026-10-29T02:00:00,registered,true,
RG02499,ST0445,EV0073,2026-11-03T09:00:00,registered,false,
RG02500,ST0445,EV0089,2026-11-07T17:00:00,registered,false,
RG02501,ST0445,EV0162,2026-11-22T07:00:00,registered,false,
RG02502,ST0445,EV0209,2026-12-03T16:30:00,registered,true,
RG02503,ST0445,EV0214,2026-11-25T05:30:00,registered,true,
RG02504,ST0445,EV0237,2026-09-07T15:00:00,attended,false,
RG02505,ST0445,EV0241,2026-11-20T19:00:00,registered,true,
RG02506,ST0446,EV0005,2026-10-30T01:30:00,registered,true,
RG02507,ST0446,EV0011,2026-10-26T02:00:00,registered,false,
RG02508,ST0446,EV0091,2026-11-12T07:30:00,registered,false,
RG02509,ST0446,EV0230,2026-11-27T07:00:00,registered,false,
RG02510,ST0446,EV0234,2026-09-01T12:00:00,attended,true,3
RG02511,ST0447,EV0066,2026-11-04T15:00:00,registered,false,
RG02512,ST0447,EV0171,2026-09-21T11:30:00,registered,true,
RG02513,ST0447,EV0174,2026-11-01T10:30:00,registered,true,
RG02514,ST0447,EV0179,2026-12-02T01:30:00,registered,false,
RG02515,ST0447,EV0205,2026-10-05T08:00:00,registered,false,
RG02516,ST0447,EV0245,2026-10-01T02:00:00,registered,true,
RG02517,ST0447,EV0250,2026-09-10T16:00:00,registered,true,
RG02518,ST0448,EV0079,2026-11-24T21:00:00,registered,true,
RG02519,ST0448,EV0158,2026-10-07T15:30:00,registered,true,
RG02520,ST0449,EV0140,2026-09-30T16:30:00,registered,true,
RG02521,ST0449,EV0235,2026-08-21T07:00:00,attended,true,
RG02522,ST0449,EV0276,2026-08-16T16:00:00,no_show,false,
RG02523,ST0450,EV0025,2026-10-15T05:30:00,registered,true,
RG02524,ST0450,EV0034,2026-09-02T13:30:00,attended,true,3
RG02525,ST0450,EV0063,2026-11-26T00:00:00,registered,false,
RG02526,ST0450,EV0067,2026-10-19T05:30:00,registered,false,
RG02527,ST0450,EV0073,2026-11-02T10:00:00,registered,false,
RG02528,ST0450,EV0074,2026-11-11T03:00:00,registered,false,
RG02529,ST0450,EV0204,2026-08-24T08:00:00,attended,true,
RG02530,ST0450,EV0205,2026-10-14T02:00:00,registered,true,
RG02531,ST0450,EV0231,2026-12-03T22:00:00,registered,true,
RG02532,ST0450,EV0280,2026-09-18T09:30:00,registered,false,
RG02533,ST0451,EV0002,2026-09-20T09:00:00,registered,true,
RG02534,ST0451,EV0035,2026-11-01T09:00:00,registered,true,
RG02535,ST0451,EV0106,2026-10-16T10:30:00,registered,false,
RG02536,ST0451,EV0130,2026-10-22T08:30:00,registered,false,
RG02537,ST0451,EV0264,2026-10-13T09:30:00,registered,false,
RG02538,ST0452,EV0045,2026-11-24T17:00:00,registered,false,
RG02539,ST0452,EV0181,2026-12-04T16:30:00,registered,false,
RG02540,ST0452,EV0189,2026-09-27T06:00:00,registered,false,
RG02541,ST0452,EV0245,2026-10-06T06:00:00,registered,true,
RG02542,ST0452,EV0259,2026-10-08T02:00:00,registered,true,
RG02543,ST0452,EV0279,2026-10-13T09:30:00,registered,true,
RG02544,ST0453,EV0011,2026-10-24T13:00:00,registered,false,
RG02545,ST0453,EV0024,2026-08-21T03:30:00,no_show,false,
RG02546,ST0453,EV0048,2026-11-09T07:00:00,registered,true,
RG02547,ST0453,EV0121,2026-12-03T06:00:00,registered,false,
RG02548,ST0453,EV0125,2026-11-22T14:00:00,registered,false,
RG02549,ST0453,EV0133,2026-08-13T06:30:00,attended,false,
RG02550,ST0453,EV0134,2026-09-26T15:30:00,registered,false,
RG02551,ST0453,EV0223,2026-10-20T01:30:00,registered,false,
RG02552,ST0454,EV0016,2026-09-30T08:00:00,registered,false,
RG02553,ST0454,EV0018,2026-11-07T08:00:00,registered,true,
RG02554,ST0454,EV0024,2026-08-30T12:30:00,attended,true,
RG02555,ST0454,EV0031,2026-11-27T02:00:00,registered,true,
RG02556,ST0454,EV0057,2026-08-13T00:00:00,attended,false,3
RG02557,ST0454,EV0067,2026-10-13T16:30:00,registered,false,
RG02558,ST0454,EV0070,2026-10-17T22:00:00,registered,false,
RG02559,ST0454,EV0162,2026-11-23T07:00:00,registered,true,
RG02560,ST0454,EV0267,2026-11-03T02:00:00,registered,false,
RG02561,ST0454,EV0277,2026-11-01T04:30:00,registered,true,
RG02562,ST0455,EV0032,2026-09-10T05:00:00,attended,true,4
RG02563,ST0455,EV0118,2026-11-04T02:30:00,registered,true,
RG02564,ST0455,EV0128,2026-11-19T10:30:00,registered,false,
RG02565,ST0455,EV0129,2026-09-07T11:30:00,no_show,true,
RG02566,ST0455,EV0150,2026-11-07T02:00:00,registered,true,
RG02567,ST0455,EV0268,2026-09-09T09:00:00,attended,false,5
RG02568,ST0455,EV0272,2026-11-15T22:30:00,registered,false,
RG02569,ST0456,EV0007,2026-09-10T11:00:00,registered,true,
RG02570,ST0456,EV0099,2026-11-03T23:00:00,registered,true,
RG02571,ST0456,EV0187,2026-10-13T09:00:00,registered,false,
RG02572,ST0456,EV0234,2026-08-31T06:00:00,attended,false,5
RG02573,ST0457,EV0002,2026-09-29T07:00:00,registered,true,
RG02574,ST0457,EV0132,2026-09-17T06:30:00,registered,true,
RG02575,ST0458,EV0001,2026-09-16T18:00:00,registered,false,
RG02576,ST0458,EV0135,2026-10-25T22:30:00,registered,true,
RG02577,ST0458,EV0147,2026-09-06T07:00:00,no_show,true,
RG02578,ST0458,EV0164,2026-10-06T13:00:00,registered,true,
RG02579,ST0458,EV0165,2026-10-04T02:00:00,registered,true,
RG02580,ST0458,EV0170,2026-09-29T07:30:00,registered,false,
RG02581,ST0458,EV0171,2026-09-12T18:30:00,registered,false,
RG02582,ST0458,EV0244,2026-09-21T18:00:00,registered,true,
RG02583,ST0458,EV0245,2026-09-29T15:00:00,registered,false,
RG02584,ST0458,EV0250,2026-09-09T14:00:00,registered,false,
RG02585,ST0459,EV0002,2026-09-17T00:00:00,registered,true,
RG02586,ST0459,EV0024,2026-09-02T08:30:00,no_show,false,
RG02587,ST0459,EV0122,2026-08-21T06:00:00,attended,false,
RG02588,ST0459,EV0124,2026-09-11T03:00:00,registered,false,
RG02589,ST0459,EV0126,2026-08-23T03:00:00,attended,true,5
RG02590,ST0459,EV0134,2026-10-01T11:30:00,registered,false,
RG02591,ST0460,EV0078,2026-11-08T05:00:00,registered,true,
RG02592,ST0460,EV0079,2026-11-23T01:00:00,registered,true,
RG02593,ST0460,EV0085,2026-10-11T16:00:00,registered,false,
RG02594,ST0460,EV0202,2026-11-20T23:00:00,registered,true,
RG02595,ST0460,EV0230,2026-11-23T17:00:00,registered,true,
RG02596,ST0460,EV0241,2026-11-21T10:00:00,registered,false,
RG02597,ST0460,EV0242,2026-08-16T00:00:00,no_show,false,
RG02598,ST0461,EV0001,2026-09-21T04:00:00,registered,false,
RG02599,ST0461,EV0098,2026-09-24T18:00:00,registered,true,
RG02600,ST0461,EV0228,2026-08-29T03:00:00,attended,true,
RG02601,ST0461,EV0230,2026-12-02T15:00:00,registered,false,
RG02602,ST0461,EV0233,2026-11-28T23:00:00,registered,false,
RG02603,ST0461,EV0237,2026-08-29T01:00:00,attended,false,5
RG02604,ST0461,EV0261,2026-10-11T21:30:00,registered,true,
RG02605,ST0462,EV0095,2026-10-04T05:00:00,registered,false,
RG02606,ST0462,EV0222,2026-11-19T23:30:00,registered,true,
RG02607,ST0462,EV0246,2026-09-08T06:00:00,attended,false,4
RG02608,ST0462,EV0274,2026-11-09T19:30:00,registered,true,
RG02609,ST0462,EV0279,2026-10-21T00:30:00,registered,false,
RG02610,ST0462,EV0280,2026-09-20T07:30:00,registered,false,
RG02611,ST0463,EV0009,2026-10-10T03:00:00,registered,false,
RG02612,ST0463,EV0029,2026-09-26T10:00:00,registered,false,
RG02613,ST0463,EV0031,2026-11-28T18:00:00,registered,false,
RG02614,ST0463,EV0161,2026-11-16T06:00:00,registered,false,
RG02615,ST0463,EV0162,2026-11-28T07:00:00,registered,true,
RG02616,ST0463,EV0163,2026-10-05T02:00:00,registered,false,
RG02617,ST0463,EV0191,2026-11-13T08:00:00,registered,true,
RG02618,ST0463,EV0238,2026-08-28T01:00:00,no_show,true,
RG02619,ST0463,EV0268,2026-09-11T07:00:00,attended,false,
RG02620,ST0463,EV0273,2026-10-31T00:30:00,registered,false,
RG02621,ST0464,EV0092,2026-11-14T13:00:00,registered,true,
RG02622,ST0464,EV0114,2026-08-28T06:00:00,attended,false,
RG02623,ST0464,EV0160,2026-10-22T05:00:00,registered,true,
RG02624,ST0464,EV0162,2026-11-28T10:00:00,registered,false,
RG02625,ST0464,EV0172,2026-10-15T18:30:00,registered,false,
RG02626,ST0464,EV0173,2026-11-01T03:30:00,registered,false,
RG02627,ST0464,EV0191,2026-11-16T10:00:00,registered,false,
RG02628,ST0464,EV0195,2026-09-05T02:30:00,no_show,false,
RG02629,ST0464,EV0199,2026-11-09T09:30:00,registered,false,
RG02630,ST0464,EV0277,2026-10-28T04:30:00,registered,true,
RG02631,ST0465,EV0067,2026-10-17T02:30:00,registered,false,
RG02632,ST0465,EV0195,2026-08-31T00:30:00,no_show,false,
RG02633,ST0465,EV0197,2026-11-04T06:30:00,registered,false,
RG02634,ST0465,EV0199,2026-11-09T01:30:00,registered,true,
RG02635,ST0465,EV0267,2026-10-30T12:00:00,registered,true,
RG02636,ST0466,EV0032,2026-09-10T05:00:00,attended,true,3
RG02637,ST0466,EV0097,2026-10-06T17:00:00,registered,false,
RG02638,ST0466,EV0145,2026-11-19T08:00:00,registered,false,
RG02639,ST0466,EV0222,2026-11-17T18:30:00,registered,false,
RG02640,ST0466,EV0245,2026-10-06T16:00:00,registered,true,
RG02641,ST0467,EV0007,2026-09-19T02:00:00,registered,false,
RG02642,ST0467,EV0066,2026-11-09T18:00:00,registered,true,
RG02643,ST0467,EV0174,2026-10-24T23:30:00,registered,false,
RG02644,ST0467,EV0184,2026-09-18T22:30:00,registered,true,
RG02645,ST0467,EV0185,2026-11-08T03:00:00,registered,true,
RG02646,ST0467,EV0187,2026-10-19T15:00:00,registered,true,
RG02647,ST0467,EV0249,2026-09-08T07:00:00,attended,false,4
RG02648,ST0467,EV0280,2026-09-30T01:30:00,registered,false,
RG02649,ST0468,EV0004,2026-10-12T10:00:00,registered,false,
RG02650,ST0468,EV0196,2026-10-01T16:30:00,registered,false,
RG02651,ST0468,EV0199,2026-11-04T04:30:00,registered,false,
RG02652,ST0468,EV0267,2026-10-29T00:00:00,registered,true,
RG02653,ST0468,EV0272,2026-11-06T03:30:00,registered,true,
RG02654,ST0469,EV0004,2026-10-05T03:00:00,registered,true,
RG02655,ST0469,EV0064,2026-12-07T16:00:00,registered,false,
RG02656,ST0469,EV0194,2026-12-05T08:30:00,registered,false,
RG02657,ST0469,EV0196,2026-09-27T07:30:00,registered,false,
RG02658,ST0469,EV0200,2026-09-19T14:30:00,registered,false,
RG02659,ST0469,EV0268,2026-09-09T20:00:00,attended,true,
RG02660,ST0469,EV0272,2026-11-05T02:30:00,registered,false,
RG02661,ST0470,EV0043,2026-12-07T22:30:00,registered,true,
RG02662,ST0470,EV0113,2026-10-13T11:00:00,registered,false,
RG02663,ST0470,EV0114,2026-09-05T11:00:00,no_show,true,
RG02664,ST0470,EV0266,2026-08-26T20:30:00,no_show,true,
RG02665,ST0470,EV0267,2026-11-03T03:00:00,registered,true,
RG02666,ST0470,EV0270,2026-11-25T16:00:00,registered,false,
RG02667,ST0470,EV0279,2026-10-21T12:30:00,registered,true,
RG02668,ST0471,EV0037,2026-09-13T14:00:00,registered,false,
RG02669,ST0471,EV0125,2026-11-24T13:00:00,registered,true,
RG02670,ST0471,EV0175,2026-08-14T03:00:00,attended,true,
RG02671,ST0471,EV0178,2026-11-22T12:00:00,registered,false,
RG02672,ST0472,EV0101,2026-12-01T14:00:00,registered,false,
RG02673,ST0472,EV0166,2026-10-04T03:00:00,registered,true,
RG02674,ST0473,EV0025,2026-10-20T11:30:00,registered,false,
RG02675,ST0473,EV0030,2026-10-14T14:30:00,registered,false,
RG02676,ST0473,EV0116,2026-09-14T08:30:00,no_show,true,
RG02677,ST0473,EV0203,2026-10-16T10:00:00,registered,false,
RG02678,ST0473,EV0234,2026-09-07T03:00:00,attended,false,3
RG02679,ST0473,EV0235,2026-08-24T05:00:00,attended,false,4
RG02680,ST0473,EV0240,2026-09-09T15:00:00,no_show,false,
RG02681,ST0473,EV0264,2026-10-08T15:30:00,registered,true,
RG02682,ST0473,EV0266,2026-08-25T19:30:00,attended,false,5
RG02683,ST0474,EV0034,2026-08-31T06:30:00,attended,true,4
RG02684,ST0474,EV0103,2026-11-19T08:00:00,registered,false,
RG02685,ST0474,EV0268,2026-09-12T07:00:00,attended,true,3
RG02686,ST0475,EV0244,2026-09-15T23:00:00,registered,true,
RG02687,ST0476,EV0242,2026-08-14T04:00:00,attended,false,4
RG02688,ST0476,EV0280,2026-09-22T07:30:00,registered,true,
RG02689,ST0477,EV0263,2026-11-21T17:30:00,registered,false,
RG02690,ST0477,EV0271,2026-10-03T14:00:00,registered,true,
RG02691,ST0478,EV0116,2026-09-06T09:30:00,attended,true,3
RG02692,ST0479,EV0212,2026-10-24T04:30:00,registered,false,
RG02693,ST0479,EV0232,2026-10-14T12:00:00,registered,false,
RG02694,ST0479,EV0243,2026-10-07T12:00:00,registered,false,
RG02695,ST0480,EV0017,2026-08-13T13:30:00,no_show,false,
RG02696,ST0481,EV0001,2026-09-27T02:00:00,registered,true,
RG02697,ST0481,EV0035,2026-10-28T08:00:00,registered,false,
RG02698,ST0481,EV0172,2026-10-14T17:30:00,registered,true,
RG02699,ST0481,EV0198,2026-09-16T05:30:00,registered,true,
RG02700,ST0481,EV0211,2026-10-16T23:30:00,registered,false,
RG02701,ST0481,EV0231,2026-11-25T12:00:00,registered,true,
RG02702,ST0481,EV0241,2026-11-13T09:00:00,registered,true,
RG02703,ST0481,EV0264,2026-10-06T23:30:00,registered,false,
RG02704,ST0482,EV0097,2026-10-17T08:00:00,registered,false,
RG02705,ST0482,EV0244,2026-09-21T23:00:00,registered,false,
RG02706,ST0482,EV0247,2026-09-22T10:00:00,registered,true,
RG02707,ST0482,EV0260,2026-09-27T11:00:00,registered,false,
RG02708,ST0482,EV0261,2026-10-08T22:30:00,registered,true,
RG02709,ST0482,EV0274,2026-11-16T02:30:00,registered,false,
RG02710,ST0483,EV0201,2026-11-07T15:00:00,registered,false,
RG02711,ST0483,EV0202,2026-11-16T00:00:00,registered,true,
RG02712,ST0483,EV0236,2026-09-24T12:00:00,registered,false,
RG02713,ST0483,EV0237,2026-09-07T01:00:00,attended,false,
RG02714,ST0483,EV0240,2026-09-10T14:00:00,attended,false,
RG02715,ST0483,EV0241,2026-11-09T13:00:00,registered,false,
RG02716,ST0484,EV0018,2026-11-09T22:00:00,registered,true,
RG02717,ST0484,EV0021,2026-11-23T22:00:00,registered,false,
RG02718,ST0484,EV0024,2026-08-21T09:30:00,attended,true,
RG02719,ST0484,EV0091,2026-11-16T15:30:00,registered,true,
RG02720,ST0484,EV0104,2026-11-09T02:00:00,registered,false,
RG02721,ST0484,EV0122,2026-08-30T23:00:00,no_show,false,
RG02722,ST0484,EV0125,2026-11-29T15:00:00,registered,false,
RG02723,ST0484,EV0139,2026-10-10T02:30:00,registered,true,
RG02724,ST0484,EV0208,2026-10-29T03:30:00,registered,false,
RG02725,ST0485,EV0006,2026-10-10T23:00:00,registered,true,
RG02726,ST0485,EV0031,2026-11-20T11:00:00,registered,false,
RG02727,ST0485,EV0134,2026-10-05T06:30:00,registered,true,
RG02728,ST0485,EV0136,2026-11-05T09:30:00,registered,false,
RG02729,ST0485,EV0157,2026-09-08T12:30:00,no_show,true,
RG02730,ST0485,EV0163,2026-10-05T08:00:00,registered,true,
RG02731,ST0485,EV0268,2026-09-08T13:00:00,attended,false,5
RG02732,ST0485,EV0273,2026-11-05T06:30:00,registered,false,
RG02733,ST0486,EV0022,2026-10-03T09:00:00,registered,true,
RG02734,ST0486,EV0060,2026-11-16T12:00:00,registered,false,
RG02735,ST0486,EV0139,2026-10-14T11:30:00,registered,false,
RG02736,ST0486,EV0225,2026-09-03T15:30:00,attended,false,3
RG02737,ST0486,EV0268,2026-09-09T15:00:00,attended,true,5
RG02738,ST0486,EV0272,2026-11-06T05:30:00,registered,false,
RG02739,ST0487,EV0082,2026-10-20T12:00:00,registered,true,
RG02740,ST0487,EV0084,2026-09-24T05:00:00,registered,true,
RG02741,ST0487,EV0090,2026-11-17T04:00:00,registered,true,
RG02742,ST0487,EV0154,2026-09-01T11:30:00,attended,true,
RG02743,ST0487,EV0156,2026-08-24T10:30:00,no_show,false,
RG02744,ST0487,EV0157,2026-09-06T16:30:00,attended,false,
RG02745,ST0487,EV0158,2026-10-01T02:30:00,registered,true,
RG02746,ST0487,EV0167,2026-10-07T11:00:00,registered,false,
RG02747,ST0487,EV0277,2026-10-25T23:30:00,registered,false,
RG02748,ST0488,EV0036,2026-09-28T18:00:00,registered,false,
RG02749,ST0488,EV0062,2026-09-19T23:00:00,registered,true,
RG02750,ST0488,EV0139,2026-10-11T00:30:00,registered,true,
RG02751,ST0488,EV0205,2026-10-15T00:00:00,registered,false,
RG02752,ST0488,EV0239,2026-08-23T04:00:00,attended,false,
RG02753,ST0488,EV0242,2026-08-13T19:00:00,attended,true,
RG02754,ST0488,EV0266,2026-08-25T19:30:00,no_show,true,
RG02755,ST0489,EV0157,2026-09-04T12:30:00,attended,false,5
RG02756,ST0489,EV0242,2026-08-16T19:00:00,attended,true,4
RG02757,ST0490,EV0114,2026-09-02T23:00:00,no_show,false,
RG02758,ST0490,EV0167,2026-10-07T11:00:00,registered,false,
RG02759,ST0490,EV0272,2026-11-05T05:30:00,registered,false,
RG02760,ST0491,EV0061,2026-08-25T06:00:00,attended,true,3
RG02761,ST0491,EV0072,2026-09-04T07:30:00,attended,true,
RG02762,ST0491,EV0144,2026-08-23T00:00:00,attended,true,3
RG02763,ST0492,EV0132,2026-09-16T11:30:00,registered,true,
RG02764,ST0492,EV0169,2026-08-18T14:30:00,attended,false,5
RG02765,ST0493,EV0094,2026-11-19T15:30:00,registered,false,
RG02766,ST0493,EV0108,2026-09-25T15:30:00,registered,false,
RG02767,ST0493,EV0111,2026-11-04T13:30:00,registered,false,
RG02768,ST0493,EV0127,2026-08-19T13:30:00,no_show,false,
RG02769,ST0493,EV0133,2026-08-13T16:30:00,attended,false,3
RG02770,ST0493,EV0146,2026-10-17T01:00:00,registered,true,
RG02771,ST0493,EV0147,2026-09-04T15:00:00,attended,false,3
RG02772,ST0493,EV0148,2026-09-26T18:00:00,registered,true,
RG02773,ST0494,EV0062,2026-09-22T23:00:00,registered,true,
RG02774,ST0494,EV0064,2026-12-06T05:00:00,registered,false,
RG02775,ST0494,EV0147,2026-09-03T22:00:00,attended,true,4
RG02776,ST0494,EV0159,2026-12-01T18:00:00,registered,true,
RG02777,ST0494,EV0194,2026-11-30T09:30:00,registered,true,
RG02778,ST0494,EV0195,2026-09-03T08:30:00,no_show,false,
RG02779,ST0494,EV0199,2026-10-30T22:30:00,registered,true,
RG02780,ST0494,EV0273,2026-11-01T01:30:00,registered,false,
RG02781,ST0495,EV0002,2026-09-16T02:00:00,registered,true,
RG02782,ST0495,EV0015,2026-10-07T13:30:00,registered,true,
RG02783,ST0495,EV0100,2026-11-18T06:00:00,registered,true,
RG02784,ST0495,EV0103,2026-11-18T01:00:00,registered,false,
RG02785,ST0495,EV0251,2026-10-08T08:30:00,registered,true,
RG02786,ST0495,EV0252,2026-10-13T22:30:00,registered,false,
RG02787,ST0495,EV0253,2026-09-28T09:30:00,registered,true,
RG02788,ST0495,EV0268,2026-09-05T08:00:00,attended,false,3
RG02789,ST0496,EV0001,2026-09-24T15:00:00,registered,true,
RG02790,ST0496,EV0008,2026-08-30T19:00:00,no_show,true,
RG02791,ST0496,EV0027,2026-10-08T16:30:00,registered,true,
RG02792,ST0496,EV0080,2026-11-29T21:00:00,registered,true,
RG02793,ST0496,EV0175,2026-08-20T23:00:00,attended,true,3
RG02794,ST0496,EV0280,2026-09-27T07:30:00,registered,true,
RG02795,ST0497,EV0019,2026-09-17T00:00:00,registered,false,
RG02796,ST0497,EV0048,2026-10-31T09:00:00,registered,false,
RG02797,ST0497,EV0122,2026-08-26T02:00:00,attended,false,
RG02798,ST0497,EV0125,2026-11-20T12:00:00,registered,false,
RG02799,ST0497,EV0161,2026-11-23T05:00:00,registered,true,
RG02800,ST0497,EV0226,2026-08-30T03:30:00,attended,false,3
RG02801,ST0498,EV0060,2026-11-18T04:00:00,registered,true,
RG02802,ST0498,EV0198,2026-09-22T07:30:00,registered,true,
RG02803,ST0498,EV0200,2026-09-20T06:30:00,registered,false,
RG02804,ST0499,EV0014,2026-10-26T08:30:00,registered,true,
RG02805,ST0499,EV0046,2026-10-28T08:00:00,registered,false,
RG02806,ST0499,EV0093,2026-10-12T14:00:00,registered,true,
RG02807,ST0499,EV0185,2026-11-11T02:00:00,registered,true,
RG02808,ST0499,EV0190,2026-12-04T02:00:00,registered,true,
RG02809,ST0499,EV0245,2026-10-04T15:00:00,registered,true,
RG02810,ST0499,EV0249,2026-08-30T11:00:00,attended,true,3
RG02811,ST0499,EV0250,2026-09-11T17:00:00,registered,true,
RG02812,ST0500,EV0040,2026-11-06T03:00:00,registered,true,
RG02813,ST0500,EV0047,2026-09-04T14:30:00,no_show,false,
RG02814,ST0500,EV0173,2026-10-31T18:30:00,registered,true,
RG02815,ST0500,EV0230,2026-11-26T05:00:00,registered,true,
RG02816,ST0500,EV0264,2026-10-13T17:30:00,registered,true,
RG02817,ST0501,EV0054,2026-10-22T15:00:00,registered,false,
RG02818,ST0501,EV0056,2026-09-23T14:30:00,registered,false,
RG02819,ST0501,EV0072,2026-08-27T22:30:00,attended,false,
RG02820,ST0501,EV0074,2026-11-20T21:00:00,registered,true,
RG02821,ST0501,EV0085,2026-10-05T16:00:00,registered,true,
RG02822,ST0501,EV0191,2026-11-16T09:00:00,registered,true,
RG02823,ST0501,EV0228,2026-09-04T22:00:00,attended,true,5
RG02824,ST0501,EV0237,2026-09-06T03:00:00,attended,false,5
RG02825,ST0501,EV0272,2026-11-15T18:30:00,registered,true,
RG02826,ST0502,EV0006,2026-10-19T14:00:00,registered,true,
RG02827,ST0502,EV0061,2026-08-29T08:00:00,attended,true,5
RG02828,ST0502,EV0141,2026-09-11T22:00:00,registered,true,
RG02829,ST0502,EV0163,2026-10-08T00:00:00,registered,true,
RG02830,ST0502,EV0171,2026-09-09T22:30:00,registered,true,
RG02831,ST0502,EV0174,2026-10-23T23:30:00,registered,true,
RG02832,ST0502,EV0191,2026-11-14T18:00:00,registered,true,
RG02833,ST0502,EV0267,2026-10-30T06:00:00,registered,false,
RG02834,ST0502,EV0272,2026-11-05T21:30:00,registered,true,
RG02835,ST0503,EV0002,2026-09-26T09:00:00,registered,true,
RG02836,ST0503,EV0019,2026-09-19T08:00:00,registered,false,
RG02837,ST0503,EV0023,2026-11-01T22:00:00,registered,true,
RG02838,ST0503,EV0134,2026-09-23T17:30:00,registered,false,
RG02839,ST0503,EV0135,2026-10-19T10:30:00,registered,false,
RG02840,ST0503,EV0224,2026-08-19T11:30:00,attended,false,4
RG02841,ST0504,EV0002,2026-09-21T04:00:00,registered,true,
RG02842,ST0504,EV0008,2026-08-31T03:00:00,no_show,true,
RG02843,ST0504,EV0017,2026-08-20T15:30:00,attended,true,
RG02844,ST0504,EV0018,2026-11-15T10:00:00,registered,false,
RG02845,ST0504,EV0022,2026-09-30T21:00:00,registered,false,
RG02846,ST0504,EV0031,2026-11-21T18:00:00,registered,true,
RG02847,ST0504,EV0227,2026-09-07T04:30:00,no_show,false,
RG02848,ST0505,EV0141,2026-09-12T04:00:00,registered,false,
RG02849,ST0505,EV0142,2026-09-14T04:00:00,registered,false,
RG02850,ST0505,EV0143,2026-08-20T07:00:00,attended,true,4
RG02851,ST0505,EV0145,2026-11-15T07:00:00,registered,false,
RG02852,ST0505,EV0192,2026-11-21T15:00:00,registered,true,
RG02853,ST0505,EV0199,2026-11-07T14:30:00,registered,true,
RG02854,ST0505,EV0272,2026-11-07T10:30:00,registered,true,
RG02855,ST0506,EV0021,2026-11-24T06:00:00,registered,false,
RG02856,ST0506,EV0251,2026-10-05T10:30:00,registered,true,
RG02857,ST0506,EV0267,2026-11-02T14:00:00,registered,false,
RG02858,ST0506,EV0268,2026-09-08T13:00:00,no_show,false,
RG02859,ST0507,EV0030,2026-10-18T07:30:00,registered,false,
RG02860,ST0507,EV0110,2026-10-19T03:30:00,registered,true,
RG02861,ST0507,EV0254,2026-11-06T09:00:00,registered,true,
RG02862,ST0508,EV0077,2026-09-03T13:00:00,no_show,true,
RG02863,ST0508,EV0082,2026-10-22T05:00:00,registered,false,
RG02864,ST0508,EV0261,2026-10-18T13:30:00,registered,false,
RG02865,ST0509,EV0004,2026-10-14T04:00:00,registered,false,
RG02866,ST0509,EV0062,2026-09-14T03:00:00,registered,false,
RG02867,ST0509,EV0241,2026-11-11T13:00:00,registered,false,
RG02868,ST0509,EV0267,2026-11-03T03:00:00,registered,false,
RG02869,ST0509,EV0274,2026-11-05T10:30:00,registered,true,
RG02870,ST0510,EV0142,2026-09-16T16:00:00,registered,false,
RG02871,ST0510,EV0144,2026-08-16T15:00:00,attended,true,5
RG02872,ST0510,EV0159,2026-12-05T07:00:00,registered,false,
RG02873,ST0510,EV0169,2026-08-15T14:30:00,attended,false,
RG02874,ST0510,EV0170,2026-10-01T11:30:00,registered,false,
RG02875,ST0510,EV0243,2026-10-11T18:00:00,registered,false,
RG02876,ST0511,EV0003,2026-09-04T08:00:00,no_show,true,
RG02877,ST0511,EV0089,2026-11-01T16:00:00,registered,false,
RG02878,ST0511,EV0099,2026-10-24T05:00:00,registered,true,
RG02879,ST0511,EV0125,2026-11-28T04:00:00,registered,true,
RG02880,ST0512,EV0128,2026-11-18T08:30:00,registered,false,
RG02881,ST0512,EV0272,2026-11-11T02:30:00,registered,true,
RG02882,ST0513,EV0004,2026-10-03T04:00:00,registered,true,
RG02883,ST0513,EV0076,2026-09-15T11:00:00,registered,false,
RG02884,ST0513,EV0160,2026-10-22T22:00:00,registered,false,
RG02885,ST0513,EV0171,2026-09-17T05:30:00,registered,false,
RG02886,ST0513,EV0173,2026-10-28T07:30:00,registered,false,
RG02887,ST0513,EV0174,2026-10-24T22:30:00,registered,true,
RG02888,ST0513,EV0195,2026-09-04T14:30:00,attended,true,4
RG02889,ST0513,EV0197,2026-11-09T18:30:00,registered,false,
RG02890,ST0513,EV0213,2026-09-02T13:30:00,attended,false,3
RG02891,ST0514,EV0071,2026-10-09T06:00:00,registered,false,
RG02892,ST0514,EV0077,2026-09-02T15:00:00,no_show,true,
RG02893,ST0514,EV0126,2026-08-13T18:00:00,attended,true,5
RG02894,ST0514,EV0201,2026-10-26T18:00:00,registered,true,
RG02895,ST0514,EV0207,2026-09-26T11:00:00,registered,true,
RG02896,ST0514,EV0237,2026-09-02T18:00:00,attended,false,
RG02897,ST0514,EV0239,2026-08-27T10:00:00,attended,true,
RG02898,ST0514,EV0242,2026-08-20T19:00:00,attended,false,
RG02899,ST0514,EV0243,2026-10-15T04:00:00,registered,false,
RG02900,ST0515,EV0043,2026-11-30T00:30:00,registered,false,
RG02901,ST0515,EV0183,2026-09-03T16:30:00,no_show,true,
RG02902,ST0515,EV0190,2026-12-08T03:00:00,registered,true,
RG02903,ST0515,EV0219,2026-10-18T14:30:00,registered,true,
RG02904,ST0515,EV0246,2026-09-12T09:00:00,attended,false,5
RG02905,ST0515,EV0248,2026-10-12T02:00:00,registered,false,
RG02906,ST0515,EV0250,2026-09-19T10:00:00,registered,true,
RG02907,ST0515,EV0278,2026-11-29T07:30:00,registered,false,
RG02908,ST0516,EV0114,2026-09-04T00:00:00,attended,true,
RG02909,ST0516,EV0140,2026-10-02T11:30:00,registered,false,
RG02910,ST0516,EV0145,2026-11-16T10:00:00,registered,true,
RG02911,ST0517,EV0052,2026-09-25T00:00:00,registered,false,
RG02912,ST0517,EV0055,2026-09-22T10:00:00,registered,true,
RG02913,ST0517,EV0111,2026-10-22T00:30:00,registered,true,
RG02914,ST0517,EV0112,2026-09-24T10:30:00,registered,false,
RG02915,ST0517,EV0118,2026-10-29T00:30:00,registered,true,
RG02916,ST0517,EV0119,2026-10-28T17:30:00,registered,true,
RG02917,ST0517,EV0120,2026-09-18T14:30:00,registered,true,
RG02918,ST0517,EV0165,2026-10-03T01:00:00,registered,false,
RG02919,ST0517,EV0211,2026-10-20T22:30:00,registered,false,
RG02920,ST0518,EV0025,2026-10-28T08:30:00,registered,false,
RG02921,ST0518,EV0096,2026-09-20T19:00:00,registered,false,
RG02922,ST0518,EV0108,2026-09-25T10:30:00,registered,false,
RG02923,ST0518,EV0224,2026-08-25T17:30:00,attended,true,
RG02924,ST0518,EV0227,2026-09-15T16:30:00,no_show,false,
RG02925,ST0518,EV0244,2026-09-20T18:00:00,registered,false,
RG02926,ST0518,EV0245,2026-10-05T00:00:00,registered,false,
RG02927,ST0518,EV0260,2026-09-17T13:00:00,registered,true,
RG02928,ST0518,EV0274,2026-11-12T12:30:00,registered,false,
RG02929,ST0519,EV0217,2026-10-13T19:30:00,registered,false,
RG02930,ST0519,EV0230,2026-11-30T12:00:00,registered,true,
RG02931,ST0520,EV0005,2026-10-31T14:30:00,registered,true,
RG02932,ST0520,EV0007,2026-09-12T02:00:00,registered,true,
RG02933,ST0520,EV0095,2026-09-29T10:00:00,registered,true,
RG02934,ST0520,EV0224,2026-08-25T19:30:00,attended,false,4
RG02935,ST0520,EV0248,2026-10-10T01:00:00,registered,true,
RG02936,ST0520,EV0250,2026-09-11T00:00:00,registered,false,
RG02937,ST0520,EV0260,2026-09-20T23:00:00,registered,false,
RG02938,ST0520,EV0274,2026-11-04T03:30:00,registered,true,
RG02939,ST0521,EV0071,2026-10-11T08:00:00,registered,true,
RG02940,ST0521,EV0077,2026-09-12T04:00:00,attended,false,4
RG02941,ST0521,EV0120,2026-09-09T10:30:00,registered,false,
RG02942,ST0521,EV0203,2026-10-18T17:00:00,registered,true,
RG02943,ST0521,EV0204,2026-08-30T04:00:00,attended,false,4
RG02944,ST0521,EV0205,2026-10-04T19:00:00,registered,true,
RG02945,ST0521,EV0207,2026-09-21T04:00:00,registered,false,
RG02946,ST0521,EV0237,2026-09-02T14:00:00,no_show,false,
RG02947,ST0521,EV0239,2026-08-28T07:00:00,attended,true,4
RG02948,ST0522,EV0051,2026-11-07T10:00:00,registered,false,
RG02949,ST0522,EV0054,2026-10-21T17:00:00,registered,false,
RG02950,ST0522,EV0087,2026-09-06T19:00:00,attended,true,5
RG02951,ST0522,EV0126,2026-08-24T16:00:00,attended,true,
RG02952,ST0523,EV0096,2026-09-16T01:00:00,registered,false,
RG02953,ST0523,EV0100,2026-11-16T16:00:00,registered,true,
RG02954,ST0523,EV0103,2026-11-06T10:00:00,registered,false,
RG02955,ST0523,EV0251,2026-10-02T08:30:00,registered,true,
RG02956,ST0523,EV0273,2026-11-01T09:30:00,registered,false,
RG02957,ST0524,EV0001,2026-09-21T10:00:00,registered,false,
RG02958,ST0524,EV0177,2026-11-08T11:00:00,registered,true,
RG02959,ST0524,EV0248,2026-10-03T23:00:00,registered,true,
RG02960,ST0525,EV0141,2026-09-20T03:00:00,registered,false,
RG02961,ST0525,EV0144,2026-08-23T09:00:00,attended,false,4
RG02962,ST0525,EV0159,2026-12-01T15:00:00,registered,true,
RG02963,ST0525,EV0162,2026-11-26T12:00:00,registered,true,
RG02964,ST0525,EV0171,2026-09-19T18:30:00,registered,false,
RG02965,ST0525,EV0193,2026-08-23T13:00:00,attended,false,5
RG02966,ST0526,EV0098,2026-09-18T07:00:00,registered,true,
RG02967,ST0526,EV0242,2026-08-22T06:00:00,no_show,false,
RG02968,ST0526,EV0280,2026-09-24T22:30:00,registered,false,
RG02969,ST0527,EV0022,2026-09-27T07:00:00,registered,true,
RG02970,ST0527,EV0031,2026-11-23T12:00:00,registered,false,
RG02971,ST0527,EV0104,2026-11-08T01:00:00,registered,true,
RG02972,ST0527,EV0139,2026-10-12T15:30:00,registered,false,
RG02973,ST0527,EV0140,2026-09-21T11:30:00,registered,true,
RG02974,ST0527,EV0272,2026-11-06T02:30:00,registered,true,
RG02975,ST0527,EV0280,2026-09-19T16:30:00,registered,true,
RG02976,ST0528,EV0002,2026-09-27T11:00:00,registered,false,
RG02977,ST0528,EV0040,2026-11-04T08:00:00,registered,false,
RG02978,ST0528,EV0106,2026-10-10T11:30:00,registered,false,
RG02979,ST0528,EV0120,2026-09-15T18:30:00,registered,true,
RG02980,ST0528,EV0208,2026-11-01T05:30:00,registered,false,
RG02981,ST0528,EV0263,2026-11-22T18:30:00,registered,true,
RG02982,ST0529,EV0164,2026-10-09T23:00:00,registered,true,
RG02983,ST0529,EV0173,2026-10-27T14:30:00,registered,false,
RG02984,ST0529,EV0174,2026-10-25T11:30:00,registered,true,
RG02985,ST0529,EV0187,2026-10-13T16:00:00,registered,false,
RG02986,ST0529,EV0188,2026-11-22T04:00:00,registered,true,
RG02987,ST0529,EV0244,2026-09-20T03:00:00,registered,true,
RG02988,ST0529,EV0246,2026-09-14T22:00:00,attended,false,5
RG02989,ST0529,EV0249,2026-09-09T01:00:00,attended,false,4
RG02990,ST0530,EV0200,2026-09-28T02:30:00,registered,true,
RG02991,ST0531,EV0078,2026-11-16T02:00:00,registered,false,
RG02992,ST0531,EV0207,2026-09-22T02:00:00,registered,true,
RG02993,ST0531,EV0234,2026-08-30T03:00:00,attended,true,4
RG02994,ST0531,EV0239,2026-08-26T09:00:00,no_show,true,
RG02995,ST0531,EV0242,2026-08-12T23:00:00,no_show,false,
RG02996,ST0532,EV0059,2026-10-19T02:30:00,registered,true,
RG02997,ST0532,EV0060,2026-11-17T04:00:00,registered,true,
RG02998,ST0532,EV0080,2026-11-29T02:00:00,registered,true,
RG02999,ST0532,EV0165,2026-10-09T22:00:00,registered,false,
RG03000,ST0532,EV0168,2026-09-12T02:00:00,registered,false,
RG03001,ST0532,EV0169,2026-08-17T09:30:00,no_show,true,
RG03002,ST0532,EV0174,2026-11-03T04:30:00,registered,true,
RG03003,ST0532,EV0185,2026-11-15T23:00:00,registered,false,
RG03004,ST0532,EV0188,2026-11-29T23:00:00,registered,true,
RG03005,ST0533,EV0004,2026-10-07T18:00:00,registered,false,
RG03006,ST0533,EV0064,2026-11-25T04:00:00,registered,false,
RG03007,ST0533,EV0194,2026-12-01T00:30:00,registered,false,
RG03008,ST0533,EV0200,2026-09-25T06:30:00,registered,false,
RG03009,ST0533,EV0272,2026-11-11T07:30:00,registered,true,
RG03010,ST0533,EV0273,2026-11-02T04:30:00,registered,false,
RG03011,ST0534,EV0129,2026-09-04T00:30:00,attended,true,5
RG03012,ST0534,EV0143,2026-08-14T06:00:00,no_show,false,
RG03013,ST0534,EV0174,2026-11-01T15:30:00,registered,true,
RG03014,ST0534,EV0209,2026-11-23T03:30:00,registered,true,
RG03015,ST0535,EV0005,2026-10-25T06:30:00,registered,false,
RG03016,ST0535,EV0022,2026-09-30T09:00:00,registered,false,
RG03017,ST0535,EV0097,2026-10-16T17:00:00,registered,false,
RG03018,ST0535,EV0245,2026-10-03T05:00:00,registered,false,
RG03019,ST0535,EV0246,2026-09-03T06:00:00,no_show,true,
RG03020,ST0535,EV0247,2026-09-11T13:00:00,registered,true,
RG03021,ST0535,EV0260,2026-09-25T07:00:00,registered,true,
RG03022,ST0535,EV0279,2026-10-19T02:30:00,registered,true,
RG03023,ST0536,EV0004,2026-10-10T12:00:00,registered,true,
RG03024,ST0536,EV0008,2026-09-03T10:00:00,no_show,false,
RG03025,ST0536,EV0170,2026-09-20T09:30:00,registered,true,
RG03026,ST0536,EV0194,2026-11-30T06:30:00,registered,false,
RG03027,ST0536,EV0195,2026-08-25T05:30:00,no_show,true,
RG03028,ST0536,EV0199,2026-11-04T12:30:00,registered,false,
RG03029,ST0536,EV0200,2026-09-20T13:30:00,registered,false,
RG03030,ST0536,EV0273,2026-11-04T17:30:00,registered,false,
RG03031,ST0536,EV0276,2026-08-10T22:00:00,attended,true,
RG03032,ST0537,EV0140,2026-09-28T06:30:00,registered,true,
RG03033,ST0537,EV0184,2026-09-13T11:30:00,registered,true,
RG03034,ST0538,EV0125,2026-11-19T15:00:00,registered,true,
RG03035,ST0538,EV0147,2026-09-03T06:00:00,attended,false,3
RG03036,ST0538,EV0262,2026-10-14T22:30:00,registered,false,
RG03037,ST0539,EV0005,2026-11-01T06:30:00,registered,true,
RG03038,ST0539,EV0095,2026-10-08T17:00:00,registered,false,
RG03039,ST0540,EV0022,2026-09-24T12:00:00,registered,true,
RG03040,ST0540,EV0140,2026-09-27T15:30:00,registered,true,
RG03041,ST0540,EV0153,2026-09-17T02:30:00,attended,false,4
RG03042,ST0540,EV0158,2026-10-07T07:30:00,registered,true,
RG03043,ST0540,EV0273,2026-11-03T07:30:00,registered,true,
RG03044,ST0541,EV0095,2026-10-05T17:00:00,registered,true,
RG03045,ST0541,EV0096,2026-09-17T10:00:00,registered,false,
RG03046,ST0541,EV0244,2026-09-26T14:00:00,registered,false,
RG03047,ST0541,EV0247,2026-09-23T07:00:00,registered,false,
RG03048,ST0542,EV0061,2026-09-01T03:00:00,no_show,true,
RG03049,ST0542,EV0074,2026-11-23T23:00:00,registered,true,
RG03050,ST0542,EV0215,2026-11-26T23:30:00,registered,false,
RG03051,ST0542,EV0216,2026-11-19T11:30:00,registered,false,
RG03052,ST0542,EV0220,2026-08-30T08:30:00,attended,false,
RG03053,ST0542,EV0221,2026-12-06T14:30:00,registered,false,
RG03054,ST0542,EV0233,2026-11-22T08:00:00,registered,false,
RG03055,ST0542,EV0234,2026-08-29T00:00:00,attended,false,5
RG03056,ST0542,EV0235,2026-08-19T00:00:00,attended,false,4
RG03057,ST0543,EV0263,2026-11-29T11:30:00,registered,true,
RG03058,ST0543,EV0268,2026-09-02T13:00:00,attended,false,
RG03059,ST0544,EV0001,2026-09-14T16:00:00,registered,false,
RG03060,ST0544,EV0230,2026-11-27T18:00:00,registered,false,
RG03061,ST0544,EV0232,2026-10-15T04:00:00,registered,true,
RG03062,ST0544,EV0233,2026-11-22T00:00:00,registered,false,
RG03063,ST0544,EV0249,2026-08-27T22:00:00,attended,false,
RG03064,ST0545,EV0046,2026-10-28T08:00:00,registered,false,
RG03065,ST0545,EV0081,2026-09-28T13:00:00,registered,false,
RG03066,ST0545,EV0082,2026-10-20T16:00:00,registered,false,
RG03067,ST0545,EV0089,2026-11-08T16:00:00,registered,false,
RG03068,ST0545,EV0210,2026-09-12T15:30:00,registered,true,
RG03069,ST0545,EV0211,2026-10-18T13:30:00,registered,false,
RG03070,ST0545,EV0213,2026-08-31T10:30:00,attended,false,
RG03071,ST0545,EV0214,2026-12-02T22:30:00,registered,false,
RG03072,ST0545,EV0239,2026-08-31T11:00:00,no_show,false,
RG03073,ST0546,EV0010,2026-12-08T18:00:00,registered,false,
RG03074,ST0546,EV0011,2026-10-30T17:00:00,registered,false,
RG03075,ST0546,EV0048,2026-11-02T01:00:00,registered,false,
RG03076,ST0546,EV0057,2026-08-14T18:00:00,attended,false,
RG03077,ST0546,EV0092,2026-11-04T23:00:00,registered,true,
RG03078,ST0546,EV0104,2026-11-12T20:00:00,registered,false,
RG03079,ST0546,EV0125,2026-11-18T13:00:00,registered,false,
RG03080,ST0546,EV0276,2026-08-24T07:00:00,attended,true,5
RG03081,ST0547,EV0089,2026-11-08T14:00:00,registered,true,
RG03082,ST0547,EV0235,2026-08-31T17:00:00,attended,false,
RG03083,ST0547,EV0239,2026-08-19T08:00:00,attended,false,3
RG03084,ST0548,EV0190,2026-12-04T16:00:00,registered,true,
RG03085,ST0548,EV0194,2026-12-04T11:30:00,registered,true,
RG03086,ST0548,EV0197,2026-11-09T05:30:00,registered,true,
RG03087,ST0548,EV0198,2026-09-26T08:30:00,registered,false,
RG03088,ST0548,EV0200,2026-09-20T03:30:00,registered,false,
RG03089,ST0548,EV0242,2026-08-11T12:00:00,no_show,true,
RG03090,ST0548,EV0268,2026-09-02T22:00:00,attended,true,4
RG03091,ST0548,EV0272,2026-11-03T01:30:00,registered,false,
RG03092,ST0549,EV0019,2026-09-14T21:00:00,registered,true,
RG03093,ST0549,EV0102,2026-11-01T14:30:00,registered,false,
RG03094,ST0549,EV0108,2026-09-29T08:30:00,registered,true,
RG03095,ST0549,EV0126,2026-08-19T00:00:00,attended,true,5
RG03096,ST0549,EV0135,2026-10-22T03:30:00,registered,false,
RG03097,ST0549,EV0136,2026-11-03T15:30:00,registered,false,
RG03098,ST0549,EV0260,2026-09-27T10:00:00,registered,false,
RG03099,ST0550,EV0001,2026-09-28T03:00:00,registered,true,
RG03100,ST0550,EV0064,2026-11-25T10:00:00,registered,false,
RG03101,ST0550,EV0195,2026-08-29T11:30:00,no_show,false,
RG03102,ST0550,EV0196,2026-09-30T03:30:00,registered,false,
RG03103,ST0550,EV0257,2026-10-27T08:00:00,registered,true,
RG03104,ST0550,EV0272,2026-11-02T19:30:00,registered,false,
RG03105,ST0550,EV0273,2026-11-09T22:30:00,registered,true,
RG03106,ST0551,EV0004,2026-10-07T02:00:00,registered,true,
RG03107,ST0551,EV0027,2026-09-30T13:30:00,registered,true,
RG03108,ST0551,EV0101,2026-11-25T15:00:00,registered,true,
RG03109,ST0551,EV0138,2026-08-29T09:30:00,attended,true,4
RG03110,ST0551,EV0175,2026-08-13T03:00:00,no_show,false,
RG03111,ST0551,EV0178,2026-11-13T00:00:00,registered,false,
RG03112,ST0552,EV0004,2026-10-10T23:00:00,registered,false,
RG03113,ST0552,EV0194,2026-11-24T02:30:00,registered,true,
RG03114,ST0552,EV0196,2026-10-01T15:30:00,registered,true,
RG03115,ST0552,EV0198,2026-09-17T18:30:00,registered,false,
RG03116,ST0552,EV0200,2026-09-20T08:30:00,registered,true,
RG03117,ST0553,EV0222,2026-11-24T13:30:00,registered,false,
RG03118,ST0553,EV0246,2026-09-16T06:00:00,no_show,false,
RG03119,ST0553,EV0249,2026-09-04T07:00:00,attended,true,3
RG03120,ST0553,EV0260,2026-09-29T02:00:00,registered,false,
RG03121,ST0554,EV0095,2026-10-03T22:00:00,registered,false,
RG03122,ST0554,EV0097,2026-10-05T20:00:00,registered,true,
RG03123,ST0554,EV0142,2026-09-09T17:00:00,registered,true,
RG03124,ST0554,EV0225,2026-08-27T14:30:00,no_show,true,
RG03125,ST0554,EV0226,2026-09-05T18:30:00,no_show,true,
RG03126,ST0554,EV0244,2026-09-24T18:00:00,registered,true,
RG03127,ST0554,EV0246,2026-09-09T12:00:00,attended,true,4
RG03128,ST0554,EV0260,2026-09-30T05:00:00,registered,false,
RG03129,ST0555,EV0077,2026-09-14T13:00:00,attended,false,
RG03130,ST0555,EV0125,2026-11-18T14:00:00,registered,false,
RG03131,ST0555,EV0188,2026-11-19T08:00:00,registered,false,
RG03132,ST0555,EV0231,2026-12-02T10:00:00,registered,true,
RG03133,ST0556,EV0019,2026-09-26T16:00:00,registered,false,
RG03134,ST0556,EV0057,2026-08-16T19:00:00,attended,true,4
RG03135,ST0556,EV0092,2026-11-06T12:00:00,registered,true,
RG03136,ST0556,EV0122,2026-08-20T09:00:00,attended,true,
RG03137,ST0556,EV0125,2026-11-28T13:00:00,registered,true,
RG03138,ST0556,EV0126,2026-08-15T00:00:00,attended,true,
RG03139,ST0556,EV0136,2026-10-26T15:30:00,registered,true,
RG03140,ST0557,EV0009,2026-10-07T08:00:00,registered,false,
RG03141,ST0557,EV0017,2026-08-17T18:30:00,no_show,false,
RG03142,ST0557,EV0098,2026-10-01T00:00:00,registered,true,
RG03143,ST0557,EV0128,2026-11-23T12:30:00,registered,true,
RG03144,ST0557,EV0129,2026-09-17T08:30:00,no_show,false,
RG03145,ST0557,EV0132,2026-09-13T17:30:00,registered,false,
RG03146,ST0557,EV0139,2026-10-11T23:30:00,registered,true,
RG03147,ST0557,EV0236,2026-09-30T14:00:00,registered,false,
RG03148,ST0558,EV0002,2026-09-24T15:00:00,registered,true,
RG03149,ST0558,EV0003,2026-09-03T01:00:00,no_show,false,
RG03150,ST0558,EV0006,2026-10-16T15:00:00,registered,false,
RG03151,ST0558,EV0244,2026-09-15T01:00:00,registered,false,
RG03152,ST0559,EV0002,2026-09-16T01:00:00,registered,false,
RG03153,ST0559,EV0003,2026-09-01T22:00:00,attended,false,
RG03154,ST0559,EV0028,2026-09-07T12:30:00,attended,true,5
RG03155,ST0559,EV0156,2026-08-24T06:30:00,attended,true,3
RG03156,ST0559,EV0157,2026-09-07T15:30:00,attended,true,3
RG03157,ST0559,EV0158,2026-09-30T23:30:00,registered,true,
RG03158,ST0560,EV0004,2026-10-10T11:00:00,registered,false,
RG03159,ST0560,EV0064,2026-11-26T14:00:00,registered,false,
RG03160,ST0560,EV0196,2026-09-27T12:30:00,registered,true,
RG03161,ST0560,EV0197,2026-11-04T23:30:00,registered,false,
RG03162,ST0560,EV0198,2026-09-15T08:30:00,registered,true,
RG03163,ST0560,EV0267,2026-10-23T04:00:00,registered,false,
RG03164,ST0560,EV0273,2026-11-02T19:30:00,registered,true,
RG03165,ST0561,EV0004,2026-10-13T13:00:00,registered,false,
RG03166,ST0561,EV0061,2026-08-25T12:00:00,attended,false,5
RG03167,ST0561,EV0143,2026-08-18T07:00:00,no_show,false,
RG03168,ST0561,EV0144,2026-08-22T05:00:00,no_show,false,
RG03169,ST0561,EV0145,2026-11-10T10:00:00,registered,true,
RG03170,ST0561,EV0172,2026-10-16T09:30:00,registered,false,
RG03171,ST0561,EV0191,2026-11-18T16:00:00,registered,false,
RG03172,ST0561,EV0197,2026-11-13T16:30:00,registered,true,
RG03173,ST0562,EV0018,2026-11-04T12:00:00,registered,true,
RG03174,ST0562,EV0035,2026-10-28T18:00:00,registered,false,
RG03175,ST0562,EV0109,2026-09-14T19:30:00,attended,false,4
RG03176,ST0563,EV0171,2026-09-12T12:30:00,registered,false,
RG03177,ST0563,EV0174,2026-11-02T06:30:00,registered,false,
RG03178,ST0563,EV0195,2026-08-30T00:30:00,attended,true,
RG03179,ST0563,EV0198,2026-09-22T11:30:00,registered,false,
RG03180,ST0563,EV0199,2026-11-01T23:30:00,registered,true,
RG03181,ST0564,EV0022,2026-09-24T21:00:00,registered,true,
RG03182,ST0565,EV0002,2026-09-17T09:00:00,registered,true,
RG03183,ST0565,EV0059,2026-10-19T23:30:00,registered,true,
RG03184,ST0565,EV0088,2026-08-29T02:00:00,attended,false,
RG03185,ST0565,EV0131,2026-09-20T23:30:00,registered,false,
RG03186,ST0565,EV0139,2026-10-22T17:30:00,registered,true,
RG03187,ST0566,EV0002,2026-09-25T08:00:00,registered,true,
RG03188,ST0566,EV0017,2026-08-17T13:30:00,attended,true,5
RG03189,ST0566,EV0018,2026-11-03T19:00:00,registered,false,
RG03190,ST0566,EV0026,2026-11-23T08:00:00,registered,true,
RG03191,ST0566,EV0030,2026-10-10T18:30:00,registered,true,
RG03192,ST0566,EV0273,2026-10-30T20:30:00,registered,false,
RG03193,ST0566,EV0277,2026-10-25T00:30:00,registered,true,
RG03194,ST0566,EV0280,2026-09-25T20:30:00,registered,true,
RG03195,ST0567,EV0001,2026-09-15T21:00:00,registered,true,
RG03196,ST0567,EV0165,2026-10-03T13:00:00,registered,false,
RG03197,ST0567,EV0216,2026-11-16T10:30:00,registered,true,
RG03198,ST0567,EV0217,2026-10-01T17:30:00,registered,true,
RG03199,ST0567,EV0218,2026-12-01T11:30:00,registered,false,
RG03200,ST0567,EV0219,2026-10-16T03:30:00,registered,true,
RG03201,ST0567,EV0231,2026-12-01T09:00:00,registered,true,
RG03202,ST0567,EV0234,2026-09-08T13:00:00,attended,false,3
RG03203,ST0567,EV0236,2026-09-30T14:00:00,registered,false,
RG03204,ST0567,EV0271,2026-09-28T23:00:00,registered,false,
RG03205,ST0568,EV0128,2026-11-23T03:30:00,registered,false,
RG03206,ST0568,EV0180,2026-10-12T01:30:00,registered,true,
RG03207,ST0568,EV0188,2026-11-28T02:00:00,registered,true,
RG03208,ST0569,EV0017,2026-08-13T01:30:00,attended,false,5
RG03209,ST0569,EV0128,2026-11-20T13:30:00,registered,true,
RG03210,ST0569,EV0135,2026-10-17T13:30:00,registered,false,
RG03211,ST0569,EV0136,2026-10-30T02:30:00,registered,true,
RG03212,ST0569,EV0138,2026-09-04T13:30:00,no_show,true,
RG03213,ST0569,EV0140,2026-10-03T13:30:00,registered,true,
RG03214,ST0569,EV0201,2026-11-01T00:00:00,registered,false,
RG03215,ST0570,EV0001,2026-09-20T05:00:00,registered,true,
RG03216,ST0570,EV0035,2026-10-25T07:00:00,registered,true,
RG03217,ST0570,EV0135,2026-10-14T22:30:00,registered,true,
RG03218,ST0570,EV0171,2026-09-17T01:30:00,registered,false,
RG03219,ST0570,EV0204,2026-08-22T13:00:00,attended,true,
RG03220,ST0570,EV0205,2026-10-10T16:00:00,registered,true,
RG03221,ST0570,EV0230,2026-12-04T01:00:00,registered,false,
RG03222,ST0571,EV0062,2026-09-21T06:00:00,registered,false,
RG03223,ST0571,EV0196,2026-10-06T16:30:00,registered,false,
RG03224,ST0571,EV0273,2026-11-09T18:30:00,registered,true,
RG03225,ST0572,EV0024,2026-08-28T16:30:00,no_show,false,
RG03226,ST0572,EV0070,2026-10-22T22:00:00,registered,true,
RG03227,ST0573,EV0005,2026-10-29T10:30:00,registered,false,
RG03228,ST0573,EV0215,2026-11-26T06:30:00,registered,true,
RG03229,ST0573,EV0221,2026-12-05T23:30:00,registered,false,
RG03230,ST0573,EV0228,2026-09-08T09:00:00,no_show,false,
RG03231,ST0573,EV0234,2026-09-01T23:00:00,attended,false,3
RG03232,ST0573,EV0236,2026-10-03T00:00:00,registered,false,
RG03233,ST0574,EV0225,2026-08-26T23:30:00,attended,true,3
RG03234,ST0574,EV0226,2026-08-29T11:30:00,no_show,false,
RG03235,ST0574,EV0246,2026-09-04T22:00:00,attended,true,
RG03236,ST0574,EV0250,2026-09-22T07:00:00,registered,true,
RG03237,ST0574,EV0268,2026-09-15T11:00:00,attended,true,
RG03238,ST0575,EV0001,2026-09-20T00:00:00,registered,true,
RG03239,ST0575,EV0021,2026-11-24T10:00:00,registered,true,
RG03240,ST0575,EV0048,2026-11-01T21:00:00,registered,true,
RG03241,ST0575,EV0052,2026-09-26T05:00:00,registered,true,
RG03242,ST0575,EV0092,2026-11-14T08:00:00,registered,false,
RG03243,ST0575,EV0123,2026-11-17T16:00:00,registered,true,
RG03244,ST0575,EV0134,2026-09-24T00:30:00,registered,false,
RG03245,ST0576,EV0046,2026-10-27T23:00:00,registered,true,
RG03246,ST0576,EV0093,2026-10-06T08:00:00,registered,true,
RG03247,ST0576,EV0185,2026-11-15T04:00:00,registered,false,
RG03248,ST0576,EV0198,2026-09-22T03:30:00,registered,true,
RG03249,ST0576,EV0244,2026-09-25T09:00:00,registered,true,
RG03250,ST0576,EV0249,2026-09-07T10:00:00,no_show,true,
RG03251,ST0577,EV0007,2026-09-14T06:00:00,registered,false,
RG03252,ST0577,EV0059,2026-10-24T01:30:00,registered,false,
RG03253,ST0577,EV0164,2026-10-11T12:00:00,registered,false,
RG03254,ST0577,EV0167,2026-10-02T08:00:00,registered,true,
RG03255,ST0577,EV0169,2026-08-21T17:30:00,no_show,false,
RG03256,ST0577,EV0183,2026-09-06T08:30:00,attended,false,3
RG03257,ST0577,EV0186,2026-09-18T18:00:00,registered,false,
RG03258,ST0578,EV0081,2026-10-04T11:00:00,registered,false,
RG03259,ST0578,EV0121,2026-12-04T09:00:00,registered,true,
RG03260,ST0578,EV0278,2026-12-05T15:30:00,registered,true,
RG03261,ST0579,EV0128,2026-11-21T16:30:00,registered,false,
RG03262,ST0579,EV0129,2026-09-15T01:30:00,attended,false,
RG03263,ST0579,EV0131,2026-09-25T15:30:00,registered,false,
RG03264,ST0579,EV0133,2026-08-13T01:30:00,attended,true,
RG03265,ST0579,EV0135,2026-10-15T11:30:00,registered,false,
RG03266,ST0579,EV0150,2026-11-06T17:00:00,registered,false,
RG03267,ST0579,EV0180,2026-10-17T00:30:00,registered,false,
RG03268,ST0579,EV0272,2026-11-11T16:30:00,registered,true,
RG03269,ST0579,EV0273,2026-11-03T10:30:00,registered,true,
RG03270,ST0580,EV0054,2026-10-16T15:00:00,registered,false,
RG03271,ST0580,EV0112,2026-09-21T13:30:00,registered,false,
RG03272,ST0580,EV0118,2026-11-05T00:30:00,registered,false,
RG03273,ST0580,EV0119,2026-10-22T13:30:00,registered,true,
RG03274,ST0580,EV0120,2026-09-19T18:30:00,registered,false,
RG03275,ST0580,EV0280,2026-09-20T23:30:00,registered,true,
RG03276,ST0581,EV0072,2026-09-04T05:30:00,attended,false,
RG03277,ST0581,EV0138,2026-08-29T10:30:00,attended,false,3
RG03278,ST0581,EV0241,2026-11-20T02:00:00,registered,false,
RG03279,ST0582,EV0138,2026-08-30T00:30:00,attended,false,
RG03280,ST0582,EV0198,2026-09-17T04:30:00,registered,true,
RG03281,ST0583,EV0020,2026-10-22T11:00:00,registered,false,
RG03282,ST0583,EV0023,2026-11-09T21:00:00,registered,true,
RG03283,ST0583,EV0091,2026-11-11T18:30:00,registered,true,
RG03284,ST0583,EV0121,2026-12-07T01:00:00,registered,true,
RG03285,ST0583,EV0122,2026-08-24T11:00:00,attended,false,5
RG03286,ST0584,EV0051,2026-11-05T18:00:00,registered,false,
RG03287,ST0584,EV0052,2026-09-28T07:00:00,registered,false,
RG03288,ST0584,EV0054,2026-10-25T02:00:00,registered,true,
RG03289,ST0584,EV0111,2026-10-23T13:30:00,registered,true,
RG03290,ST0584,EV0184,2026-09-14T09:30:00,registered,false,
RG03291,ST0585,EV0268,2026-09-14T23:00:00,no_show,false,
RG03292,ST0586,EV0071,2026-10-09T06:00:00,registered,true,
RG03293,ST0586,EV0203,2026-10-27T16:00:00,registered,true,
RG03294,ST0586,EV0230,2026-11-29T08:00:00,registered,false,
RG03295,ST0586,EV0232,2026-10-25T16:00:00,registered,true,
RG03296,ST0586,EV0243,2026-10-06T02:00:00,registered,false,
RG03297,ST0587,EV0128,2026-11-22T05:30:00,registered,false,
RG03298,ST0587,EV0129,2026-09-12T07:30:00,attended,true,
RG03299,ST0587,EV0136,2026-11-08T10:30:00,registered,true,
RG03300,ST0587,EV0138,2026-09-03T06:30:00,attended,false,
RG03301,ST0587,EV0139,2026-10-21T15:30:00,registered,false,
RG03302,ST0587,EV0161,2026-11-15T06:00:00,registered,false,
RG03303,ST0588,EV0040,2026-10-29T15:00:00,registered,false,
RG03304,ST0588,EV0084,2026-09-20T09:00:00,registered,true,
RG03305,ST0588,EV0208,2026-10-25T04:30:00,registered,true,
RG03306,ST0589,EV0052,2026-09-25T04:00:00,registered,false,
RG03307,ST0589,EV0055,2026-09-22T04:00:00,registered,false,
RG03308,ST0589,EV0108,2026-09-22T07:30:00,registered,true,
RG03309,ST0589,EV0110,2026-10-17T09:30:00,registered,true,
RG03310,ST0589,EV0270,2026-11-19T15:00:00,registered,false,
RG03311,ST0589,EV0280,2026-10-01T08:30:00,registered,true,
RG03312,ST0590,EV0035,2026-10-23T23:00:00,registered,false,
RG03313,ST0590,EV0039,2026-11-16T22:00:00,registered,true,
RG03314,ST0590,EV0041,2026-10-06T08:00:00,registered,false,
RG03315,ST0590,EV0108,2026-09-18T13:30:00,registered,false,
RG03316,ST0590,EV0114,2026-09-03T05:00:00,attended,false,
RG03317,ST0590,EV0131,2026-09-22T02:30:00,registered,true,
RG03318,ST0590,EV0251,2026-10-07T18:30:00,registered,false,
RG03319,ST0590,EV0261,2026-10-19T10:30:00,registered,false,
RG03320,ST0590,EV0266,2026-09-01T12:30:00,attended,false,3
RG03321,ST0591,EV0052,2026-09-27T03:00:00,registered,false,
RG03322,ST0591,EV0110,2026-10-17T07:30:00,registered,true,
RG03323,ST0591,EV0116,2026-09-14T17:30:00,attended,false,3
RG03324,ST0591,EV0117,2026-11-27T04:30:00,registered,false,
RG03325,ST0591,EV0204,2026-08-23T16:00:00,attended,true,5
RG03326,ST0591,EV0277,2026-10-30T06:30:00,registered,false,
RG03327,ST0592,EV0084,2026-09-29T08:00:00,registered,false,
RG03328,ST0592,EV0087,2026-09-13T03:00:00,no_show,false,
RG03329,ST0592,EV0092,2026-11-06T00:00:00,registered,false,
RG03330,ST0592,EV0153,2026-09-04T03:30:00,attended,false,4
RG03331,ST0592,EV0155,2026-09-18T02:30:00,registered,true,
RG03332,ST0592,EV0277,2026-10-25T18:30:00,registered,true,
RG03333,ST0593,EV0044,2026-10-20T07:00:00,registered,false,
RG03334,ST0593,EV0106,2026-10-21T08:30:00,registered,false,
RG03335,ST0593,EV0160,2026-10-27T07:00:00,registered,false,
RG03336,ST0593,EV0276,2026-08-17T14:00:00,attended,false,4
RG03337,ST0594,EV0006,2026-10-14T16:00:00,registered,true,
RG03338,ST0594,EV0017,2026-08-13T17:30:00,attended,true,4
RG03339,ST0594,EV0029,2026-09-25T16:00:00,registered,true,
RG03340,ST0594,EV0135,2026-10-19T02:30:00,registered,false,
RG03341,ST0594,EV0140,2026-09-25T07:30:00,registered,false,
RG03342,ST0594,EV0159,2026-11-29T14:00:00,registered,true,
RG03343,ST0595,EV0002,2026-09-27T22:00:00,registered,true,
RG03344,ST0595,EV0082,2026-10-21T10:00:00,registered,true,
RG03345,ST0595,EV0092,2026-11-05T12:00:00,registered,false,
RG03346,ST0595,EV0155,2026-09-14T23:30:00,registered,true,
RG03347,ST0595,EV0157,2026-09-09T02:30:00,no_show,true,
RG03348,ST0595,EV0263,2026-11-21T23:30:00,registered,false,
RG03349,ST0595,EV0277,2026-10-29T10:30:00,registered,true,
RG03350,ST0596,EV0096,2026-09-15T06:00:00,registered,false,
RG03351,ST0596,EV0224,2026-08-17T03:30:00,attended,false,5
RG03352,ST0596,EV0225,2026-08-28T10:30:00,attended,false,
RG03353,ST0596,EV0227,2026-09-06T14:30:00,attended,true,3
RG03354,ST0596,EV0244,2026-09-17T14:00:00,registered,false,
RG03355,ST0596,EV0245,2026-09-27T07:00:00,registered,true,
RG03356,ST0596,EV0246,2026-09-14T12:00:00,attended,true,3
RG03357,ST0596,EV0248,2026-10-01T08:00:00,registered,false,
RG03358,ST0596,EV0274,2026-11-15T06:30:00,registered,true,
RG03359,ST0597,EV0003,2026-09-10T00:00:00,no_show,false,
RG03360,ST0597,EV0006,2026-10-15T07:00:00,registered,false,
RG03361,ST0597,EV0008,2026-08-30T09:00:00,attended,false,
RG03362,ST0597,EV0022,2026-10-04T11:00:00,registered,false,
RG03363,ST0597,EV0024,2026-08-28T14:30:00,attended,false,
RG03364,ST0597,EV0027,2026-10-09T18:30:00,registered,true,
RG03365,ST0597,EV0138,2026-09-04T11:30:00,attended,true,
RG03366,ST0597,EV0140,2026-09-25T16:30:00,registered,false,
RG03367,ST0598,EV0003,2026-09-02T16:00:00,no_show,false,
RG03368,ST0598,EV0023,2026-10-31T14:00:00,registered,false,
RG03369,ST0598,EV0057,2026-08-13T03:00:00,no_show,true,
RG03370,ST0598,EV0091,2026-11-11T09:30:00,registered,true,
RG03371,ST0598,EV0104,2026-11-16T21:00:00,registered,false,
RG03372,ST0598,EV0125,2026-11-17T06:00:00,registered,true,
RG03373,ST0598,EV0135,2026-10-16T04:30:00,registered,false,
RG03374,ST0599,EV0003,2026-09-11T21:00:00,attended,false,3
RG03375,ST0599,EV0017,2026-08-15T04:30:00,no_show,true,
RG03376,ST0599,EV0028,2026-09-02T13:30:00,attended,true,4
RG03377,ST0599,EV0061,2026-08-25T22:00:00,attended,false,4
RG03378,ST0599,EV0112,2026-09-17T14:30:00,registered,true,
RG03379,ST0599,EV0128,2026-11-18T06:30:00,registered,true,
RG03380,ST0599,EV0134,2026-09-22T05:30:00,registered,false,
RG03381,ST0599,EV0138,2026-08-29T01:30:00,attended,false,
RG03382,ST0599,EV0159,2026-12-01T23:00:00,registered,true,
RG03383,ST0599,EV0276,2026-08-10T23:00:00,attended,true,4
RG03384,ST0600,EV0001,2026-09-19T16:00:00,registered,false,
RG03385,ST0600,EV0052,2026-10-04T19:00:00,registered,false,
RG03386,ST0600,EV0083,2026-10-11T07:00:00,registered,false,
RG03387,ST0600,EV0208,2026-10-28T23:30:00,registered,true,
RG03388,ST0600,EV0210,2026-09-14T08:30:00,registered,false,
RG03389,ST0600,EV0230,2026-11-23T18:00:00,registered,true,
RG03390,ST0600,EV0234,2026-08-27T17:00:00,no_show,true,
RG03391,ST0600,EV0243,2026-10-06T03:00:00,registered,false,
RG03392,ST0601,EV0002,2026-09-16T01:00:00,registered,false,
RG03393,ST0602,EV0043,2026-12-03T23:30:00,registered,false,
RG03394,ST0602,EV0155,2026-09-15T15:30:00,registered,false,
RG03395,ST0603,EV0004,2026-10-07T08:00:00,registered,true,
RG03396,ST0603,EV0060,2026-11-17T17:00:00,registered,true,
RG03397,ST0603,EV0111,2026-10-31T07:30:00,registered,false,
RG03398,ST0603,EV0144,2026-08-13T23:00:00,attended,false,5
RG03399,ST0603,EV0161,2026-11-12T05:00:00,registered,true,
RG03400,ST0603,EV0174,2026-10-26T17:30:00,registered,true,
RG03401,ST0603,EV0192,2026-11-22T18:00:00,registered,false,
RG03402,ST0603,EV0278,2026-12-05T08:30:00,registered,false,
RG03403,ST0604,EV0001,2026-09-24T16:00:00,registered,true,
RG03404,ST0604,EV0005,2026-10-23T07:30:00,registered,true,
RG03405,ST0604,EV0073,2026-11-12T05:00:00,registered,true,
RG03406,ST0604,EV0191,2026-11-12T17:00:00,registered,false,
RG03407,ST0604,EV0233,2026-11-23T09:00:00,registered,true,
RG03408,ST0604,EV0242,2026-08-16T09:00:00,attended,false,3
RG03409,ST0605,EV0159,2026-12-05T15:00:00,registered,true,
RG03410,ST0605,EV0194,2026-12-07T07:30:00,registered,true,
RG03411,ST0605,EV0195,2026-09-01T02:30:00,no_show,true,
RG03412,ST0605,EV0200,2026-09-24T03:30:00,registered,false,
RG03413,ST0606,EV0007,2026-09-22T13:00:00,registered,false,
RG03414,ST0606,EV0096,2026-09-16T18:00:00,registered,true,
RG03415,ST0606,EV0224,2026-08-26T12:30:00,attended,true,
RG03416,ST0606,EV0226,2026-08-27T23:30:00,attended,false,
RG03417,ST0606,EV0247,2026-09-19T16:00:00,registered,true,
RG03418,ST0606,EV0279,2026-10-22T15:30:00,registered,false,
RG03419,ST0606,EV0280,2026-09-17T21:30:00,registered,false,
RG03420,ST0607,EV0017,2026-08-20T04:30:00,no_show,true,
RG03421,ST0607,EV0138,2026-09-01T18:30:00,no_show,false,
RG03422,ST0607,EV0268,2026-09-15T12:00:00,no_show,true,
RG03423,ST0607,EV0278,2026-12-03T05:30:00,registered,false,
RG03424,ST0608,EV0004,2026-10-14T15:00:00,registered,true,
RG03425,ST0608,EV0062,2026-09-17T05:00:00,registered,false,
RG03426,ST0608,EV0145,2026-11-15T13:00:00,registered,false,
RG03427,ST0608,EV0157,2026-09-08T06:30:00,no_show,false,
RG03428,ST0608,EV0194,2026-12-05T01:30:00,registered,false,
RG03429,ST0608,EV0195,2026-09-05T08:30:00,attended,false,5
RG03430,ST0608,EV0197,2026-11-04T18:30:00,registered,true,
RG03431,ST0608,EV0199,2026-11-09T11:30:00,registered,false,
RG03432,ST0608,EV0272,2026-11-03T21:30:00,registered,false,
RG03433,ST0608,EV0273,2026-10-31T06:30:00,registered,true,
RG03434,ST0609,EV0009,2026-10-12T12:00:00,registered,true,
RG03435,ST0609,EV0044,2026-10-16T08:00:00,registered,true,
RG03436,ST0610,EV0064,2026-12-07T14:00:00,registered,false,
RG03437,ST0610,EV0195,2026-09-03T05:30:00,no_show,false,
RG03438,ST0610,EV0196,2026-10-08T05:30:00,registered,false,
RG03439,ST0610,EV0199,2026-11-04T17:30:00,registered,false,
RG03440,ST0610,EV0267,2026-10-26T04:00:00,registered,true,
RG03441,ST0610,EV0272,2026-11-09T06:30:00,registered,true,
RG03442,ST0611,EV0128,2026-11-16T07:30:00,registered,false,
RG03443,ST0611,EV0164,2026-10-11T10:00:00,registered,true,
RG03444,ST0611,EV0167,2026-09-25T23:00:00,registered,true,
RG03445,ST0611,EV0185,2026-11-03T23:00:00,registered,false,
RG03446,ST0612,EV0012,2026-09-16T04:00:00,registered,false,
RG03447,ST0612,EV0181,2026-12-10T08:30:00,registered,false,
RG03448,ST0612,EV0248,2026-10-01T04:00:00,registered,false,
RG03449,ST0613,EV0024,2026-09-02T13:30:00,no_show,true,
RG03450,ST0613,EV0216,2026-11-26T02:30:00,registered,false,
RG03451,ST0613,EV0217,2026-10-05T03:30:00,registered,false,
RG03452,ST0613,EV0219,2026-10-19T05:30:00,registered,false,
RG03453,ST0613,EV0220,2026-08-24T09:30:00,attended,true,
RG03454,ST0614,EV0002,2026-09-27T02:00:00,registered,false,
RG03455,ST0614,EV0009,2026-10-10T16:00:00,registered,true,
RG03456,ST0614,EV0032,2026-09-16T00:00:00,attended,false,
RG03457,ST0614,EV0129,2026-09-16T13:30:00,attended,false,5
RG03458,ST0614,EV0163,2026-09-29T16:00:00,registered,true,
RG03459,ST0614,EV0165,2026-10-07T01:00:00,registered,true,
RG03460,ST0614,EV0239,2026-08-19T14:00:00,attended,true,3
RG03461,ST0614,EV0276,2026-08-24T11:00:00,no_show,true,
RG03462,ST0615,EV0163,2026-10-05T22:00:00,registered,true,
RG03463,ST0615,EV0278,2026-12-07T13:30:00,registered,true,
RG03464,ST0616,EV0053,2026-08-24T12:00:00,attended,true,5
RG03465,ST0616,EV0054,2026-10-15T06:00:00,registered,true,
RG03466,ST0616,EV0111,2026-10-28T06:30:00,registered,true,
RG03467,ST0616,EV0117,2026-11-28T06:30:00,registered,false,
RG03468,ST0616,EV0118,2026-11-02T02:30:00,registered,true,
RG03469,ST0617,EV0004,2026-10-06T11:00:00,registered,false,
RG03470,ST0617,EV0005,2026-10-23T11:30:00,registered,false,
RG03471,ST0617,EV0095,2026-10-02T08:00:00,registered,true,
RG03472,ST0617,EV0097,2026-10-17T07:00:00,registered,false,
RG03473,ST0617,EV0224,2026-08-25T03:30:00,attended,true,
RG03474,ST0617,EV0225,2026-09-09T12:30:00,no_show,true,
RG03475,ST0617,EV0240,2026-09-11T00:00:00,attended,false,4
RG03476,ST0617,EV0245,2026-10-02T12:00:00,registered,false,
RG03477,ST0617,EV0248,2026-10-05T05:00:00,registered,true,
RG03478,ST0617,EV0250,2026-09-22T00:00:00,registered,false,
RG03479,ST0618,EV0004,2026-10-03T10:00:00,registered,true,
RG03480,ST0618,EV0047,2026-09-01T04:30:00,attended,false,3
RG03481,ST0618,EV0062,2026-09-18T02:00:00,registered,true,
RG03482,ST0618,EV0064,2026-12-02T09:00:00,registered,true,
RG03483,ST0618,EV0196,2026-09-28T05:30:00,registered,false,
RG03484,ST0618,EV0267,2026-11-01T01:00:00,registered,false,
RG03485,ST0618,EV0268,2026-09-04T14:00:00,attended,false,5
RG03486,ST0619,EV0039,2026-11-19T01:00:00,registered,true,
RG03487,ST0619,EV0105,2026-11-08T18:30:00,registered,true,
RG03488,ST0619,EV0111,2026-10-22T03:30:00,registered,true,
RG03489,ST0619,EV0112,2026-09-24T08:30:00,registered,true,
RG03490,ST0619,EV0162,2026-11-24T04:00:00,registered,true,
RG03491,ST0619,EV0262,2026-10-18T14:30:00,registered,true,
RG03492,ST0619,EV0265,2026-08-17T01:30:00,no_show,false,
RG03493,ST0619,EV0267,2026-11-01T15:00:00,registered,false,
RG03494,ST0619,EV0268,2026-09-04T00:00:00,no_show,false,
RG03495,ST0620,EV0006,2026-10-19T00:00:00,registered,true,
RG03496,ST0620,EV0114,2026-08-28T16:00:00,attended,true,4
RG03497,ST0620,EV0139,2026-10-19T01:30:00,registered,true,
RG03498,ST0621,EV0206,2026-08-19T01:00:00,attended,false,3
RG03499,ST0621,EV0210,2026-09-17T09:30:00,registered,true,
RG03500,ST0622,EV0098,2026-09-26T01:00:00,registered,false,
RG03501,ST0622,EV0141,2026-09-20T16:00:00,registered,true,
RG03502,ST0622,EV0144,2026-08-17T13:00:00,attended,true,3
RG03503,ST0622,EV0162,2026-11-19T11:00:00,registered,true,
RG03504,ST0622,EV0172,2026-10-22T11:30:00,registered,false,
RG03505,ST0622,EV0191,2026-11-09T02:00:00,registered,false,
RG03506,ST0622,EV0195,2026-08-27T05:30:00,attended,true,
RG03507,ST0622,EV0196,2026-10-03T01:30:00,registered,false,
RG03508,ST0622,EV0200,2026-09-23T13:30:00,registered,false,
RG03509,ST0623,EV0066,2026-11-02T15:00:00,registered,false,
RG03510,ST0623,EV0164,2026-10-11T10:00:00,registered,true,
RG03511,ST0623,EV0166,2026-10-12T11:00:00,registered,true,
RG03512,ST0623,EV0171,2026-09-11T18:30:00,registered,true,
RG03513,ST0623,EV0181,2026-11-27T07:30:00,registered,true,
RG03514,ST0623,EV0188,2026-11-24T06:00:00,registered,false,
RG03515,ST0623,EV0247,2026-09-21T09:00:00,registered,false,
RG03516,ST0623,EV0249,2026-08-29T16:00:00,attended,false,3
RG03517,ST0624,EV0077,2026-09-09T15:00:00,no_show,false,
RG03518,ST0624,EV0081,2026-10-07T09:00:00,registered,false,
RG03519,ST0624,EV0082,2026-10-19T07:00:00,registered,true,
RG03520,ST0624,EV0084,2026-09-18T00:00:00,registered,false,
RG03521,ST0624,EV0179,2026-12-01T06:30:00,registered,true,
RG03522,ST0624,EV0228,2026-08-30T12:00:00,attended,true,3
RG03523,ST0624,EV0230,2026-11-25T12:00:00,registered,true,
RG03524,ST0624,EV0240,2026-09-12T08:00:00,attended,true,4
RG03525,ST0625,EV0050,2026-10-21T02:00:00,registered,false,
RG03526,ST0625,EV0252,2026-10-14T05:30:00,registered,true,
RG03527,ST0626,EV0202,2026-11-20T02:00:00,registered,false,
RG03528,ST0626,EV0231,2026-11-26T04:00:00,registered,true,
RG03529,ST0627,EV0092,2026-11-12T08:00:00,registered,false,
RG03530,ST0628,EV0002,2026-09-24T11:00:00,registered,false,
RG03531,ST0628,EV0058,2026-10-22T01:00:00,registered,false,
RG03532,ST0628,EV0081,2026-10-05T21:00:00,registered,true,
RG03533,ST0628,EV0155,2026-09-16T19:30:00,registered,false,
RG03534,ST0628,EV0157,2026-09-08T07:30:00,attended,true,
RG03535,ST0628,EV0277,2026-11-01T11:30:00,registered,false,
RG03536,ST0628,EV0278,2026-11-28T11:30:00,registered,true,
RG03537,ST0629,EV0073,2026-11-02T17:00:00,registered,true,
RG03538,ST0629,EV0086,2026-10-14T11:00:00,registered,true,
RG03539,ST0629,EV0133,2026-08-15T07:30:00,no_show,true,
RG03540,ST0629,EV0201,2026-11-02T13:00:00,registered,true,
RG03541,ST0629,EV0241,2026-11-14T08:00:00,registered,true,
RG03542,ST0630,EV0171,2026-09-20T11:30:00,registered,false,
RG03543,ST0630,EV0244,2026-09-16T18:00:00,registered,false,
RG03544,ST0631,EV0173,2026-10-22T23:30:00,registered,true,
RG03545,ST0631,EV0198,2026-09-18T04:30:00,registered,true,
RG03546,ST0631,EV0267,2026-11-03T14:00:00,registered,false,
RG03547,ST0631,EV0268,2026-09-09T20:00:00,attended,true,
RG03548,ST0632,EV0078,2026-11-03T11:00:00,registered,false,
RG03549,ST0632,EV0100,2026-11-27T11:00:00,registered,true,
RG03550,ST0632,EV0148,2026-09-28T10:00:00,registered,false,
RG03551,ST0633,EV0002,2026-09-20T09:00:00,registered,true,
RG03552,ST0633,EV0031,2026-11-27T04:00:00,registered,false,
RG03553,ST0633,EV0277,2026-10-25T19:30:00,registered,false,
RG03554,ST0633,EV0280,2026-09-23T20:30:00,registered,false,
RG03555,ST0634,EV0039,2026-11-21T12:00:00,registered,false,
RG03556,ST0634,EV0044,2026-10-17T17:00:00,registered,true,
RG03557,ST0634,EV0107,2026-09-30T17:30:00,registered,false,
RG03558,ST0634,EV0108,2026-09-26T18:30:00,registered,false,
RG03559,ST0634,EV0129,2026-09-08T18:30:00,no_show,true,
RG03560,ST0634,EV0250,2026-09-09T08:00:00,registered,true,
RG03561,ST0634,EV0264,2026-10-18T15:30:00,registered,false,
RG03562,ST0634,EV0270,2026-11-21T10:00:00,registered,true,
RG03563,ST0634,EV0273,2026-10-30T23:30:00,registered,false,
RG03564,ST0635,EV0049,2026-08-23T09:30:00,no_show,true,
RG03565,ST0635,EV0244,2026-09-19T04:00:00,registered,true,
RG03566,ST0636,EV0272,2026-11-13T16:30:00,registered,true,
RG03567,ST0637,EV0037,2026-09-15T12:00:00,registered,true,
RG03568,ST0637,EV0116,2026-09-09T04:30:00,attended,false,4
RG03569,ST0637,EV0118,2026-11-01T12:30:00,registered,false,
RG03570,ST0637,EV0131,2026-09-27T04:30:00,registered,true,
RG03571,ST0637,EV0263,2026-11-17T17:30:00,registered,false,
RG03572,ST0637,EV0264,2026-10-20T02:30:00,registered,true,
RG03573,ST0637,EV0265,2026-08-17T20:30:00,attended,true,
RG03574,ST0637,EV0269,2026-09-10T03:00:00,registered,true,
RG03575,ST0638,EV0006,2026-10-21T17:00:00,registered,false,
RG03576,ST0638,EV0009,2026-10-15T03:00:00,registered,false,
RG03577,ST0638,EV0028,2026-08-30T05:30:00,attended,false,3
RG03578,ST0638,EV0109,2026-09-04T03:30:00,no_show,false,
RG03579,ST0638,EV0127,2026-08-21T19:30:00,attended,true,3
RG03580,ST0638,EV0129,2026-09-16T03:30:00,attended,true,4
RG03581,ST0638,EV0131,2026-09-27T19:30:00,registered,false,
RG03582,ST0638,EV0135,2026-10-14T02:30:00,registered,false,
RG03583,ST0638,EV0273,2026-11-07T21:30:00,registered,true,
RG03584,ST0639,EV0027,2026-10-10T05:30:00,registered,true,
RG03585,ST0639,EV0071,2026-10-20T16:00:00,registered,true,
RG03586,ST0639,EV0095,2026-09-30T17:00:00,registered,true,
RG03587,ST0639,EV0222,2026-11-16T15:30:00,registered,true,
RG03588,ST0639,EV0225,2026-08-31T18:30:00,no_show,false,
RG03589,ST0639,EV0249,2026-09-01T00:00:00,no_show,true,
RG03590,ST0639,EV0250,2026-09-16T02:00:00,registered,true,
RG03591,ST0639,EV0261,2026-10-09T06:30:00,registered,false,
RG03592,ST0639,EV0279,2026-10-21T02:30:00,registered,true,
RG03593,ST0640,EV0007,2026-09-16T09:00:00,registered,false,
RG03594,ST0640,EV0021,2026-11-16T18:00:00,registered,false,
RG03595,ST0640,EV0095,2026-09-25T15:00:00,registered,false,
RG03596,ST0640,EV0132,2026-09-20T04:30:00,registered,false,
RG03597,ST0640,EV0224,2026-08-16T08:30:00,no_show,false,
RG03598,ST0640,EV0225,2026-09-01T02:30:00,attended,false,
RG03599,ST0640,EV0245,2026-10-03T06:00:00,registered,true,
RG03600,ST0640,EV0249,2026-08-28T00:00:00,no_show,false,
RG03601,ST0640,EV0260,2026-09-19T23:00:00,registered,false,
RG03602,ST0641,EV0027,2026-10-05T15:30:00,registered,false,
RG03603,ST0641,EV0070,2026-10-15T10:00:00,registered,true,
RG03604,ST0641,EV0267,2026-11-02T13:00:00,registered,false,
RG03605,ST0641,EV0280,2026-09-27T05:30:00,registered,false,
RG03606,ST0642,EV0001,2026-09-17T02:00:00,registered,false,
RG03607,ST0642,EV0086,2026-10-14T03:00:00,registered,false,
RG03608,ST0642,EV0216,2026-11-20T17:30:00,registered,true,
RG03609,ST0642,EV0218,2026-11-26T07:30:00,registered,true,
RG03610,ST0642,EV0220,2026-08-29T15:30:00,attended,true,
RG03611,ST0642,EV0229,2026-09-02T06:00:00,attended,true,4
RG03612,ST0642,EV0231,2026-12-04T15:00:00,registered,false,
RG03613,ST0642,EV0234,2026-08-30T06:00:00,attended,false,4
RG03614,ST0643,EV0006,2026-10-18T19:00:00,registered,false,
RG03615,ST0643,EV0029,2026-09-28T16:00:00,registered,false,
RG03616,ST0643,EV0044,2026-10-16T07:00:00,registered,true,
RG03617,ST0643,EV0131,2026-09-27T12:30:00,registered,true,
RG03618,ST0643,EV0132,2026-09-10T10:30:00,registered,false,
RG03619,ST0643,EV0136,2026-11-05T23:30:00,registered,true,
RG03620,ST0643,EV0160,2026-10-22T16:00:00,registered,false,
RG03621,ST0643,EV0268,2026-09-08T06:00:00,no_show,false,
RG03622,ST0643,EV0273,2026-10-30T12:30:00,registered,false,
RG03623,ST0644,EV0029,2026-09-26T23:00:00,registered,false,
RG03624,ST0644,EV0030,2026-10-18T07:30:00,registered,true,
RG03625,ST0644,EV0127,2026-08-24T19:30:00,no_show,false,
RG03626,ST0644,EV0128,2026-11-23T13:30:00,registered,true,
RG03627,ST0644,EV0134,2026-10-01T00:30:00,registered,true,
RG03628,ST0644,EV0273,2026-11-11T09:30:00,registered,false,
RG03629,ST0645,EV0220,2026-08-30T16:30:00,no_show,false,
RG03630,ST0645,EV0221,2026-11-30T14:30:00,registered,true,
RG03631,ST0645,EV0230,2026-12-04T16:00:00,registered,true,
RG03632,ST0645,EV0232,2026-10-17T01:00:00,registered,false,
RG03633,ST0645,EV0233,2026-11-22T22:00:00,registered,true,
RG03634,ST0645,EV0235,2026-08-20T12:00:00,no_show,false,
RG03635,ST0645,EV0237,2026-08-30T12:00:00,attended,true,3
RG03636,ST0645,EV0260,2026-09-28T01:00:00,registered,false,
RG03637,ST0646,EV0151,2026-08-25T14:00:00,attended,true,4
RG03638,ST0646,EV0215,2026-12-07T13:30:00,registered,false,
RG03639,ST0646,EV0217,2026-10-08T19:30:00,registered,true,
RG03640,ST0646,EV0220,2026-08-30T00:30:00,no_show,false,
RG03641,ST0646,EV0228,2026-09-06T09:00:00,attended,false,3
RG03642,ST0646,EV0230,2026-12-02T15:00:00,registered,false,
RG03643,ST0646,EV0231,2026-11-29T08:00:00,registered,false,
RG03644,ST0646,EV0236,2026-10-05T08:00:00,registered,true,
RG03645,ST0646,EV0261,2026-10-06T14:30:00,registered,false,
RG03646,ST0646,EV0272,2026-11-07T09:30:00,registered,false,
RG03647,ST0647,EV0005,2026-11-04T17:30:00,registered,true,
RG03648,ST0647,EV0075,2026-09-29T08:00:00,registered,true,
RG03649,ST0647,EV0077,2026-09-11T16:00:00,attended,false,3
RG03650,ST0647,EV0083,2026-09-30T23:00:00,registered,true,
RG03651,ST0647,EV0089,2026-11-05T21:00:00,registered,false,
RG03652,ST0647,EV0233,2026-11-22T00:00:00,registered,false,
RG03653,ST0648,EV0042,2026-10-24T04:30:00,registered,false,
RG03654,ST0648,EV0108,2026-09-21T18:30:00,registered,false,
RG03655,ST0648,EV0110,2026-10-15T10:30:00,registered,false,
RG03656,ST0648,EV0119,2026-10-30T12:30:00,registered,false,
RG03657,ST0648,EV0262,2026-10-16T08:30:00,registered,false,
RG03658,ST0648,EV0263,2026-11-16T20:30:00,registered,true,
RG03659,ST0648,EV0268,2026-09-08T16:00:00,attended,true,
RG03660,ST0648,EV0280,2026-09-23T16:30:00,registered,true,
RG03661,ST0649,EV0034,2026-09-08T03:30:00,no_show,false,
RG03662,ST0649,EV0043,2026-12-09T09:30:00,registered,true,
RG03663,ST0649,EV0049,2026-08-20T01:30:00,attended,false,
RG03664,ST0649,EV0108,2026-09-26T04:30:00,registered,true,
RG03665,ST0649,EV0117,2026-11-30T16:30:00,registered,true,
RG03666,ST0649,EV0270,2026-11-19T04:00:00,registered,true,
RG03667,ST0649,EV0271,2026-09-21T00:00:00,registered,false,
RG03668,ST0649,EV0276,2026-08-11T14:00:00,attended,true,
RG03669,ST0650,EV0001,2026-09-15T08:00:00,registered,true,
RG03670,ST0650,EV0005,2026-10-31T10:30:00,registered,false,
RG03671,ST0650,EV0077,2026-09-01T08:00:00,attended,true,5
RG03672,ST0650,EV0078,2026-11-06T21:00:00,registered,true,
RG03673,ST0650,EV0089,2026-11-02T16:00:00,registered,false,
RG03674,ST0650,EV0233,2026-11-21T04:00:00,registered,true,
RG03675,ST0650,EV0240,2026-09-12T01:00:00,attended,true,5
RG03676,ST0650,EV0241,2026-11-16T12:00:00,registered,false,
RG03677,ST0650,EV0261,2026-10-06T11:30:00,registered,false,
RG03678,ST0651,EV0152,2026-09-07T17:30:00,registered,false,
RG03679,ST0651,EV0226,2026-09-05T12:30:00,attended,false,
RG03680,ST0651,EV0267,2026-11-03T23:00:00,registered,true,
RG03681,ST0652,EV0073,2026-11-06T10:00:00,registered,true,
RG03682,ST0652,EV0081,2026-09-29T19:00:00,registered,false,
RG03683,ST0652,EV0082,2026-10-23T00:00:00,registered,true,
RG03684,ST0652,EV0089,2026-11-08T06:00:00,registered,false,
RG03685,ST0652,EV0180,2026-10-16T09:30:00,registered,true,
RG03686,ST0652,EV0210,2026-09-13T07:30:00,registered,true,
RG03687,ST0652,EV0233,2026-11-20T11:00:00,registered,false,
RG03688,ST0652,EV0235,2026-08-24T17:00:00,attended,true,5
RG03689,ST0652,EV0239,2026-08-28T02:00:00,attended,false,3
RG03690,ST0653,EV0095,2026-10-07T18:00:00,registered,false,
RG03691,ST0653,EV0097,2026-10-05T23:00:00,registered,false,
RG03692,ST0653,EV0224,2026-08-26T06:30:00,attended,true,5
RG03693,ST0653,EV0244,2026-09-16T16:00:00,registered,true,
RG03694,ST0653,EV0245,2026-09-29T15:00:00,registered,true,
RG03695,ST0653,EV0246,2026-09-13T00:00:00,no_show,true,
RG03696,ST0653,EV0249,2026-09-07T02:00:00,attended,true,
RG03697,ST0653,EV0261,2026-10-09T03:30:00,registered,false,
RG03698,ST0654,EV0002,2026-09-23T04:00:00,registered,true,
RG03699,ST0654,EV0003,2026-09-02T03:00:00,no_show,true,
RG03700,ST0654,EV0081,2026-10-04T18:00:00,registered,false,
RG03701,ST0654,EV0084,2026-09-20T06:00:00,registered,false,
RG03702,ST0654,EV0088,2026-08-23T10:00:00,attended,true,3
RG03703,ST0654,EV0154,2026-08-24T16:30:00,attended,true,
RG03704,ST0654,EV0256,2026-11-04T06:00:00,registered,true,
RG03705,ST0655,EV0007,2026-09-12T04:00:00,registered,false,
RG03706,ST0655,EV0096,2026-09-11T00:00:00,registered,false,
RG03707,ST0655,EV0184,2026-09-15T09:30:00,registered,true,
RG03708,ST0655,EV0224,2026-08-15T00:30:00,no_show,true,
RG03709,ST0655,EV0225,2026-09-01T19:30:00,no_show,false,
RG03710,ST0655,EV0226,2026-08-28T08:30:00,attended,true,4
RG03711,ST0655,EV0246,2026-09-09T02:00:00,attended,false,4
RG03712,ST0655,EV0249,2026-09-01T23:00:00,no_show,false,
RG03713,ST0655,EV0274,2026-11-13T05:30:00,registered,true,
RG03714,ST0656,EV0005,2026-10-27T14:30:00,registered,false,
RG03715,ST0656,EV0229,2026-08-27T02:00:00,attended,true,
RG03716,ST0656,EV0236,2026-09-27T08:00:00,registered,true,
RG03717,ST0656,EV0260,2026-09-23T03:00:00,registered,false,
RG03718,ST0657,EV0043,2026-12-08T03:30:00,registered,false,
RG03719,ST0657,EV0090,2026-11-26T11:00:00,registered,false,
RG03720,ST0657,EV0109,2026-09-12T00:30:00,no_show,false,
RG03721,ST0657,EV0117,2026-11-29T03:30:00,registered,true,
RG03722,ST0657,EV0262,2026-10-14T13:30:00,registered,false,
RG03723,ST0658,EV0010,2026-12-07T02:00:00,registered,true,
RG03724,ST0658,EV0137,2026-12-06T19:30:00,registered,true,
RG03725,ST0658,EV0143,2026-08-22T00:00:00,attended,false,4
RG03726,ST0658,EV0267,2026-10-27T00:00:00,registered,true,
RG03727,ST0659,EV0060,2026-11-17T20:00:00,registered,true,
RG03728,ST0659,EV0061,2026-08-19T19:00:00,attended,true,
RG03729,ST0659,EV0143,2026-08-20T10:00:00,attended,true,5
RG03730,ST0659,EV0169,2026-08-11T17:30:00,attended,true,3
RG03731,ST0659,EV0172,2026-10-25T01:30:00,registered,true,
RG03732,ST0659,EV0196,2026-10-05T06:30:00,registered,false,
RG03733,ST0660,EV0003,2026-09-08T23:00:00,attended,true,5
RG03734,ST0660,EV0017,2026-08-14T07:30:00,no_show,true,
RG03735,ST0660,EV0031,2026-11-20T02:00:00,registered,true,
RG03736,ST0660,EV0057,2026-08-18T21:00:00,attended,false,3
RG03737,ST0660,EV0129,2026-09-03T23:30:00,no_show,false,
RG03738,ST0660,EV0135,2026-10-18T22:30:00,registered,false,
RG03739,ST0660,EV0163,2026-10-02T11:00:00,registered,true,
RG03740,ST0661,EV0093,2026-10-14T03:00:00,registered,true,
RG03741,ST0661,EV0182,2026-08-31T10:30:00,no_show,true,
RG03742,ST0661,EV0245,2026-10-06T15:00:00,registered,false,
RG03743,ST0661,EV0280,2026-09-22T20:30:00,registered,false,
RG03744,ST0662,EV0133,2026-08-18T00:30:00,no_show,false,
RG03745,ST0662,EV0192,2026-11-19T23:00:00,registered,true,
RG03746,ST0663,EV0075,2026-09-28T13:00:00,registered,true,
RG03747,ST0663,EV0141,2026-09-19T18:00:00,registered,false,
RG03748,ST0663,EV0142,2026-09-10T02:00:00,registered,false,
RG03749,ST0663,EV0170,2026-10-01T07:30:00,registered,true,
RG03750,ST0663,EV0272,2026-11-07T02:30:00,registered,true,
RG03751,ST0663,EV0277,2026-10-20T16:30:00,registered,true,
RG03752,ST0664,EV0142,2026-09-20T06:00:00,registered,true,
RG03753,ST0664,EV0159,2026-12-05T22:00:00,registered,true,
RG03754,ST0664,EV0170,2026-09-21T02:30:00,registered,true,
RG03755,ST0664,EV0173,2026-10-24T10:30:00,registered,true,
RG03756,ST0664,EV0191,2026-11-18T06:00:00,registered,true,
RG03757,ST0664,EV0195,2026-08-25T13:30:00,attended,true,
RG03758,ST0664,EV0200,2026-09-15T07:30:00,registered,false,
RG03759,ST0665,EV0006,2026-10-21T00:00:00,registered,false,
RG03760,ST0665,EV0018,2026-11-03T13:00:00,registered,true,
RG03761,ST0665,EV0022,2026-10-02T03:00:00,registered,false,
RG03762,ST0665,EV0030,2026-10-14T16:30:00,registered,false,
RG03763,ST0665,EV0139,2026-10-21T18:30:00,registered,true,
RG03764,ST0665,EV0154,2026-09-01T15:30:00,no_show,false,
RG03765,ST0665,EV0267,2026-11-04T01:00:00,registered,false,
RG03766,ST0665,EV0277,2026-10-25T21:30:00,registered,false,
RG03767,ST0666,EV0095,2026-09-26T23:00:00,registered,true,
RG03768,ST0666,EV0097,2026-10-06T02:00:00,registered,false,
RG03769,ST0666,EV0167,2026-09-29T23:00:00,registered,false,
RG03770,ST0666,EV0244,2026-09-28T14:00:00,registered,true,
RG03771,ST0666,EV0247,2026-09-20T07:00:00,registered,true,
RG03772,ST0666,EV0250,2026-09-16T04:00:00,registered,true,
RG03773,ST0666,EV0260,2026-09-19T09:00:00,registered,true,
RG03774,ST0666,EV0275,2026-11-13T06:00:00,registered,false,
RG03775,ST0667,EV0003,2026-09-08T09:00:00,attended,false,
RG03776,ST0667,EV0011,2026-10-22T11:00:00,registered,true,
RG03777,ST0667,EV0092,2026-11-12T03:00:00,registered,true,
RG03778,ST0667,EV0102,2026-10-26T03:30:00,registered,true,
RG03779,ST0667,EV0121,2026-12-04T19:00:00,registered,false,
RG03780,ST0667,EV0123,2026-11-09T11:00:00,registered,true,
RG03781,ST0667,EV0135,2026-10-23T00:30:00,registered,true,
RG03782,ST0667,EV0136,2026-11-03T01:30:00,registered,true,
RG03783,ST0667,EV0152,2026-09-20T02:30:00,registered,false,
RG03784,ST0668,EV0001,2026-09-26T10:00:00,registered,false,
RG03785,ST0668,EV0002,2026-09-15T23:00:00,registered,false,
RG03786,ST0668,EV0073,2026-11-01T10:00:00,registered,true,
RG03787,ST0668,EV0083,2026-09-30T14:00:00,registered,false,
RG03788,ST0668,EV0090,2026-11-24T08:00:00,registered,true,
RG03789,ST0668,EV0213,2026-09-05T03:30:00,no_show,false,
RG03790,ST0668,EV0231,2026-11-23T23:00:00,registered,true,
RG03791,ST0668,EV0232,2026-10-22T18:00:00,registered,false,
RG03792,ST0669,EV0001,2026-09-20T19:00:00,registered,true,
RG03793,ST0669,EV0008,2026-09-02T09:00:00,attended,false,
RG03794,ST0669,EV0027,2026-10-04T13:30:00,registered,false,
RG03795,ST0669,EV0175,2026-08-19T09:00:00,attended,false,
RG03796,ST0669,EV0177,2026-10-31T07:00:00,registered,false,
RG03797,ST0669,EV0178,2026-11-17T10:00:00,registered,true,
RG03798,ST0669,EV0279,2026-10-10T22:30:00,registered,false,
RG03799,ST0669,EV0280,2026-09-26T18:30:00,registered,false,
RG03800,ST0670,EV0049,2026-08-21T11:30:00,attended,true,4
RG03801,ST0670,EV0053,2026-08-12T23:00:00,attended,true,
RG03802,ST0671,EV0001,2026-09-22T04:00:00,registered,false,
RG03803,ST0671,EV0041,2026-09-26T16:00:00,registered,false,
RG03804,ST0671,EV0230,2026-12-05T03:00:00,registered,false,
RG03805,ST0671,EV0232,2026-10-18T08:00:00,registered,false,
RG03806,ST0672,EV0051,2026-10-29T10:00:00,registered,true,
RG03807,ST0672,EV0164,2026-10-18T18:00:00,registered,false,
RG03808,ST0672,EV0210,2026-09-19T02:30:00,registered,false,
RG03809,ST0672,EV0212,2026-10-17T04:30:00,registered,false,
RG03810,ST0672,EV0229,2026-08-29T16:00:00,attended,false,3
RG03811,ST0672,EV0233,2026-11-24T07:00:00,registered,false,
RG03812,ST0672,EV0235,2026-08-25T17:00:00,attended,false,4
RG03813,ST0672,EV0237,2026-09-01T08:00:00,attended,false,5
RG03814,ST0672,EV0239,2026-08-26T17:00:00,attended,true,
RG03815,ST0672,EV0261,2026-10-10T09:30:00,registered,true,
RG03816,ST0673,EV0002,2026-09-20T03:00:00,registered,false,
RG03817,ST0673,EV0042,2026-11-03T05:30:00,registered,false,
RG03818,ST0673,EV0110,2026-10-21T08:30:00,registered,false,
RG03819,ST0673,EV0113,2026-10-21T06:00:00,registered,true,
RG03820,ST0673,EV0114,2026-08-25T11:00:00,attended,false,3
RG03821,ST0673,EV0127,2026-08-23T07:30:00,attended,true,
RG03822,ST0673,EV0271,2026-09-26T20:00:00,registered,true,
RG03823,ST0674,EV0004,2026-10-09T05:00:00,registered,true,
RG03824,ST0674,EV0007,2026-09-17T08:00:00,registered,false,
RG03825,ST0674,EV0167,2026-10-02T06:00:00,registered,true,
RG03826,ST0674,EV0171,2026-09-12T12:30:00,registered,true,
RG03827,ST0674,EV0182,2026-08-31T10:30:00,attended,true,
RG03828,ST0674,EV0189,2026-09-29T00:00:00,registered,true,
RG03829,ST0674,EV0245,2026-10-01T13:00:00,registered,false,
RG03830,ST0675,EV0001,2026-09-17T01:00:00,registered,false,
RG03831,ST0675,EV0045,2026-11-25T02:00:00,registered,false,
RG03832,ST0675,EV0182,2026-08-28T11:30:00,attended,true,5
RG03833,ST0675,EV0193,2026-08-23T05:00:00,no_show,false,
RG03834,ST0675,EV0250,2026-09-09T13:00:00,registered,true,
RG03835,ST0676,EV0093,2026-10-05T02:00:00,registered,false,
RG03836,ST0676,EV0098,2026-09-24T08:00:00,registered,true,
RG03837,ST0676,EV0220,2026-08-28T06:30:00,no_show,false,
RG03838,ST0676,EV0247,2026-09-23T03:00:00,registered,true,
RG03839,ST0676,EV0249,2026-08-31T02:00:00,attended,false,4
RG03840,ST0676,EV0268,2026-09-08T04:00:00,no_show,false,
RG03841,ST0677,EV0047,2026-09-08T00:30:00,attended,true,5
RG03842,ST0677,EV0052,2026-09-28T11:00:00,registered,false,
RG03843,ST0677,EV0071,2026-10-07T23:00:00,registered,true,
RG03844,ST0677,EV0077,2026-09-08T13:00:00,attended,true,
RG03845,ST0677,EV0207,2026-09-22T02:00:00,registered,false,
RG03846,ST0677,EV0236,2026-10-01T09:00:00,registered,true,
RG03847,ST0677,EV0241,2026-11-13T01:00:00,registered,false,
RG03848,ST0678,EV0008,2026-09-01T06:00:00,attended,true,3
RG03849,ST0678,EV0028,2026-09-07T08:30:00,no_show,false,
RG03850,ST0678,EV0138,2026-09-02T14:30:00,attended,false,5
RG03851,ST0678,EV0268,2026-09-11T01:00:00,attended,false,
RG03852,ST0678,EV0277,2026-10-22T08:30:00,registered,true,
RG03853,ST0679,EV0027,2026-10-06T00:30:00,registered,false,
RG03854,ST0679,EV0252,2026-10-22T06:30:00,registered,false,
RG03855,ST0679,EV0262,2026-10-14T08:30:00,registered,false,
RG03856,ST0679,EV0279,2026-10-14T22:30:00,registered,false,
RG03857,ST0679,EV0280,2026-09-27T02:30:00,registered,false,
RG03858,ST0680,EV0009,2026-10-09T22:00:00,registered,false,
RG03859,ST0680,EV0031,2026-11-28T18:00:00,registered,false,
RG03860,ST0680,EV0127,2026-08-26T05:30:00,no_show,false,
RG03861,ST0680,EV0133,2026-08-21T12:30:00,no_show,false,
RG03862,ST0680,EV0134,2026-10-01T12:30:00,registered,false,
RG03863,ST0680,EV0138,2026-09-07T10:30:00,attended,true,5
RG03864,ST0680,EV0161,2026-11-22T06:00:00,registered,false,
RG03865,ST0680,EV0162,2026-11-26T11:00:00,registered,false,
RG03866,ST0681,EV0014,2026-11-05T05:30:00,registered,false,
RG03867,ST0681,EV0182,2026-08-29T12:30:00,attended,true,
RG03868,ST0681,EV0246,2026-09-14T22:00:00,no_show,true,
RG03869,ST0681,EV0250,2026-09-18T04:00:00,registered,false,
RG03870,ST0681,EV0252,2026-10-24T08:30:00,registered,true,
RG03871,ST0682,EV0253,2026-09-21T06:30:00,registered,false,
RG03872,ST0682,EV0260,2026-09-27T21:00:00,registered,true,
RG03873,ST0682,EV0268,2026-09-02T15:00:00,attended,true,
RG03874,ST0682,EV0273,2026-11-12T01:30:00,registered,false,
RG03875,ST0683,EV0123,2026-11-09T04:00:00,registered,false,
RG03876,ST0684,EV0001,2026-09-19T19:00:00,registered,true,
RG03877,ST0684,EV0008,2026-08-29T05:00:00,no_show,true,
RG03878,ST0684,EV0027,2026-10-10T10:30:00,registered,false,
RG03879,ST0684,EV0060,2026-11-25T05:00:00,registered,true,
RG03880,ST0684,EV0101,2026-11-30T17:00:00,registered,true,
RG03881,ST0684,EV0177,2026-11-05T04:00:00,registered,true,
RG03882,ST0684,EV0178,2026-11-22T22:00:00,registered,true,
RG03883,ST0684,EV0280,2026-09-30T10:30:00,registered,false,
RG03884,ST0685,EV0055,2026-09-23T18:00:00,registered,false,
RG03885,ST0685,EV0064,2026-12-07T03:00:00,registered,true,
RG03886,ST0685,EV0218,2026-12-03T18:30:00,registered,true,
RG03887,ST0686,EV0017,2026-08-24T23:30:00,attended,false,5
RG03888,ST0686,EV0024,2026-08-26T23:30:00,attended,false,5
RG03889,ST0686,EV0026,2026-11-22T13:00:00,registered,false,
RG03890,ST0686,EV0070,2026-10-23T20:00:00,registered,true,
RG03891,ST0686,EV0138,2026-08-31T09:30:00,attended,true,
RG03892,ST0687,EV0012,2026-09-17T07:00:00,registered,false,
RG03893,ST0687,EV0014,2026-11-05T18:30:00,registered,false,
RG03894,ST0687,EV0015,2026-10-03T23:30:00,registered,true,
RG03895,ST0687,EV0065,2026-08-26T18:00:00,attended,false,
RG03896,ST0687,EV0165,2026-10-06T05:00:00,registered,false,
RG03897,ST0687,EV0171,2026-09-13T14:30:00,registered,true,
RG03898,ST0687,EV0172,2026-10-17T17:30:00,registered,true,
RG03899,ST0687,EV0186,2026-09-29T05:00:00,registered,false,
RG03900,ST0688,EV0199,2026-10-30T17:30:00,registered,true,
RG03901,ST0688,EV0225,2026-09-04T11:30:00,attended,false,
RG03902,ST0688,EV0246,2026-09-07T15:00:00,no_show,true,
RG03903,ST0689,EV0001,2026-09-24T01:00:00,registered,false,
RG03904,ST0689,EV0007,2026-09-22T12:00:00,registered,false,
RG03905,ST0689,EV0180,2026-10-11T07:30:00,registered,true,
RG03906,ST0689,EV0182,2026-08-20T06:30:00,no_show,true,
RG03907,ST0689,EV0250,2026-09-15T02:00:00,registered,false,
RG03908,ST0690,EV0171,2026-09-20T03:30:00,registered,false,
RG03909,ST0690,EV0191,2026-11-09T01:00:00,registered,true,
RG03910,ST0690,EV0192,2026-11-29T01:00:00,registered,false,
RG03911,ST0690,EV0195,2026-09-02T22:30:00,attended,false,
RG03912,ST0690,EV0197,2026-11-12T02:30:00,registered,true,
RG03913,ST0690,EV0199,2026-11-11T14:30:00,registered,false,
RG03914,ST0690,EV0273,2026-11-09T02:30:00,registered,false,
RG03915,ST0691,EV0078,2026-11-10T10:00:00,registered,true,
RG03916,ST0691,EV0119,2026-11-01T18:30:00,registered,true,
RG03917,ST0691,EV0271,2026-09-27T23:00:00,registered,false,
RG03918,ST0692,EV0242,2026-08-22T00:00:00,attended,true,4
RG03919,ST0693,EV0007,2026-09-12T03:00:00,registered,false,
RG03920,ST0693,EV0056,2026-09-16T22:30:00,registered,false,
RG03921,ST0693,EV0077,2026-09-04T01:00:00,attended,false,4
RG03922,ST0693,EV0095,2026-10-06T23:00:00,registered,false,
RG03923,ST0693,EV0097,2026-10-14T12:00:00,registered,true,
RG03924,ST0693,EV0226,2026-08-29T03:30:00,attended,false,
RG03925,ST0693,EV0245,2026-10-01T01:00:00,registered,false,
RG03926,ST0693,EV0248,2026-10-10T15:00:00,registered,false,
RG03927,ST0693,EV0250,2026-09-16T12:00:00,registered,false,
RG03928,ST0693,EV0275,2026-11-09T03:00:00,registered,false,
RG03929,ST0694,EV0002,2026-09-23T22:00:00,registered,false,
RG03930,ST0694,EV0039,2026-11-19T22:00:00,registered,false,
RG03931,ST0694,EV0042,2026-10-28T17:30:00,registered,false,
RG03932,ST0694,EV0118,2026-10-30T18:30:00,registered,false,
RG03933,ST0694,EV0262,2026-10-26T10:30:00,registered,true,
RG03934,ST0694,EV0268,2026-09-15T14:00:00,no_show,false,
RG03935,ST0694,EV0270,2026-11-23T16:00:00,registered,false,
RG03936,ST0694,EV0272,2026-11-14T17:30:00,registered,true,
RG03937,ST0695,EV0042,2026-10-24T09:30:00,registered,false,
RG03938,ST0695,EV0106,2026-10-16T11:30:00,registered,true,
RG03939,ST0695,EV0263,2026-11-28T06:30:00,registered,true,
RG03940,ST0695,EV0268,2026-09-12T13:00:00,attended,true,
RG03941,ST0695,EV0279,2026-10-10T23:30:00,registered,true,
RG03942,ST0696,EV0005,2026-10-30T14:30:00,registered,true,
RG03943,ST0696,EV0174,2026-11-01T02:30:00,registered,false,
RG03944,ST0697,EV0095,2026-09-28T18:00:00,registered,true,
RG03945,ST0697,EV0096,2026-09-13T06:00:00,registered,false,
RG03946,ST0697,EV0097,2026-10-16T21:00:00,registered,false,
RG03947,ST0697,EV0222,2026-11-22T17:30:00,registered,true,
RG03948,ST0697,EV0232,2026-10-14T14:00:00,registered,true,
RG03949,ST0697,EV0261,2026-10-14T12:30:00,registered,false,
RG03950,ST0698,EV0006,2026-10-22T14:00:00,registered,false,
RG03951,ST0698,EV0272,2026-11-11T09:30:00,registered,false,
RG03952,ST0699,EV0015,2026-10-03T23:30:00,registered,false,
RG03953,ST0699,EV0034,2026-08-28T01:30:00,attended,false,3
RG03954,ST0699,EV0055,2026-09-19T01:00:00,registered,true,
RG03955,ST0699,EV0069,2026-11-11T13:30:00,registered,false,
RG03956,ST0699,EV0164,2026-10-11T18:00:00,registered,true,
RG03957,ST0699,EV0204,2026-08-24T23:00:00,no_show,false,
RG03958,ST0699,EV0242,2026-08-23T06:00:00,no_show,false,
RG03959,ST0699,EV0280,2026-09-29T00:30:00,registered,false,
RG03960,ST0700,EV0101,2026-12-02T02:00:00,registered,true,
RG03961,ST0700,EV0166,2026-10-11T12:00:00,registered,true,
RG03962,ST0700,EV0167,2026-09-25T11:00:00,registered,false,
RG03963,ST0700,EV0183,2026-09-06T18:30:00,attended,false,5
RG03964,ST0700,EV0246,2026-09-11T10:00:00,no_show,false,
RG03965,ST0700,EV0248,2026-10-12T23:00:00,registered,true,
RG03966,ST0701,EV0004,2026-10-15T13:00:00,registered,false,
RG03967,ST0701,EV0062,2026-09-18T01:00:00,registered,true,
RG03968,ST0701,EV0064,2026-12-05T13:00:00,registered,false,
RG03969,ST0701,EV0195,2026-09-03T01:30:00,attended,false,
RG03970,ST0701,EV0199,2026-10-30T17:30:00,registered,false,
RG03971,ST0701,EV0200,2026-09-26T01:30:00,registered,true,
RG03972,ST0701,EV0268,2026-09-08T02:00:00,attended,true,3
RG03973,ST0701,EV0272,2026-11-09T11:30:00,registered,false,
RG03974,ST0702,EV0249,2026-09-02T16:00:00,attended,false,
RG03975,ST0703,EV0007,2026-09-19T03:00:00,registered,true,
RG03976,ST0703,EV0180,2026-10-13T08:30:00,registered,false,
RG03977,ST0703,EV0185,2026-11-13T00:00:00,registered,false,
RG03978,ST0703,EV0189,2026-09-23T06:00:00,registered,false,
RG03979,ST0703,EV0191,2026-11-10T06:00:00,registered,true,
RG03980,ST0703,EV0234,2026-09-03T22:00:00,attended,true,3
RG03981,ST0704,EV0172,2026-10-16T13:30:00,registered,true,
RG03982,ST0704,EV0174,2026-11-03T23:30:00,registered,true,
RG03983,ST0704,EV0197,2026-11-09T01:30:00,registered,true,
RG03984,ST0704,EV0267,2026-11-04T11:00:00,registered,false,
RG03985,ST0705,EV0179,2026-11-27T23:30:00,registered,false,
RG03986,ST0706,EV0044,2026-10-19T04:00:00,registered,true,
RG03987,ST0706,EV0127,2026-08-24T14:30:00,attended,true,
RG03988,ST0707,EV0135,2026-10-15T01:30:00,registered,false,
RG03989,ST0707,EV0159,2026-12-03T03:00:00,registered,true,
RG03990,ST0707,EV0210,2026-09-16T08:30:00,registered,true,
RG03991,ST0707,EV0261,2026-10-14T21:30:00,registered,false,
RG03992,ST0708,EV0078,2026-11-15T01:00:00,registered,false,
RG03993,ST0708,EV0089,2026-10-30T17:00:00,registered,true,
RG03994,ST0708,EV0149,2026-10-18T09:00:00,registered,true,
RG03995,ST0708,EV0205,2026-10-10T01:00:00,registered,false,
RG03996,ST0708,EV0213,2026-09-07T07:30:00,attended,false,
RG03997,ST0708,EV0228,2026-09-05T14:00:00,no_show,false,
RG03998,ST0708,EV0231,2026-12-06T05:00:00,registered,true,
RG03999,ST0708,EV0238,2026-08-27T05:00:00,attended,true,
RG04000,ST0708,EV0243,2026-10-14T23:00:00,registered,true,
RG04001,ST0709,EV0141,2026-09-23T22:00:00,registered,true,
RG04002,ST0709,EV0142,2026-09-13T02:00:00,registered,true,
RG04003,ST0709,EV0169,2026-08-23T02:30:00,no_show,true,
RG04004,ST0709,EV0171,2026-09-17T07:30:00,registered,false,
RG04005,ST0709,EV0189,2026-09-16T23:00:00,registered,true,
RG04006,ST0709,EV0234,2026-09-03T09:00:00,no_show,false,
RG04007,ST0709,EV0268,2026-09-05T07:00:00,no_show,true,
RG04008,ST0710,EV0016,2026-09-17T03:00:00,registered,true,
RG04009,ST0710,EV0017,2026-08-26T16:30:00,attended,false,
RG04010,ST0710,EV0024,2026-08-28T15:30:00,attended,false,3
RG04011,ST0710,EV0031,2026-11-27T20:00:00,registered,true,
RG04012,ST0710,EV0067,2026-10-19T00:30:00,registered,false,
RG04013,ST0710,EV0140,2026-10-01T01:30:00,registered,false,
RG04014,ST0710,EV0278,2026-12-04T10:30:00,registered,true,
RG04015,ST0710,EV0280,2026-09-26T07:30:00,registered,true,
RG04016,ST0711,EV0011,2026-10-21T16:00:00,registered,false,
RG04017,ST0711,EV0021,2026-11-25T05:00:00,registered,true,
RG04018,ST0711,EV0092,2026-11-04T21:00:00,registered,false,
RG04019,ST0711,EV0124,2026-09-14T01:00:00,registered,false,
RG04020,ST0711,EV0125,2026-11-28T13:00:00,registered,true,
RG04021,ST0712,EV0037,2026-09-11T22:00:00,registered,false,
RG04022,ST0712,EV0111,2026-10-24T12:30:00,registered,false,
RG04023,ST0712,EV0115,2026-10-13T12:00:00,registered,true,
RG04024,ST0712,EV0130,2026-10-21T23:30:00,registered,false,
RG04025,ST0712,EV0147,2026-09-05T06:00:00,attended,false,
RG04026,ST0712,EV0181,2026-12-09T03:30:00,registered,false,
RG04027,ST0712,EV0269,2026-09-23T00:00:00,registered,false,
RG04028,ST0713,EV0002,2026-09-22T10:00:00,registered,true,
RG04029,ST0713,EV0024,2026-09-02T04:30:00,attended,true,5
RG04030,ST0713,EV0027,2026-10-08T09:30:00,registered,true,
RG04031,ST0713,EV0030,2026-10-15T01:30:00,registered,false,
RG04032,ST0713,EV0031,2026-11-16T20:00:00,registered,true,
RG04033,ST0713,EV0138,2026-09-06T08:30:00,attended,true,3
RG04034,ST0713,EV0140,2026-10-04T09:30:00,registered,false,
RG04035,ST0713,EV0267,2026-10-28T13:00:00,registered,true,
RG04036,ST0714,EV0003,2026-09-04T08:00:00,no_show,false,
RG04037,ST0714,EV0070,2026-10-17T06:00:00,registered,false,
RG04038,ST0714,EV0137,2026-11-30T17:30:00,registered,true,
RG04039,ST0714,EV0268,2026-09-13T07:00:00,attended,true,5
RG04040,ST0715,EV0005,2026-10-21T22:30:00,registered,false,
RG04041,ST0715,EV0007,2026-09-19T00:00:00,registered,false,
RG04042,ST0715,EV0140,2026-09-30T18:30:00,registered,false,
RG04043,ST0715,EV0223,2026-10-18T07:30:00,registered,false,
RG04044,ST0715,EV0224,2026-08-17T10:30:00,attended,true,5
RG04045,ST0715,EV0248,2026-10-13T02:00:00,registered,false,
RG04046,ST0715,EV0250,2026-09-17T10:00:00,registered,false,
RG04047,ST0715,EV0275,2026-11-14T21:00:00,registered,true,
RG04048,ST0716,EV0078,2026-11-13T17:00:00,registered,false,
RG04049,ST0716,EV0079,2026-11-18T18:00:00,registered,true,
RG04050,ST0716,EV0085,2026-10-16T08:00:00,registered,false,
RG04051,ST0716,EV0183,2026-08-27T11:30:00,attended,true,
RG04052,ST0716,EV0228,2026-09-04T11:00:00,attended,true,
RG04053,ST0716,EV0229,2026-08-26T17:00:00,no_show,true,
RG04054,ST0716,EV0235,2026-08-26T09:00:00,attended,true,
RG04055,ST0717,EV0229,2026-09-03T06:00:00,attended,false,
RG04056,ST0718,EV0012,2026-09-11T04:00:00,registered,false,
RG04057,ST0718,EV0210,2026-09-16T13:30:00,registered,true,
RG04058,ST0718,EV0243,2026-10-13T09:00:00,registered,false,
RG04059,ST0718,EV0261,2026-10-16T11:30:00,registered,false,
RG04060,ST0718,EV0264,2026-10-07T15:30:00,registered,false,
RG04061,ST0719,EV0043,2026-12-10T14:30:00,registered,true,
RG04062,ST0719,EV0060,2026-11-14T10:00:00,registered,false,
RG04063,ST0719,EV0065,2026-08-22T20:00:00,no_show,true,
RG04064,ST0719,EV0252,2026-10-14T22:30:00,registered,true,
RG04065,ST0720,EV0054,2026-10-26T12:00:00,registered,false,
RG04066,ST0720,EV0118,2026-11-07T15:30:00,registered,false,
RG04067,ST0720,EV0193,2026-08-13T18:00:00,attended,false,
RG04068,ST0720,EV0280,2026-09-19T05:30:00,registered,false,
RG04069,ST0721,EV0046,2026-11-06T07:00:00,registered,true,
RG04070,ST0722,EV0053,2026-08-26T12:00:00,attended,true,3
RG04071,ST0722,EV0054,2026-10-19T16:00:00,registered,false,
RG04072,ST0722,EV0123,2026-11-11T02:00:00,registered,false,
RG04073,ST0722,EV0166,2026-10-05T08:00:00,registered,true,
RG04074,ST0722,EV0170,2026-09-30T15:30:00,registered,false,
RG04075,ST0722,EV0228,2026-08-27T03:00:00,attended,true,
RG04076,ST0722,EV0237,2026-09-07T02:00:00,attended,true,
RG04077,ST0723,EV0143,2026-08-12T09:00:00,attended,true,5
RG04078,ST0723,EV0160,2026-10-22T22:00:00,registered,false,
RG04079,ST0723,EV0169,2026-08-22T14:30:00,attended,true,
RG04080,ST0723,EV0193,2026-08-16T17:00:00,attended,true,3
RG04081,ST0723,EV0198,2026-09-28T09:30:00,registered,false,
RG04082,ST0723,EV0273,2026-11-07T21:30:00,registered,true,
RG04083,ST0724,EV0007,2026-09-12T23:00:00,registered,false,
RG04084,ST0724,EV0223,2026-10-15T12:30:00,registered,false,
RG04085,ST0724,EV0246,2026-09-10T02:00:00,attended,true,
RG04086,ST0724,EV0248,2026-10-11T10:00:00,registered,false,
RG04087,ST0724,EV0249,2026-09-06T00:00:00,attended,true,3
RG04088,ST0724,EV0260,2026-09-20T01:00:00,registered,true,
RG04089,ST0725,EV0112,2026-09-17T13:30:00,registered,true,
RG04090,ST0725,EV0264,2026-10-19T15:30:00,registered,true,
RG04091,ST0726,EV0052,2026-09-29T19:00:00,registered,true,
RG04092,ST0726,EV0053,2026-08-12T21:00:00,attended,false,
RG04093,ST0726,EV0054,2026-10-24T13:00:00,registered,false,
RG04094,ST0726,EV0111,2026-10-26T23:30:00,registered,false,
RG04095,ST0726,EV0112,2026-09-12T01:30:00,registered,false,
RG04096,ST0726,EV0118,2026-11-01T05:30:00,registered,true,
RG04097,ST0726,EV0195,2026-09-01T12:30:00,attended,false,
RG04098,ST0726,EV0279,2026-10-11T07:30:00,registered,false,
RG04099,ST0726,EV0280,2026-09-22T11:30:00,registered,false,
RG04100,ST0727,EV0019,2026-09-20T11:00:00,registered,false,
RG04101,ST0727,EV0023,2026-11-07T06:00:00,registered,false,
RG04102,ST0727,EV0091,2026-11-22T05:30:00,registered,false,
RG04103,ST0727,EV0092,2026-11-09T13:00:00,registered,false,
RG04104,ST0727,EV0192,2026-11-21T13:00:00,registered,false,
RG04105,ST0728,EV0073,2026-11-09T02:00:00,registered,true,
RG04106,ST0728,EV0076,2026-09-11T13:00:00,registered,false,
RG04107,ST0728,EV0130,2026-10-24T17:30:00,registered,false,
RG04108,ST0728,EV0208,2026-10-21T00:30:00,registered,true,
RG04109,ST0728,EV0214,2026-12-06T17:30:00,registered,true,
RG04110,ST0728,EV0230,2026-12-05T14:00:00,registered,false,
RG04111,ST0728,EV0232,2026-10-24T16:00:00,registered,true,
RG04112,ST0728,EV0233,2026-11-20T22:00:00,registered,false,
RG04113,ST0729,EV0003,2026-09-06T10:00:00,attended,true,5
RG04114,ST0729,EV0033,2026-10-06T12:00:00,registered,true,
RG04115,ST0729,EV0131,2026-09-19T19:30:00,registered,false,
RG04116,ST0729,EV0134,2026-10-04T03:30:00,registered,true,
RG04117,ST0729,EV0137,2026-11-28T13:30:00,registered,false,
RG04118,ST0729,EV0163,2026-10-03T11:00:00,registered,true,
RG04119,ST0729,EV0273,2026-11-11T23:30:00,registered,false,
RG04120,ST0730,EV0245,2026-09-29T00:00:00,registered,true,
RG04121,ST0730,EV0246,2026-09-11T00:00:00,attended,true,3
RG04122,ST0730,EV0250,2026-09-11T22:00:00,registered,true,
RG04123,ST0730,EV0279,2026-10-09T02:30:00,registered,false,
RG04124,ST0730,EV0280,2026-10-01T01:30:00,registered,true,
RG04125,ST0731,EV0002,2026-09-26T22:00:00,registered,true,
RG04126,ST0731,EV0006,2026-10-16T07:00:00,registered,true,
RG04127,ST0731,EV0022,2026-09-27T08:00:00,registered,false,
RG04128,ST0731,EV0024,2026-08-30T22:30:00,attended,true,4
RG04129,ST0731,EV0026,2026-11-16T02:00:00,registered,true,
RG04130,ST0731,EV0137,2026-12-01T23:30:00,registered,true,
RG04131,ST0731,EV0138,2026-08-26T23:30:00,attended,false,3
RG04132,ST0731,EV0280,2026-09-19T02:30:00,registered,true,
RG04133,ST0732,EV0036,2026-09-27T06:00:00,registered,true,
RG04134,ST0732,EV0041,2026-09-29T03:00:00,registered,true,
RG04135,ST0732,EV0114,2026-09-06T04:00:00,attended,true,
RG04136,ST0733,EV0040,2026-11-08T00:00:00,registered,true,
RG04137,ST0733,EV0041,2026-09-25T07:00:00,registered,false,
RG04138,ST0733,EV0044,2026-10-20T23:00:00,registered,false,
RG04139,ST0733,EV0108,2026-09-29T16:30:00,registered,false,
RG04140,ST0733,EV0269,2026-09-15T07:00:00,registered,true,
RG04141,ST0733,EV0276,2026-08-20T05:00:00,attended,false,
RG04142,ST0734,EV0001,2026-09-25T07:00:00,registered,false,
RG04143,ST0734,EV0007,2026-09-15T05:00:00,registered,false,
RG04144,ST0734,EV0184,2026-09-07T05:30:00,registered,false,
RG04145,ST0734,EV0187,2026-10-09T16:00:00,registered,true,
RG04146,ST0734,EV0190,2026-11-28T04:00:00,registered,false,
RG04147,ST0734,EV0193,2026-08-21T12:00:00,attended,false,
RG04148,ST0734,EV0247,2026-09-20T23:00:00,registered,false,
RG04149,ST0734,EV0277,2026-10-27T19:30:00,registered,false,
RG04150,ST0734,EV0278,2026-11-30T16:30:00,registered,false,
RG04151,ST0735,EV0010,2026-11-26T19:00:00,registered,true,
RG04152,ST0735,EV0019,2026-09-17T11:00:00,registered,false,
RG04153,ST0735,EV0031,2026-11-22T08:00:00,registered,false,
RG04154,ST0735,EV0104,2026-11-18T04:00:00,registered,true,
RG04155,ST0735,EV0122,2026-08-28T17:00:00,attended,true,4
RG04156,ST0735,EV0124,2026-09-18T19:00:00,registered,true,
RG04157,ST0735,EV0125,2026-11-30T13:00:00,registered,true,
RG04158,ST0735,EV0135,2026-10-14T14:30:00,registered,true,
RG04159,ST0735,EV0276,2026-08-21T20:00:00,attended,false,
RG04160,ST0736,EV0160,2026-10-27T05:00:00,registered,false,
RG04161,ST0736,EV0267,2026-10-26T16:00:00,registered,false,
RG04162,ST0736,EV0273,2026-11-06T07:30:00,registered,true,
RG04163,ST0737,EV0006,2026-10-18T15:00:00,registered,false,
RG04164,ST0737,EV0009,2026-10-17T06:00:00,registered,true,
RG04165,ST0737,EV0031,2026-11-21T06:00:00,registered,true,
RG04166,ST0737,EV0130,2026-10-24T13:30:00,registered,false,
RG04167,ST0737,EV0267,2026-10-29T04:00:00,registered,false,
RG04168,ST0738,EV0096,2026-09-19T20:00:00,registered,false,
RG04169,ST0738,EV0127,2026-08-18T14:30:00,attended,false,
RG04170,ST0738,EV0183,2026-08-31T22:30:00,no_show,false,
RG04171,ST0738,EV0279,2026-10-15T00:30:00,registered,false,
RG04172,ST0739,EV0010,2026-11-26T01:00:00,registered,false,
RG04173,ST0739,EV0011,2026-10-25T06:00:00,registered,true,
RG04174,ST0739,EV0017,2026-08-20T14:30:00,attended,false,4
RG04175,ST0739,EV0048,2026-10-30T07:00:00,registered,false,
RG04176,ST0739,EV0092,2026-11-06T11:00:00,registered,true,
RG04177,ST0739,EV0104,2026-11-16T05:00:00,registered,false,
RG04178,ST0739,EV0133,2026-08-10T04:30:00,attended,true,
RG04179,ST0740,EV0026,2026-11-15T07:00:00,registered,true,
RG04180,ST0740,EV0031,2026-11-26T05:00:00,registered,false,
RG04181,ST0740,EV0179,2026-11-29T09:30:00,registered,true,
RG04182,ST0740,EV0273,2026-11-10T04:30:00,registered,true,
RG04183,ST0740,EV0277,2026-10-30T07:30:00,registered,true,
RG04184,ST0741,EV0131,2026-09-29T14:30:00,registered,true,
RG04185,ST0741,EV0139,2026-10-08T23:30:00,registered,false,
RG04186,ST0742,EV0002,2026-09-26T05:00:00,registered,false,
RG04187,ST0742,EV0023,2026-11-06T08:00:00,registered,false,
RG04188,ST0742,EV0103,2026-11-11T17:00:00,registered,true,
RG04189,ST0742,EV0252,2026-10-20T09:30:00,registered,false,
RG04190,ST0742,EV0253,2026-09-17T17:30:00,registered,true,
RG04191,ST0742,EV0261,2026-10-17T22:30:00,registered,true,
RG04192,ST0742,EV0267,2026-11-03T16:00:00,registered,true,
RG04193,ST0742,EV0272,2026-11-13T03:30:00,registered,true,
RG04194,ST0742,EV0273,2026-11-05T12:30:00,registered,false,
RG04195,ST0743,EV0116,2026-09-13T14:30:00,attended,false,5
RG04196,ST0743,EV0221,2026-12-06T15:30:00,registered,false,
RG04197,ST0743,EV0254,2026-11-09T15:00:00,registered,true,
RG04198,ST0744,EV0001,2026-09-17T11:00:00,registered,true,
RG04199,ST0744,EV0082,2026-10-19T09:00:00,registered,false,
RG04200,ST0744,EV0175,2026-08-21T03:00:00,no_show,true,
RG04201,ST0744,EV0178,2026-11-17T13:00:00,registered,false,
RG04202,ST0744,EV0223,2026-10-10T14:30:00,registered,true,
RG04203,ST0744,EV0279,2026-10-20T11:30:00,registered,false,
RG04204,ST0744,EV0280,2026-09-25T01:30:00,registered,true,
RG04205,ST0745,EV0041,2026-10-08T00:00:00,registered,true,
RG04206,ST0745,EV0082,2026-10-18T18:00:00,registered,false,
RG04207,ST0745,EV0208,2026-10-30T13:30:00,registered,false,
RG04208,ST0746,EV0023,2026-10-30T05:00:00,registered,false,
RG04209,ST0746,EV0065,2026-08-29T23:00:00,attended,false,3
RG04210,ST0746,EV0072,2026-08-31T13:30:00,no_show,false,
RG04211,ST0746,EV0073,2026-10-30T05:00:00,registered,false,
RG04212,ST0746,EV0078,2026-11-08T20:00:00,registered,false,
RG04213,ST0746,EV0230,2026-12-05T06:00:00,registered,false,
RG04214,ST0746,EV0234,2026-09-08T04:00:00,attended,true,
RG04215,ST0747,EV0100,2026-11-25T01:00:00,registered,true,
RG04216,ST0748,EV0022,2026-09-25T04:00:00,registered,false,
RG04217,ST0748,EV0122,2026-08-20T16:00:00,attended,true,3
RG04218,ST0748,EV0161,2026-11-14T10:00:00,registered,true,
RG04219,ST0748,EV0268,2026-09-11T07:00:00,no_show,true,
RG04220,ST0748,EV0277,2026-10-29T00:30:00,registered,true,
RG04221,ST0749,EV0015,2026-09-25T05:30:00,registered,true,
RG04222,ST0749,EV0139,2026-10-14T13:30:00,registered,true,
RG04223,ST0750,EV0041,2026-09-26T15:00:00,registered,false,
RG04224,ST0750,EV0111,2026-10-24T05:30:00,registered,true,
RG04225,ST0750,EV0263,2026-11-22T23:30:00,registered,true,
RG04226,ST0750,EV0270,2026-11-14T10:00:00,registered,true,
RG04227,ST0751,EV0018,2026-11-03T13:00:00,registered,true,
RG04228,ST0751,EV0024,2026-08-29T02:30:00,no_show,false,
RG04229,ST0751,EV0081,2026-09-28T08:00:00,registered,false,
RG04230,ST0751,EV0140,2026-09-26T14:30:00,registered,false,
RG04231,ST0751,EV0267,2026-10-31T16:00:00,registered,false,
RG04232,ST0751,EV0268,2026-09-02T00:00:00,attended,false,4
RG04233,ST0751,EV0272,2026-11-09T00:30:00,registered,true,
RG04234,ST0752,EV0002,2026-09-26T03:00:00,registered,false,
RG04235,ST0752,EV0103,2026-11-18T10:00:00,registered,false,
RG04236,ST0752,EV0260,2026-09-24T20:00:00,registered,true,
RG04237,ST0752,EV0272,2026-11-13T22:30:00,registered,false,
RG04238,ST0752,EV0273,2026-11-10T16:30:00,registered,true,
RG04239,ST0753,EV0131,2026-09-28T03:30:00,registered,false,
RG04240,ST0753,EV0185,2026-11-13T10:00:00,registered,true,
RG04241,ST0753,EV0200,2026-09-28T00:30:00,registered,false,
RG04242,ST0753,EV0268,2026-09-09T04:00:00,attended,true,
RG04243,ST0754,EV0045,2026-11-17T22:00:00,registered,false,
RG04244,ST0754,EV0099,2026-10-23T09:00:00,registered,true,
RG04245,ST0754,EV0121,2026-12-06T11:00:00,registered,false,
RG04246,ST0754,EV0180,2026-10-07T00:30:00,registered,false,
RG04247,ST0754,EV0184,2026-09-08T17:30:00,registered,false,
RG04248,ST0754,EV0187,2026-10-17T02:00:00,registered,false,
RG04249,ST0754,EV0189,2026-09-24T16:00:00,registered,true,
RG04250,ST0754,EV0279,2026-10-16T15:30:00,registered,true,
RG04251,ST0755,EV0103,2026-11-06T09:00:00,registered,true,
RG04252,ST0755,EV0267,2026-11-01T00:00:00,registered,false,
RG04253,ST0756,EV0073,2026-11-05T01:00:00,registered,true,
RG04254,ST0756,EV0078,2026-11-08T22:00:00,registered,true,
RG04255,ST0756,EV0079,2026-11-19T13:00:00,registered,false,
RG04256,ST0756,EV0204,2026-08-21T16:00:00,attended,true,3
RG04257,ST0756,EV0207,2026-09-18T04:00:00,registered,false,
RG04258,ST0756,EV0235,2026-08-21T04:00:00,attended,true,3
RG04259,ST0756,EV0237,2026-09-01T16:00:00,attended,false,
RG04260,ST0756,EV0239,2026-08-27T11:00:00,attended,true,
RG04261,ST0757,EV0002,2026-09-28T21:00:00,registered,true,
RG04262,ST0757,EV0031,2026-11-21T00:00:00,registered,true,
RG04263,ST0757,EV0100,2026-11-20T10:00:00,registered,false,
RG04264,ST0757,EV0244,2026-09-15T18:00:00,registered,false,
RG04265,ST0757,EV0251,2026-10-10T07:30:00,registered,false,
RG04266,ST0757,EV0261,2026-10-19T06:30:00,registered,true,
RG04267,ST0757,EV0272,2026-11-13T19:30:00,registered,false,
RG04268,ST0757,EV0273,2026-11-07T21:30:00,registered,false,
RG04269,ST0758,EV0073,2026-11-05T00:00:00,registered,true,
RG04270,ST0758,EV0110,2026-10-19T00:30:00,registered,false,
RG04271,ST0758,EV0247,2026-09-23T05:00:00,registered,false,
RG04272,ST0759,EV0003,2026-09-12T22:00:00,no_show,false,
RG04273,ST0759,EV0113,2026-10-17T12:00:00,registered,true,
RG04274,ST0759,EV0129,2026-09-14T05:30:00,no_show,false,
RG04275,ST0759,EV0132,2026-09-13T13:30:00,registered,false,
RG04276,ST0759,EV0145,2026-11-11T15:00:00,registered,true,
RG04277,ST0759,EV0206,2026-08-22T01:00:00,attended,true,
RG04278,ST0759,EV0269,2026-09-17T09:00:00,registered,false,
RG04279,ST0759,EV0270,2026-11-14T10:00:00,registered,false,
RG04280,ST0759,EV0271,2026-10-02T02:00:00,registered,true,
RG04281,ST0760,EV0052,2026-09-24T16:00:00,registered,true,
RG04282,ST0760,EV0111,2026-10-24T18:30:00,registered,false,
RG04283,ST0760,EV0112,2026-09-12T12:30:00,registered,false,
RG04284,ST0760,EV0117,2026-11-29T19:30:00,registered,true,
RG04285,ST0760,EV0118,2026-10-26T13:30:00,registered,false,
RG04286,ST0760,EV0119,2026-10-27T03:30:00,registered,false,
RG04287,ST0760,EV0280,2026-09-28T04:30:00,registered,true,
RG04288,ST0761,EV0014,2026-11-08T09:30:00,registered,false,
RG04289,ST0761,EV0234,2026-09-05T02:00:00,attended,true,5
RG04290,ST0761,EV0260,2026-09-19T05:00:00,registered,true,
RG04291,ST0761,EV0261,2026-10-18T14:30:00,registered,true,
RG04292,ST0762,EV0078,2026-11-09T21:00:00,registered,false,
RG04293,ST0762,EV0234,2026-08-29T11:00:00,no_show,false,
RG04294,ST0762,EV0237,2026-09-08T07:00:00,no_show,false,
RG04295,ST0763,EV0028,2026-09-08T11:30:00,attended,true,3
RG04296,ST0763,EV0079,2026-11-13T01:00:00,registered,false,
RG04297,ST0763,EV0136,2026-10-31T23:30:00,registered,true,
RG04298,ST0763,EV0138,2026-08-29T15:30:00,attended,true,5
RG04299,ST0763,EV0267,2026-10-26T21:00:00,registered,false,
RG04300,ST0764,EV0084,2026-10-01T05:00:00,registered,false,
RG04301,ST0764,EV0089,2026-10-28T12:00:00,registered,true,
RG04302,ST0764,EV0090,2026-11-26T02:00:00,registered,false,
RG04303,ST0764,EV0209,2026-12-04T08:30:00,registered,false,
RG04304,ST0764,EV0211,2026-10-24T05:30:00,registered,false,
RG04305,ST0764,EV0232,2026-10-17T16:00:00,registered,true,
RG04306,ST0764,EV0243,2026-10-08T19:00:00,registered,false,
RG04307,ST0764,EV0260,2026-09-26T14:00:00,registered,true,
RG04308,ST0764,EV0261,2026-10-19T03:30:00,registered,false,
RG04309,ST0765,EV0001,2026-09-20T23:00:00,registered,true,
RG04310,ST0765,EV0008,2026-08-28T03:00:00,attended,true,3
RG04311,ST0765,EV0027,2026-10-02T07:30:00,registered,false,
RG04312,ST0765,EV0059,2026-10-20T22:30:00,registered,true,
RG04313,ST0765,EV0101,2026-11-26T09:00:00,registered,false,
RG04314,ST0765,EV0176,2026-10-17T14:00:00,registered,true,
RG04315,ST0765,EV0177,2026-11-08T02:00:00,registered,true,
RG04316,ST0766,EV0002,2026-09-23T06:00:00,registered,true,
RG04317,ST0766,EV0039,2026-11-20T10:00:00,registered,false,
RG04318,ST0766,EV0250,2026-09-15T09:00:00,registered,false,
RG04319,ST0766,EV0252,2026-10-13T15:30:00,registered,true,
RG04320,ST0766,EV0253,2026-09-27T04:30:00,registered,false,
RG04321,ST0766,EV0260,2026-09-18T15:00:00,registered,false,
RG04322,ST0766,EV0261,2026-10-18T17:30:00,registered,true,
RG04323,ST0766,EV0268,2026-09-04T09:00:00,attended,true,
RG04324,ST0767,EV0077,2026-09-05T23:00:00,no_show,false,
RG04325,ST0767,EV0078,2026-11-03T08:00:00,registered,true,
RG04326,ST0767,EV0079,2026-11-16T12:00:00,registered,false,
RG04327,ST0767,EV0202,2026-11-17T11:00:00,registered,true,
RG04328,ST0767,EV0234,2026-09-09T03:00:00,attended,true,5
RG04329,ST0767,EV0238,2026-08-24T06:00:00,attended,false,
RG04330,ST0767,EV0240,2026-09-11T11:00:00,attended,true,
RG04331,ST0767,EV0241,2026-11-12T19:00:00,registered,false,
RG04332,ST0768,EV0064,2026-12-07T11:00:00,registered,true,
RG04333,ST0768,EV0172,2026-10-12T22:30:00,registered,true,
RG04334,ST0768,EV0185,2026-11-14T16:00:00,registered,false,
RG04335,ST0768,EV0249,2026-08-31T01:00:00,no_show,false,
RG04336,ST0769,EV0070,2026-10-24T21:00:00,registered,false,
RG04337,ST0769,EV0219,2026-10-14T19:30:00,registered,false,
RG04338,ST0769,EV0260,2026-09-24T21:00:00,registered,true,
RG04339,ST0770,EV0109,2026-09-09T17:30:00,no_show,false,
RG04340,ST0770,EV0111,2026-11-02T05:30:00,registered,true,
RG04341,ST0770,EV0259,2026-10-11T01:00:00,registered,true,
RG04342,ST0770,EV0262,2026-10-19T15:30:00,registered,true,
RG04343,ST0770,EV0264,2026-10-18T09:30:00,registered,true,
RG04344,ST0770,EV0268,2026-09-04T15:00:00,attended,true,5
RG04345,ST0770,EV0276,2026-08-20T07:00:00,attended,true,
RG04346,ST0771,EV0220,2026-08-30T06:30:00,attended,true,
RG04347,ST0771,EV0221,2026-11-25T01:30:00,registered,false,
RG04348,ST0771,EV0228,2026-08-29T12:00:00,attended,true,4
RG04349,ST0771,EV0230,2026-11-29T16:00:00,registered,false,
RG04350,ST0771,EV0232,2026-10-18T14:00:00,registered,false,
RG04351,ST0771,EV0235,2026-08-31T05:00:00,no_show,false,
RG04352,ST0771,EV0256,2026-11-03T09:00:00,registered,false,
RG04353,ST0772,EV0093,2026-10-04T16:00:00,registered,false,
RG04354,ST0772,EV0185,2026-11-04T02:00:00,registered,false,
RG04355,ST0772,EV0191,2026-11-09T06:00:00,registered,false,
RG04356,ST0773,EV0004,2026-10-06T05:00:00,registered,false,
RG04357,ST0773,EV0062,2026-09-12T13:00:00,registered,true,
RG04358,ST0773,EV0194,2026-11-26T09:30:00,registered,true,
RG04359,ST0773,EV0197,2026-11-10T12:30:00,registered,true,
RG04360,ST0773,EV0198,2026-09-26T22:30:00,registered,false,
RG04361,ST0773,EV0200,2026-09-19T13:30:00,registered,true,
RG04362,ST0773,EV0268,2026-09-05T04:00:00,no_show,false,
RG04363,ST0774,EV0034,2026-08-31T03:30:00,no_show,true,
RG04364,ST0774,EV0051,2026-10-30T08:00:00,registered,true,
RG04365,ST0774,EV0084,2026-09-18T12:00:00,registered,false,
RG04366,ST0774,EV0124,2026-09-20T02:00:00,registered,false,
RG04367,ST0774,EV0165,2026-10-01T01:00:00,registered,true,
RG04368,ST0774,EV0203,2026-10-24T23:00:00,registered,true,
RG04369,ST0774,EV0206,2026-08-22T00:00:00,no_show,false,
RG04370,ST0774,EV0207,2026-09-14T23:00:00,registered,false,
RG04371,ST0774,EV0235,2026-08-21T11:00:00,no_show,false,
RG04372,ST0775,EV0001,2026-09-22T21:00:00,registered,false,
RG04373,ST0775,EV0002,2026-09-17T17:00:00,registered,false,
RG04374,ST0775,EV0018,2026-11-15T13:00:00,registered,true,
RG04375,ST0775,EV0057,2026-08-17T20:00:00,no_show,false,
RG04376,ST0775,EV0091,2026-11-21T07:30:00,registered,false,
RG04377,ST0775,EV0102,2026-10-24T04:30:00,registered,false,
RG04378,ST0775,EV0123,2026-11-14T01:00:00,registered,false,
RG04379,ST0775,EV0125,2026-11-23T23:00:00,registered,false,
RG04380,ST0776,EV0040,2026-11-08T16:00:00,registered,false,
RG04381,ST0776,EV0053,2026-08-21T23:00:00,attended,true,
RG04382,ST0776,EV0079,2026-11-24T13:00:00,registered,false,
RG04383,ST0776,EV0119,2026-10-22T10:30:00,registered,false,
RG04384,ST0777,EV0003,2026-09-11T18:00:00,attended,false,5
RG04385,ST0777,EV0179,2026-12-03T15:30:00,registered,true,
RG04386,ST0777,EV0195,2026-08-25T00:30:00,attended,true,
RG04387,ST0777,EV0267,2026-10-30T04:00:00,registered,true,
RG04388,ST0778,EV0058,2026-10-21T23:00:00,registered,true,
RG04389,ST0778,EV0103,2026-11-10T05:00:00,registered,true,
RG04390,ST0778,EV0253,2026-09-25T02:30:00,registered,false,
RG04391,ST0778,EV0271,2026-09-25T09:00:00,registered,true,
RG04392,ST0779,EV0005,2026-10-27T13:30:00,registered,true,
RG04393,ST0779,EV0182,2026-08-17T23:30:00,no_show,false,
RG04394,ST0779,EV0208,2026-10-27T16:30:00,registered,true,
RG04395,ST0779,EV0240,2026-09-12T16:00:00,attended,false,4
RG04396,ST0779,EV0260,2026-09-22T14:00:00,registered,false,
RG04397,ST0780,EV0030,2026-10-15T22:30:00,registered,false,
RG04398,ST0780,EV0130,2026-10-21T10:30:00,registered,true,
RG04399,ST0780,EV0136,2026-11-08T09:30:00,registered,false,
RG04400,ST0781,EV0044,2026-10-18T06:00:00,registered,false,
RG04401,ST0781,EV0106,2026-10-19T18:30:00,registered,false,
RG04402,ST0781,EV0262,2026-10-14T16:30:00,registered,true,
RG04403,ST0782,EV0005,2026-10-27T00:30:00,registered,false,
RG04404,ST0782,EV0054,2026-10-24T14:00:00,registered,true,
RG04405,ST0782,EV0106,2026-10-15T00:30:00,registered,true,
RG04406,ST0782,EV0110,2026-10-24T13:30:00,registered,false,
RG04407,ST0782,EV0116,2026-09-07T12:30:00,attended,true,3
RG04408,ST0782,EV0117,2026-12-03T06:30:00,registered,false,
RG04409,ST0782,EV0120,2026-09-09T13:30:00,registered,true,
RG04410,ST0782,EV0279,2026-10-08T23:30:00,registered,true,
RG04411,ST0782,EV0280,2026-09-30T16:30:00,registered,false,
RG04412,ST0783,EV0031,2026-11-18T01:00:00,registered,true,
RG04413,ST0783,EV0032,2026-09-17T02:00:00,attended,false,5
RG04414,ST0783,EV0105,2026-10-31T14:30:00,registered,true,
RG04415,ST0783,EV0129,2026-09-05T10:30:00,no_show,true,
RG04416,ST0783,EV0139,2026-10-12T12:30:00,registered,false,
RG04417,ST0783,EV0159,2026-12-03T07:00:00,registered,false,
RG04418,ST0783,EV0162,2026-11-28T08:00:00,registered,false,
RG04419,ST0783,EV0268,2026-09-06T06:00:00,no_show,true,
RG04420,ST0784,EV0014,2026-11-07T05:30:00,registered,false,
RG04421,ST0784,EV0029,2026-09-30T01:00:00,registered,false,
RG04422,ST0784,EV0075,2026-09-26T02:00:00,registered,false,
RG04423,ST0784,EV0078,2026-11-10T03:00:00,registered,true,
RG04424,ST0784,EV0082,2026-10-13T23:00:00,registered,false,
RG04425,ST0784,EV0208,2026-10-28T05:30:00,registered,true,
RG04426,ST0784,EV0210,2026-09-12T10:30:00,registered,true,
RG04427,ST0784,EV0233,2026-11-21T09:00:00,registered,false,
RG04428,ST0784,EV0242,2026-08-19T10:00:00,attended,true,4
RG04429,ST0784,EV0260,2026-09-27T22:00:00,registered,false,
RG04430,ST0785,EV0105,2026-11-07T02:30:00,registered,false,
RG04431,ST0785,EV0108,2026-09-21T13:30:00,registered,false,
RG04432,ST0785,EV0263,2026-11-28T07:30:00,registered,true,
RG04433,ST0786,EV0001,2026-09-20T19:00:00,registered,true,
RG04434,ST0786,EV0007,2026-09-10T01:00:00,registered,false,
RG04435,ST0786,EV0044,2026-10-12T04:00:00,registered,true,
RG04436,ST0786,EV0064,2026-12-02T01:00:00,registered,false,
RG04437,ST0786,EV0173,2026-10-23T17:30:00,registered,false,
RG04438,ST0786,EV0187,2026-10-12T12:00:00,registered,false,
RG04439,ST0786,EV0248,2026-10-02T09:00:00,registered,true,
RG04440,ST0786,EV0249,2026-08-29T08:00:00,attended,false,3
RG04441,ST0787,EV0135,2026-10-25T11:30:00,registered,false,
RG04442,ST0787,EV0147,2026-09-06T18:00:00,attended,true,
RG04443,ST0787,EV0272,2026-11-09T00:30:00,registered,false,
RG04444,ST0787,EV0273,2026-11-06T08:30:00,registered,true,
RG04445,ST0788,EV0037,2026-09-16T01:00:00,registered,false,
RG04446,ST0788,EV0108,2026-09-18T07:30:00,registered,true,
RG04447,ST0789,EV0180,2026-10-16T23:30:00,registered,false,
RG04448,ST0789,EV0247,2026-09-13T08:00:00,registered,false,
RG04449,ST0789,EV0280,2026-09-23T17:30:00,registered,false,
RG04450,ST0790,EV0095,2026-09-29T07:00:00,registered,true,
RG04451,ST0790,EV0097,2026-10-13T22:00:00,registered,true,
RG04452,ST0790,EV0223,2026-10-17T17:30:00,registered,false,
RG04453,ST0790,EV0225,2026-08-27T07:30:00,attended,true,5
RG04454,ST0790,EV0247,2026-09-14T17:00:00,registered,true,
RG04455,ST0790,EV0249,2026-09-03T09:00:00,attended,false,4
RG04456,ST0790,EV0274,2026-11-03T09:30:00,registered,false,
RG04457,ST0790,EV0279,2026-10-13T09:30:00,registered,false,
RG04458,ST0791,EV0107,2026-09-20T14:30:00,registered,true,
RG04459,ST0791,EV0131,2026-09-19T18:30:00,registered,false,
RG04460,ST0791,EV0133,2026-08-14T04:30:00,attended,true,4
RG04461,ST0791,EV0151,2026-08-19T06:00:00,attended,false,
RG04462,ST0791,EV0264,2026-10-08T07:30:00,registered,true,
RG04463,ST0792,EV0005,2026-11-03T14:30:00,registered,false,
RG04464,ST0792,EV0194,2026-11-29T13:30:00,registered,true,
RG04465,ST0792,EV0214,2026-11-23T06:30:00,registered,false,
RG04466,ST0792,EV0222,2026-11-25T17:30:00,registered,false,
RG04467,ST0792,EV0260,2026-09-19T13:00:00,registered,false,
RG04468,ST0792,EV0274,2026-11-08T08:30:00,registered,false,
RG04469,ST0793,EV0015,2026-10-06T06:30:00,registered,true,
RG04470,ST0793,EV0029,2026-09-21T15:00:00,registered,true,
RG04471,ST0793,EV0033,2026-10-07T00:00:00,registered,false,
RG04472,ST0793,EV0137,2026-12-03T02:30:00,registered,true,
RG04473,ST0793,EV0159,2026-11-26T18:00:00,registered,false,
RG04474,ST0793,EV0161,2026-11-22T22:00:00,registered,false,
RG04475,ST0794,EV0059,2026-10-22T23:30:00,registered,false,
RG04476,ST0794,EV0106,2026-10-12T13:30:00,registered,true,
RG04477,ST0795,EV0107,2026-09-26T07:30:00,registered,false,
RG04478,ST0795,EV0111,2026-10-23T01:30:00,registered,true,
RG04479,ST0795,EV0145,2026-11-15T14:00:00,registered,true,
RG04480,ST0795,EV0270,2026-11-19T04:00:00,registered,false,
RG04481,ST0795,EV0271,2026-10-04T14:00:00,registered,false,
RG04482,ST0796,EV0005,2026-10-23T02:30:00,registered,false,
RG04483,ST0796,EV0173,2026-10-27T11:30:00,registered,false,
RG04484,ST0796,EV0193,2026-08-14T03:00:00,attended,false,3
RG04485,ST0796,EV0242,2026-08-18T09:00:00,no_show,true,
RG04486,ST0796,EV0254,2026-11-07T03:00:00,registered,true,
RG04487,ST0796,EV0273,2026-11-02T00:30:00,registered,true,
RG04488,ST0797,EV0001,2026-09-21T18:00:00,registered,true,
RG04489,ST0797,EV0215,2026-11-24T17:30:00,registered,false,
RG04490,ST0797,EV0219,2026-10-17T14:30:00,registered,true,
RG04491,ST0797,EV0235,2026-08-31T02:00:00,attended,true,
RG04492,ST0797,EV0236,2026-10-01T03:00:00,registered,true,
RG04493,ST0797,EV0237,2026-08-28T22:00:00,attended,true,4
RG04494,ST0798,EV0002,2026-09-27T15:00:00,registered,true,
RG04495,ST0798,EV0032,2026-09-17T10:00:00,attended,true,
RG04496,ST0798,EV0135,2026-10-27T12:30:00,registered,false,
RG04497,ST0798,EV0169,2026-08-15T02:30:00,attended,false,
RG04498,ST0798,EV0268,2026-09-10T00:00:00,no_show,false,
RG04499,ST0799,EV0003,2026-09-10T20:00:00,attended,false,3
RG04500,ST0799,EV0042,2026-10-27T17:30:00,registered,true,
RG04501,ST0799,EV0105,2026-11-10T18:30:00,registered,false,
RG04502,ST0799,EV0109,2026-09-14T09:30:00,attended,true,4
RG04503,ST0799,EV0263,2026-11-20T05:30:00,registered,true,
RG04504,ST0799,EV0269,2026-09-22T16:00:00,registered,false,
RG04505,ST0799,EV0272,2026-11-06T05:30:00,registered,true,
RG04506,ST0799,EV0273,2026-11-08T20:30:00,registered,false,
RG04507,ST0800,EV0001,2026-09-26T10:00:00,registered,true,
RG04508,ST0800,EV0021,2026-11-15T10:00:00,registered,true,
RG04509,ST0800,EV0106,2026-10-09T10:30:00,registered,false,
RG04510,ST0800,EV0107,2026-09-18T16:30:00,registered,false,
RG04511,ST0800,EV0112,2026-09-17T16:30:00,registered,true,
RG04512,ST0800,EV0113,2026-10-21T15:00:00,registered,false,
RG04513,ST0800,EV0115,2026-10-13T00:00:00,registered,true,
RG04514,ST0800,EV0129,2026-09-07T12:30:00,attended,false,
RG04515,ST0800,EV0266,2026-09-03T20:30:00,attended,true,
RG04516,ST0800,EV0272,2026-11-10T11:30:00,registered,false,
RG04517,ST0801,EV0027,2026-09-30T06:30:00,registered,false,
RG04518,ST0801,EV0066,2026-11-08T07:00:00,registered,false,
RG04519,ST0801,EV0084,2026-09-25T05:00:00,registered,false,
RG04520,ST0801,EV0101,2026-12-03T02:00:00,registered,false,
RG04521,ST0801,EV0166,2026-10-02T13:00:00,registered,true,
RG04522,ST0801,EV0168,2026-09-14T05:00:00,registered,false,
RG04523,ST0801,EV0172,2026-10-19T07:30:00,registered,true,
RG04524,ST0801,EV0182,2026-08-30T17:30:00,no_show,false,
RG04525,ST0801,EV0184,2026-09-08T04:30:00,registered,true,
RG04526,ST0801,EV0279,2026-10-18T08:30:00,registered,false,
RG04527,ST0802,EV0002,2026-09-18T02:00:00,registered,false,
RG04528,ST0802,EV0036,2026-09-30T00:00:00,registered,false,
RG04529,ST0802,EV0039,2026-11-18T01:00:00,registered,false,
RG04530,ST0802,EV0041,2026-10-01T07:00:00,registered,false,
RG04531,ST0802,EV0129,2026-09-05T15:30:00,no_show,true,
RG04532,ST0802,EV0175,2026-08-20T01:00:00,attended,true,
RG04533,ST0802,EV0269,2026-09-17T23:00:00,registered,true,
RG04534,ST0802,EV0273,2026-11-05T05:30:00,registered,true,
RG04535,ST0802,EV0276,2026-08-17T22:00:00,attended,false,3
RG04536,ST0802,EV0278,2026-11-28T07:30:00,registered,false,
RG04537,ST0803,EV0002,2026-09-29T05:00:00,registered,false,
RG04538,ST0803,EV0003,2026-09-05T22:00:00,attended,true,4
RG04539,ST0803,EV0010,2026-11-27T07:00:00,registered,true,
RG04540,ST0803,EV0021,2026-11-18T23:00:00,registered,true,
RG04541,ST0803,EV0023,2026-10-30T12:00:00,registered,true,
RG04542,ST0803,EV0123,2026-11-16T10:00:00,registered,true,
RG04543,ST0803,EV0135,2026-10-23T14:30:00,registered,false,
RG04544,ST0804,EV0013,2026-09-19T14:00:00,registered,true,
RG04545,ST0804,EV0034,2026-09-03T22:30:00,attended,false,4
RG04546,ST0804,EV0042,2026-11-05T10:30:00,registered,false,
RG04547,ST0804,EV0050,2026-10-16T08:00:00,registered,true,
RG04548,ST0804,EV0062,2026-09-16T00:00:00,registered,false,
RG04549,ST0804,EV0069,2026-11-08T01:30:00,registered,false,
RG04550,ST0804,EV0169,2026-08-15T08:30:00,no_show,false,
RG04551,ST0804,EV0234,2026-08-29T08:00:00,attended,false,
RG04552,ST0804,EV0272,2026-11-03T09:30:00,registered,true,
RG04553,ST0805,EV0043,2026-12-10T16:30:00,registered,false,
RG04554,ST0805,EV0105,2026-11-03T08:30:00,registered,false,
RG04555,ST0805,EV0112,2026-09-16T12:30:00,registered,true,
RG04556,ST0805,EV0114,2026-08-31T19:00:00,attended,true,3
RG04557,ST0805,EV0130,2026-10-21T16:30:00,registered,true,
RG04558,ST0805,EV0262,2026-10-13T13:30:00,registered,true,
RG04559,ST0805,EV0270,2026-11-24T15:00:00,registered,true,
RG04560,ST0805,EV0279,2026-10-11T08:30:00,registered,false,
RG04561,ST0805,EV0280,2026-09-21T08:30:00,registered,false,
RG04562,ST0806,EV0048,2026-11-03T11:00:00,registered,true,
RG04563,ST0806,EV0061,2026-08-25T16:00:00,attended,true,5
RG04564,ST0807,EV0066,2026-11-10T10:00:00,registered,false,
RG04565,ST0807,EV0072,2026-08-29T18:30:00,attended,false,
RG04566,ST0807,EV0077,2026-09-06T11:00:00,no_show,true,
RG04567,ST0807,EV0083,2026-10-01T03:00:00,registered,false,
RG04568,ST0807,EV0211,2026-10-26T00:30:00,registered,true,
RG04569,ST0807,EV0233,2026-11-24T13:00:00,registered,true,
RG04570,ST0808,EV0005,2026-10-24T04:30:00,registered,false,
RG04571,ST0808,EV0072,2026-09-08T15:30:00,attended,true,
RG04572,ST0808,EV0077,2026-09-06T16:00:00,attended,true,
RG04573,ST0808,EV0090,2026-11-25T12:00:00,registered,false,
RG04574,ST0808,EV0110,2026-10-15T23:30:00,registered,false,
RG04575,ST0808,EV0157,2026-09-16T09:30:00,attended,true,3
RG04576,ST0808,EV0214,2026-11-28T07:30:00,registered,false,
RG04577,ST0808,EV0228,2026-09-01T11:00:00,attended,false,
RG04578,ST0808,EV0237,2026-09-01T23:00:00,attended,false,
RG04579,ST0808,EV0242,2026-08-11T03:00:00,no_show,false,
RG04580,ST0809,EV0103,2026-11-07T17:00:00,registered,true,
RG04581,ST0809,EV0252,2026-10-22T15:30:00,registered,true,
RG04582,ST0809,EV0253,2026-09-29T10:30:00,registered,false,
RG04583,ST0809,EV0261,2026-10-10T01:30:00,registered,true,
RG04584,ST0809,EV0273,2026-11-07T17:30:00,registered,false,
RG04585,ST0810,EV0159,2026-12-03T18:00:00,registered,true,
RG04586,ST0810,EV0162,2026-11-28T00:00:00,registered,false,
RG04587,ST0810,EV0280,2026-09-23T09:30:00,registered,true,
RG04588,ST0811,EV0043,2026-12-04T22:30:00,registered,true,
RG04589,ST0811,EV0054,2026-10-20T22:00:00,registered,false,
RG04590,ST0811,EV0106,2026-10-11T04:30:00,registered,false,
RG04591,ST0811,EV0130,2026-10-17T11:30:00,registered,false,
RG04592,ST0811,EV0248,2026-10-01T03:00:00,registered,false,
RG04593,ST0811,EV0271,2026-10-01T23:00:00,registered,false,
RG04594,ST0811,EV0273,2026-11-07T19:30:00,registered,false,
RG04595,ST0812,EV0061,2026-08-23T21:00:00,no_show,false,
RG04596,ST0812,EV0159,2026-11-24T16:00:00,registered,false,
RG04597,ST0812,EV0161,2026-11-22T12:00:00,registered,false,
RG04598,ST0812,EV0169,2026-08-21T02:30:00,attended,true,5
RG04599,ST0812,EV0175,2026-08-10T17:00:00,attended,false,5
RG04600,ST0812,EV0195,2026-09-02T05:30:00,attended,false,
RG04601,ST0812,EV0199,2026-11-09T00:30:00,registered,true,
RG04602,ST0813,EV0092,2026-11-06T23:00:00,registered,true,
RG04603,ST0813,EV0144,2026-08-20T08:00:00,attended,false,
RG04604,ST0813,EV0162,2026-11-21T15:00:00,registered,false,
RG04605,ST0813,EV0199,2026-11-05T07:30:00,registered,true,
RG04606,ST0813,EV0273,2026-11-02T00:30:00,registered,false,
RG04607,ST0814,EV0002,2026-09-19T00:00:00,registered,true,
RG04608,ST0814,EV0003,2026-09-14T23:00:00,attended,true,
RG04609,ST0814,EV0019,2026-09-14T05:00:00,registered,true,
RG04610,ST0814,EV0102,2026-10-24T09:30:00,registered,true,
RG04611,ST0814,EV0121,2026-11-30T00:00:00,registered,true,
RG04612,ST0814,EV0122,2026-08-25T05:00:00,attended,true,4
RG04613,ST0814,EV0136,2026-11-05T16:30:00,registered,true,
RG04614,ST0814,EV0223,2026-10-14T09:30:00,registered,false,
RG04615,ST0815,EV0167,2026-09-25T07:00:00,registered,true,
RG04616,ST0815,EV0182,2026-08-31T11:30:00,attended,true,4
RG04617,ST0815,EV0188,2026-12-01T08:00:00,registered,true,
RG04618,ST0815,EV0245,2026-10-01T03:00:00,registered,false,
RG04619,ST0815,EV0246,2026-09-13T08:00:00,no_show,false,
RG04620,ST0815,EV0248,2026-10-04T14:00:00,registered,false,
RG04621,ST0815,EV0249,2026-09-05T03:00:00,attended,true,
RG04622,ST0815,EV0250,2026-09-22T11:00:00,registered,false,
RG04623,ST0816,EV0015,2026-10-04T08:30:00,registered,false,
RG04624,ST0816,EV0020,2026-10-19T22:00:00,registered,true,
RG04625,ST0816,EV0023,2026-11-06T08:00:00,registered,true,
RG04626,ST0816,EV0091,2026-11-22T15:30:00,registered,false,
RG04627,ST0816,EV0102,2026-10-24T14:30:00,registered,false,
RG04628,ST0816,EV0124,2026-09-12T11:00:00,registered,false,
RG04629,ST0816,EV0126,2026-08-21T07:00:00,attended,true,
RG04630,ST0816,EV0136,2026-11-01T03:30:00,registered,true,
RG04631,ST0816,EV0276,2026-08-22T05:00:00,attended,false,3
RG04632,ST0817,EV0054,2026-10-25T14:00:00,registered,true,
RG04633,ST0817,EV0061,2026-08-30T23:00:00,attended,false,3
RG04634,ST0817,EV0117,2026-11-25T09:30:00,registered,false,
RG04635,ST0817,EV0249,2026-08-31T15:00:00,no_show,false,
RG04636,ST0818,EV0003,2026-09-14T21:00:00,attended,false,
RG04637,ST0818,EV0015,2026-09-26T17:30:00,registered,true,
RG04638,ST0818,EV0031,2026-11-20T21:00:00,registered,true,
RG04639,ST0818,EV0136,2026-10-26T14:30:00,registered,true,
RG04640,ST0818,EV0160,2026-10-21T02:00:00,registered,false,
RG04641,ST0818,EV0205,2026-10-08T06:00:00,registered,false,
RG04642,ST0818,EV0237,2026-08-29T09:00:00,attended,false,
RG04643,ST0819,EV0251,2026-09-29T06:30:00,registered,true,
RG04644,ST0820,EV0052,2026-10-07T09:00:00,registered,true,
RG04645,ST0820,EV0053,2026-08-19T06:00:00,attended,true,4
RG04646,ST0820,EV0054,2026-10-22T13:00:00,registered,false,
RG04647,ST0820,EV0055,2026-09-16T02:00:00,registered,false,
RG04648,ST0820,EV0116,2026-09-06T11:30:00,no_show,true,
RG04649,ST0820,EV0117,2026-11-26T08:30:00,registered,true,
RG04650,ST0820,EV0118,2026-11-02T02:30:00,registered,true,
RG04651,ST0821,EV0032,2026-09-05T10:00:00,no_show,false,
RG04652,ST0821,EV0133,2026-08-18T19:30:00,attended,false,5
RG04653,ST0821,EV0267,2026-11-03T08:00:00,registered,true,
RG04654,ST0822,EV0058,2026-10-16T03:00:00,registered,true,
RG04655,ST0822,EV0079,2026-11-16T06:00:00,registered,true,
RG04656,ST0822,EV0082,2026-10-14T23:00:00,registered,true,
RG04657,ST0822,EV0084,2026-09-28T03:00:00,registered,true,
RG04658,ST0822,EV0091,2026-11-21T14:30:00,registered,true,
RG04659,ST0822,EV0276,2026-08-20T00:00:00,attended,true,
RG04660,ST0823,EV0261,2026-10-16T08:30:00,registered,false,
RG04661,ST0823,EV0280,2026-09-25T01:30:00,registered,false,
RG04662,ST0824,EV0129,2026-09-14T11:30:00,attended,false,3
RG04663,ST0824,EV0200,2026-09-22T05:30:00,registered,false,
RG04664,ST0824,EV0266,2026-09-06T22:30:00,no_show,false,
RG04665,ST0824,EV0267,2026-10-30T09:00:00,registered,true,
RG04666,ST0824,EV0268,2026-09-10T07:00:00,no_show,false,
RG04667,ST0824,EV0273,2026-11-07T03:30:00,registered,false,
RG04668,ST0825,EV0039,2026-11-15T21:00:00,registered,true,
RG04669,ST0826,EV0160,2026-10-22T06:00:00,registered,false,
RG04670,ST0826,EV0168,2026-09-20T09:00:00,registered,false,
RG04671,ST0826,EV0199,2026-11-02T23:30:00,registered,false,
RG04672,ST0827,EV0001,2026-09-26T09:00:00,registered,true,
RG04673,ST0827,EV0016,2026-09-28T22:00:00,registered,true,
RG04674,ST0827,EV0176,2026-10-16T07:00:00,registered,false,
RG04675,ST0828,EV0007,2026-09-11T09:00:00,registered,true,
RG04676,ST0828,EV0014,2026-10-30T05:30:00,registered,false,
RG04677,ST0828,EV0070,2026-10-13T23:00:00,registered,true,
RG04678,ST0828,EV0180,2026-10-17T03:30:00,registered,false,
RG04679,ST0828,EV0181,2026-12-02T02:30:00,registered,false,
RG04680,ST0828,EV0185,2026-11-11T23:00:00,registered,true,
RG04681,ST0828,EV0246,2026-09-04T10:00:00,attended,false,
RG04682,ST0828,EV0247,2026-09-13T23:00:00,registered,true,
RG04683,ST0829,EV0003,2026-09-15T07:00:00,attended,true,
RG04684,ST0829,EV0135,2026-10-22T14:30:00,registered,false,
RG04685,ST0829,EV0208,2026-11-02T18:30:00,registered,false,
RG04686,ST0829,EV0280,2026-09-19T22:30:00,registered,false,
RG04687,ST0830,EV0084,2026-10-01T01:00:00,registered,false,
RG04688,ST0830,EV0133,2026-08-11T02:30:00,attended,false,4
RG04689,ST0830,EV0213,2026-09-06T09:30:00,attended,false,3
RG04690,ST0830,EV0229,2026-08-31T23:00:00,attended,false,
RG04691,ST0830,EV0261,2026-10-06T17:30:00,registered,true,
RG04692,ST0831,EV0043,2026-12-01T13:30:00,registered,false,
RG04693,ST0831,EV0055,2026-09-21T07:00:00,registered,true,
RG04694,ST0831,EV0093,2026-10-11T23:00:00,registered,true,
RG04695,ST0832,EV0026,2026-11-12T02:00:00,registered,false,
RG04696,ST0832,EV0074,2026-11-15T20:00:00,registered,true,
RG04697,ST0832,EV0099,2026-11-01T13:00:00,registered,true,
RG04698,ST0832,EV0180,2026-10-15T09:30:00,registered,false,
RG04699,ST0832,EV0185,2026-11-13T15:00:00,registered,false,
RG04700,ST0832,EV0277,2026-10-20T03:30:00,registered,false,
RG04701,ST0833,EV0018,2026-11-06T07:00:00,registered,false,
RG04702,ST0833,EV0049,2026-08-16T02:30:00,attended,false,4
RG04703,ST0833,EV0272,2026-11-11T23:30:00,registered,true,
RG04704,ST0834,EV0005,2026-10-23T07:30:00,registered,false,
RG04705,ST0834,EV0067,2026-10-07T22:30:00,registered,true,
RG04706,ST0834,EV0081,2026-10-06T17:00:00,registered,true,
RG04707,ST0834,EV0163,2026-10-03T11:00:00,registered,true,
RG04708,ST0834,EV0210,2026-09-08T09:30:00,registered,true,
RG04709,ST0834,EV0260,2026-09-17T04:00:00,registered,true,
RG04710,ST0835,EV0004,2026-10-10T17:00:00,registered,false,
RG04711,ST0835,EV0016,2026-09-28T05:00:00,registered,true,
RG04712,ST0835,EV0141,2026-09-16T13:00:00,registered,true,
RG04713,ST0835,EV0145,2026-11-09T15:00:00,registered,false,
RG04714,ST0835,EV0159,2026-11-28T02:00:00,registered,false,
RG04715,ST0835,EV0162,2026-11-29T08:00:00,registered,false,
RG04716,ST0835,EV0256,2026-11-07T02:00:00,registered,false,
RG04717,ST0835,EV0272,2026-11-16T02:30:00,registered,false,
RG04718,ST0836,EV0179,2026-11-28T08:30:00,registered,false,
RG04719,ST0836,EV0213,2026-08-31T04:30:00,attended,false,3
RG04720,ST0836,EV0253,2026-09-16T00:30:00,registered,true,
RG04721,ST0836,EV0260,2026-09-29T06:00:00,registered,false,
RG04722,ST0836,EV0268,2026-09-08T16:00:00,attended,true,
RG04723,ST0836,EV0272,2026-11-13T21:30:00,registered,true,
RG04724,ST0837,EV0007,2026-09-11T10:00:00,registered,true,
RG04725,ST0837,EV0027,2026-10-11T07:30:00,registered,false,
RG04726,ST0837,EV0183,2026-09-04T18:30:00,no_show,false,
RG04727,ST0837,EV0190,2026-11-30T12:00:00,registered,true,
RG04728,ST0838,EV0045,2026-11-19T20:00:00,registered,false,
RG04729,ST0838,EV0184,2026-09-14T17:30:00,registered,false,
RG04730,ST0838,EV0187,2026-10-15T13:00:00,registered,true,
RG04731,ST0838,EV0246,2026-09-10T22:00:00,no_show,false,
RG04732,ST0839,EV0058,2026-10-10T22:00:00,registered,true,
RG04733,ST0839,EV0100,2026-11-28T04:00:00,registered,false,
RG04734,ST0839,EV0273,2026-11-06T12:30:00,registered,false,
RG04735,ST0840,EV0002,2026-09-17T20:00:00,registered,true,
RG04736,ST0840,EV0010,2026-11-27T05:00:00,registered,false,
RG04737,ST0840,EV0019,2026-09-18T06:00:00,registered,false,
RG04738,ST0840,EV0104,2026-11-09T06:00:00,registered,true,
RG04739,ST0840,EV0117,2026-11-24T13:30:00,registered,false,
RG04740,ST0840,EV0191,2026-11-18T17:00:00,registered,false,
RG04741,ST0841,EV0059,2026-10-23T15:30:00,registered,false,
RG04742,ST0841,EV0163,2026-10-04T18:00:00,registered,false,
RG04743,ST0841,EV0176,2026-10-25T23:00:00,registered,false,
RG04744,ST0842,EV0068,2026-11-16T08:00:00,registered,false,
RG04745,ST0842,EV0075,2026-09-18T13:00:00,registered,false,
RG04746,ST0842,EV0082,2026-10-24T03:00:00,registered,false,
RG04747,ST0842,EV0089,2026-11-09T11:00:00,registered,false,
RG04748,ST0842,EV0145,2026-11-08T11:00:00,registered,true,
RG04749,ST0842,EV0209,2026-12-02T17:30:00,registered,true,
RG04750,ST0842,EV0211,2026-10-23T00:30:00,registered,true,
RG04751,ST0842,EV0238,2026-09-02T19:00:00,attended,true,
RG04752,ST0843,EV0244,2026-09-22T01:00:00,registered,false,
RG04753,ST0844,EV0001,2026-09-19T18:00:00,registered,false,
RG04754,ST0844,EV0051,2026-11-10T17:00:00,registered,true,
RG04755,ST0844,EV0240,2026-09-12T19:00:00,attended,false,3
RG04756,ST0845,EV0072,2026-09-05T04:30:00,attended,true,
RG04757,ST0845,EV0083,2026-10-08T08:00:00,registered,true,
RG04758,ST0845,EV0084,2026-09-25T11:00:00,registered,true,
RG04759,ST0845,EV0162,2026-11-29T00:00:00,registered,true,
RG04760,ST0845,EV0208,2026-10-29T04:30:00,registered,true,
RG04761,ST0845,EV0209,2026-11-26T17:30:00,registered,true,
RG04762,ST0845,EV0230,2026-12-03T07:00:00,registered,false,
RG04763,ST0845,EV0242,2026-08-22T12:00:00,attended,false,5
RG04764,ST0845,EV0256,2026-11-09T00:00:00,registered,false,
RG04765,ST0846,EV0074,2026-11-15T00:00:00,registered,false,
RG04766,ST0846,EV0094,2026-11-16T11:30:00,registered,true,
RG04767,ST0846,EV0127,2026-08-24T07:30:00,attended,false,3
RG04768,ST0846,EV0135,2026-10-19T07:30:00,registered,true,
RG04769,ST0846,EV0148,2026-10-02T17:00:00,registered,true,
RG04770,ST0846,EV0151,2026-08-21T07:00:00,attended,true,4
RG04771,ST0846,EV0176,2026-10-26T12:00:00,registered,false,
RG04772,ST0846,EV0267,2026-11-03T14:00:00,registered,false,
RG04773,ST0846,EV0268,2026-09-02T12:00:00,attended,false,
RG04774,ST0846,EV0273,2026-11-12T04:30:00,registered,true,
RG04775,ST0847,EV0003,2026-09-03T23:00:00,no_show,true,
RG04776,ST0847,EV0007,2026-09-20T10:00:00,registered,false,
RG04777,ST0847,EV0088,2026-08-18T23:00:00,attended,true,
RG04778,ST0847,EV0090,2026-11-23T04:00:00,registered,true,
RG04779,ST0847,EV0092,2026-11-12T23:00:00,registered,true,
RG04780,ST0847,EV0153,2026-09-13T14:30:00,attended,false,
RG04781,ST0847,EV0155,2026-09-10T10:30:00,registered,true,
RG04782,ST0847,EV0157,2026-09-13T10:30:00,attended,false,3
RG04783,ST0847,EV0276,2026-08-20T16:00:00,no_show,true,
RG04784,ST0848,EV0077,2026-09-11T03:00:00,no_show,false,
RG04785,ST0848,EV0080,2026-11-29T22:00:00,registered,false,
RG04786,ST0848,EV0081,2026-10-05T08:00:00,registered,true,
RG04787,ST0848,EV0161,2026-11-14T01:00:00,registered,false,
RG04788,ST0848,EV0202,2026-11-16T15:00:00,registered,true,
RG04789,ST0848,EV0206,2026-08-31T10:00:00,no_show,false,
RG04790,ST0848,EV0231,2026-11-29T10:00:00,registered,true,
RG04791,ST0848,EV0237,2026-09-06T11:00:00,no_show,false,
RG04792,ST0848,EV0241,2026-11-14T11:00:00,registered,false,
RG04793,ST0848,EV0242,2026-08-18T08:00:00,attended,true,4
RG04794,ST0849,EV0014,2026-11-01T00:30:00,registered,false,
RG04795,ST0849,EV0185,2026-11-08T01:00:00,registered,false,
RG04796,ST0850,EV0003,2026-09-02T22:00:00,attended,true,5
RG04797,ST0850,EV0070,2026-10-27T11:00:00,registered,true,
RG04798,ST0850,EV0125,2026-11-25T14:00:00,registered,false,
RG04799,ST0851,EV0026,2026-11-18T06:00:00,registered,true,
RG04800,ST0851,EV0027,2026-09-29T11:30:00,registered,true,
RG04801,ST0851,EV0064,2026-12-07T07:00:00,registered,true,
RG04802,ST0851,EV0210,2026-09-08T01:30:00,registered,true,
RG04803,ST0851,EV0267,2026-11-01T06:00:00,registered,false,
RG04804,ST0851,EV0268,2026-09-02T08:00:00,attended,true,
RG04805,ST0851,EV0277,2026-10-21T17:30:00,registered,true,
RG04806,ST0851,EV0278,2026-11-29T12:30:00,registered,true,
RG04807,ST0852,EV0065,2026-08-24T11:00:00,attended,true,4
RG04808,ST0852,EV0173,2026-10-20T06:30:00,registered,false,
RG04809,ST0852,EV0247,2026-09-12T01:00:00,registered,false,
RG04810,ST0852,EV0249,2026-08-30T15:00:00,no_show,true,
RG04811,ST0852,EV0280,2026-09-21T01:30:00,registered,false,
RG04812,ST0853,EV0086,2026-10-11T09:00:00,registered,true,
RG04813,ST0853,EV0103,2026-11-17T01:00:00,registered,true,
RG04814,ST0853,EV0252,2026-10-16T13:30:00,registered,false,
RG04815,ST0853,EV0253,2026-09-21T11:30:00,registered,true,
RG04816,ST0853,EV0267,2026-10-27T09:00:00,registered,true,
RG04817,ST0853,EV0268,2026-09-09T22:00:00,attended,false,
RG04818,ST0854,EV0031,2026-11-23T13:00:00,registered,true,
RG04819,ST0854,EV0042,2026-10-30T23:30:00,registered,true,
RG04820,ST0854,EV0110,2026-10-20T10:30:00,registered,false,
RG04821,ST0854,EV0118,2026-11-06T18:30:00,registered,false,
RG04822,ST0854,EV0263,2026-11-20T23:30:00,registered,true,
RG04823,ST0854,EV0269,2026-09-21T15:00:00,registered,false,
RG04824,ST0855,EV0034,2026-09-06T09:30:00,attended,true,
RG04825,ST0855,EV0202,2026-11-14T14:00:00,registered,false,
RG04826,ST0855,EV0272,2026-11-07T10:30:00,registered,true,
RG04827,ST0856,EV0001,2026-09-16T11:00:00,registered,true,
RG04828,ST0856,EV0059,2026-10-23T01:30:00,registered,false,
RG04829,ST0856,EV0175,2026-08-13T07:00:00,attended,true,3
RG04830,ST0857,EV0014,2026-11-06T18:30:00,registered,false,
RG04831,ST0857,EV0230,2026-12-05T09:00:00,registered,false,
RG04832,ST0857,EV0232,2026-10-15T09:00:00,registered,false,
RG04833,ST0858,EV0041,2026-10-03T22:00:00,registered,false,
RG04834,ST0858,EV0042,2026-11-03T07:30:00,registered,false,
RG04835,ST0858,EV0108,2026-09-17T11:30:00,registered,true,
RG04836,ST0858,EV0129,2026-09-07T13:30:00,attended,true,4
RG04837,ST0858,EV0133,2026-08-14T04:30:00,attended,false,5
RG04838,ST0858,EV0262,2026-10-25T11:30:00,registered,true,
RG04839,ST0859,EV0052,2026-09-27T08:00:00,registered,true,
RG04840,ST0859,EV0111,2026-11-01T01:30:00,registered,true,
RG04841,ST0859,EV0119,2026-10-21T01:30:00,registered,true,
RG04842,ST0859,EV0266,2026-09-06T00:30:00,no_show,false,
RG04843,ST0860,EV0018,2026-11-04T23:00:00,registered,false,
RG04844,ST0860,EV0022,2026-09-25T09:00:00,registered,false,
RG04845,ST0860,EV0026,2026-11-12T00:00:00,registered,true,
RG04846,ST0860,EV0137,2026-11-29T08:30:00,registered,false,
RG04847,ST0861,EV0183,2026-09-01T02:30:00,attended,true,4
RG04848,ST0862,EV0019,2026-09-21T20:00:00,registered,false,
RG04849,ST0862,EV0021,2026-11-15T00:00:00,registered,false,
RG04850,ST0862,EV0117,2026-12-04T00:30:00,registered,true,
RG04851,ST0863,EV0144,2026-08-22T18:00:00,no_show,false,
RG04852,ST0863,EV0226,2026-08-25T03:30:00,attended,false,
RG04853,ST0863,EV0280,2026-09-20T02:30:00,registered,true,
RG04854,ST0864,EV0100,2026-11-26T09:00:00,registered,false,
RG04855,ST0864,EV0126,2026-08-17T04:00:00,no_show,false,
RG04856,ST0864,EV0251,2026-10-07T11:30:00,registered,false,
RG04857,ST0864,EV0261,2026-10-15T10:30:00,registered,true,
RG04858,ST0864,EV0267,2026-10-25T00:00:00,registered,false,
RG04859,ST0864,EV0268,2026-09-09T01:00:00,no_show,true,
RG04860,ST0864,EV0272,2026-11-16T07:30:00,registered,true,
RG04861,ST0864,EV0273,2026-10-30T12:30:00,registered,true,
RG04862,ST0865,EV0136,2026-11-01T02:30:00,registered,false,
RG04863,ST0865,EV0251,2026-10-10T03:30:00,registered,false,
RG04864,ST0865,EV0261,2026-10-13T11:30:00,registered,false,
RG04865,ST0866,EV0014,2026-11-06T01:30:00,registered,true,
RG04866,ST0866,EV0026,2026-11-24T04:00:00,registered,true,
RG04867,ST0866,EV0190,2026-12-06T13:00:00,registered,true,
RG04868,ST0866,EV0193,2026-08-13T11:00:00,attended,true,
RG04869,ST0866,EV0239,2026-08-20T11:00:00,attended,false,5
RG04870,ST0866,EV0244,2026-09-26T06:00:00,registered,false,
RG04871,ST0866,EV0248,2026-10-08T07:00:00,registered,true,
RG04872,ST0866,EV0254,2026-11-14T12:00:00,registered,false,
RG04873,ST0867,EV0057,2026-08-24T21:00:00,attended,false,
RG04874,ST0867,EV0164,2026-10-10T17:00:00,registered,true,
RG04875,ST0867,EV0188,2026-12-02T00:00:00,registered,false,
RG04876,ST0867,EV0228,2026-09-06T18:00:00,attended,true,
RG04877,ST0868,EV0024,2026-08-26T15:30:00,no_show,false,
RG04878,ST0868,EV0057,2026-08-12T13:00:00,attended,true,3
RG04879,ST0868,EV0122,2026-08-20T04:00:00,attended,true,
RG04880,ST0868,EV0231,2026-11-29T09:00:00,registered,true,
RG04881,ST0869,EV0002,2026-09-20T21:00:00,registered,false,
RG04882,ST0869,EV0003,2026-09-02T19:00:00,attended,true,4
RG04883,ST0869,EV0021,2026-11-26T12:00:00,registered,false,
RG04884,ST0869,EV0048,2026-11-08T19:00:00,registered,false,
RG04885,ST0869,EV0104,2026-11-08T01:00:00,registered,true,
RG04886,ST0869,EV0122,2026-08-31T12:00:00,attended,false,
RG04887,ST0869,EV0171,2026-09-14T22:30:00,registered,true,
RG04888,ST0869,EV0276,2026-08-10T23:00:00,attended,true,
RG04889,ST0870,EV0049,2026-08-15T05:30:00,attended,false,
RG04890,ST0870,EV0153,2026-09-08T23:30:00,attended,false,3
RG04891,ST0870,EV0257,2026-10-16T00:00:00,registered,true,
RG04892,ST0871,EV0006,2026-10-10T01:00:00,registered,false,
RG04893,ST0871,EV0031,2026-11-18T03:00:00,registered,false,
RG04894,ST0871,EV0130,2026-10-27T07:30:00,registered,true,
RG04895,ST0871,EV0132,2026-09-11T08:30:00,registered,true,
RG04896,ST0871,EV0140,2026-10-03T18:30:00,registered,true,
RG04897,ST0871,EV0160,2026-10-27T03:00:00,registered,true,
RG04898,ST0871,EV0163,2026-10-04T05:00:00,registered,true,
RG04899,ST0871,EV0203,2026-10-19T19:00:00,registered,true,
RG04900,ST0871,EV0272,2026-11-06T08:30:00,registered,false,
RG04901,ST0872,EV0135,2026-10-20T15:30:00,registered,false,
RG04902,ST0872,EV0203,2026-10-21T04:00:00,registered,false,
RG04903,ST0872,EV0205,2026-10-08T05:00:00,registered,false,
RG04904,ST0872,EV0206,2026-09-01T06:00:00,attended,true,4
RG04905,ST0872,EV0207,2026-09-18T04:00:00,registered,false,
RG04906,ST0872,EV0228,2026-09-07T15:00:00,attended,true,4
RG04907,ST0872,EV0231,2026-12-06T13:00:00,registered,false,
RG04908,ST0872,EV0235,2026-08-29T08:00:00,attended,true,4
RG04909,ST0872,EV0254,2026-11-09T00:00:00,registered,false,
RG04910,ST0873,EV0070,2026-10-19T07:00:00,registered,false,
RG04911,ST0873,EV0278,2026-12-02T12:30:00,registered,true,
RG04912,ST0874,EV0003,2026-09-06T20:00:00,no_show,false,
RG04913,ST0874,EV0017,2026-08-15T11:30:00,no_show,false,
RG04914,ST0874,EV0029,2026-09-25T01:00:00,registered,true,
RG04915,ST0874,EV0161,2026-11-20T18:00:00,registered,true,
RG04916,ST0874,EV0273,2026-11-10T10:30:00,registered,false,
RG04917,ST0875,EV0051,2026-11-04T02:00:00,registered,false,
RG04918,ST0875,EV0053,2026-08-21T00:00:00,no_show,false,
RG04919,ST0875,EV0055,2026-09-17T00:00:00,registered,true,
RG04920,ST0875,EV0111,2026-10-27T01:30:00,registered,false,
RG04921,ST0875,EV0116,2026-09-08T17:30:00,no_show,false,
RG04922,ST0875,EV0119,2026-10-31T07:30:00,registered,false,
RG04923,ST0875,EV0120,2026-09-13T04:30:00,registered,false,
RG04924,ST0876,EV0062,2026-09-09T22:00:00,registered,false,
RG04925,ST0876,EV0167,2026-09-24T22:00:00,registered,false,
RG04926,ST0876,EV0183,2026-08-31T08:30:00,attended,true,5
RG04927,ST0876,EV0189,2026-09-21T11:00:00,registered,false,
RG04928,ST0876,EV0245,2026-09-27T18:00:00,registered,true,
RG04929,ST0877,EV0268,2026-09-03T12:00:00,attended,true,5
RG04930,ST0878,EV0001,2026-09-19T21:00:00,registered,false,
RG04931,ST0878,EV0038,2026-09-30T14:30:00,registered,true,
RG04932,ST0878,EV0181,2026-12-05T17:30:00,registered,false,
RG04933,ST0878,EV0188,2026-11-19T16:00:00,registered,true,
RG04934,ST0879,EV0039,2026-11-09T10:00:00,registered,true,
RG04935,ST0879,EV0040,2026-10-26T01:00:00,registered,false,
RG04936,ST0879,EV0203,2026-10-24T04:00:00,registered,true,
RG04937,ST0880,EV0169,2026-08-20T09:30:00,attended,false,5
RG04938,ST0880,EV0204,2026-08-20T06:00:00,attended,true,
RG04939,ST0880,EV0237,2026-09-07T10:00:00,attended,false,
RG04940,ST0881,EV0047,2026-09-07T02:30:00,no_show,false,
RG04941,ST0881,EV0236,2026-09-29T05:00:00,registered,false,
RG04942,ST0881,EV0245,2026-10-01T17:00:00,registered,true,
RG04943,ST0882,EV0053,2026-08-17T04:00:00,attended,true,4
RG04944,ST0882,EV0054,2026-10-16T02:00:00,registered,false,
RG04945,ST0882,EV0055,2026-09-17T06:00:00,registered,false,
RG04946,ST0882,EV0111,2026-10-24T09:30:00,registered,true,
RG04947,ST0882,EV0116,2026-09-12T23:30:00,attended,false,5
RG04948,ST0882,EV0118,2026-11-03T17:30:00,registered,false,
RG04949,ST0882,EV0119,2026-10-29T06:30:00,registered,true,
RG04950,ST0882,EV0120,2026-09-12T01:30:00,registered,true,
RG04951,ST0882,EV0127,2026-08-28T00:30:00,attended,true,5
RG04952,ST0883,EV0007,2026-09-14T11:00:00,registered,true,
RG04953,ST0883,EV0052,2026-09-24T04:00:00,registered,true,
RG04954,ST0883,EV0053,2026-08-13T09:00:00,attended,false,
RG04955,ST0883,EV0054,2026-10-22T07:00:00,registered,false,
RG04956,ST0883,EV0110,2026-10-23T12:30:00,registered,false,
RG04957,ST0883,EV0119,2026-10-24T08:30:00,registered,false,
RG04958,ST0883,EV0120,2026-09-09T19:30:00,registered,false,
RG04959,ST0883,EV0279,2026-10-20T22:30:00,registered,true,
RG04960,ST0884,EV0015,2026-10-06T04:30:00,registered,false,
RG04961,ST0884,EV0221,2026-12-01T16:30:00,registered,true,
RG04962,ST0885,EV0004,2026-10-08T01:00:00,registered,false,
RG04963,ST0885,EV0144,2026-08-22T13:00:00,attended,false,3
RG04964,ST0885,EV0162,2026-12-02T16:00:00,registered,true,
RG04965,ST0885,EV0172,2026-10-15T13:30:00,registered,false,
RG04966,ST0885,EV0268,2026-09-14T11:00:00,no_show,false,
RG04967,ST0885,EV0278,2026-12-04T16:30:00,registered,true,
RG04968,ST0886,EV0003,2026-09-09T10:00:00,attended,true,4
RG04969,ST0886,EV0031,2026-11-27T23:00:00,registered,false,
RG04970,ST0886,EV0035,2026-10-28T23:00:00,registered,false,
RG04971,ST0886,EV0038,2026-09-22T18:30:00,registered,true,
RG04972,ST0886,EV0128,2026-11-28T00:30:00,registered,false,
RG04973,ST0886,EV0129,2026-09-07T06:30:00,no_show,false,
RG04974,ST0886,EV0263,2026-11-17T23:30:00,registered,false,
RG04975,ST0886,EV0272,2026-11-14T01:30:00,registered,false,
RG04976,ST0887,EV0002,2026-09-28T22:00:00,registered,true,
RG04977,ST0887,EV0010,2026-11-26T11:00:00,registered,false,
RG04978,ST0887,EV0019,2026-09-26T10:00:00,registered,true,
RG04979,ST0887,EV0057,2026-08-19T00:00:00,attended,false,4
RG04980,ST0887,EV0091,2026-11-18T22:30:00,registered,false,
RG04981,ST0887,EV0102,2026-10-23T05:30:00,registered,false,
RG04982,ST0887,EV0122,2026-08-29T09:00:00,attended,false,3
RG04983,ST0887,EV0134,2026-10-05T05:30:00,registered,true,
RG04984,ST0887,EV0220,2026-08-23T13:30:00,attended,false,
RG04985,ST0888,EV0020,2026-10-28T23:00:00,registered,false,
RG04986,ST0888,EV0169,2026-08-24T13:30:00,attended,false,4
RG04987,ST0889,EV0074,2026-11-23T18:00:00,registered,true,
RG04988,ST0889,EV0126,2026-08-20T06:00:00,attended,false,4
RG04989,ST0889,EV0181,2026-12-01T02:30:00,registered,false,
RG04990,ST0889,EV0187,2026-10-21T16:00:00,registered,true,
RG04991,ST0889,EV0189,2026-09-27T04:00:00,registered,true,
RG04992,ST0889,EV0190,2026-11-28T00:00:00,registered,false,
RG04993,ST0889,EV0202,2026-11-13T17:00:00,registered,true,
RG04994,ST0889,EV0244,2026-09-17T06:00:00,registered,false,
RG04995,ST0889,EV0245,2026-10-02T15:00:00,registered,true,
RG04996,ST0889,EV0277,2026-10-28T18:30:00,registered,false,
RG04997,ST0890,EV0077,2026-09-10T02:00:00,attended,true,
RG04998,ST0890,EV0078,2026-11-09T00:00:00,registered,true,
RG04999,ST0890,EV0089,2026-10-29T22:00:00,registered,false,
RG05000,ST0890,EV0090,2026-11-16T21:00:00,registered,true,
RG05001,ST0890,EV0208,2026-10-30T09:30:00,registered,false,
RG05002,ST0890,EV0209,2026-12-01T11:30:00,registered,true,
RG05003,ST0890,EV0238,2026-08-27T23:00:00,attended,false,4
RG05004,ST0890,EV0239,2026-08-22T05:00:00,attended,true,3
RG05005,ST0891,EV0062,2026-09-10T05:00:00,registered,true,
RG05006,ST0891,EV0064,2026-11-28T23:00:00,registered,false,
RG05007,ST0891,EV0130,2026-10-29T15:30:00,registered,false,
RG05008,ST0891,EV0197,2026-11-05T14:30:00,registered,false,
RG05009,ST0891,EV0200,2026-09-28T15:30:00,registered,false,
RG05010,ST0891,EV0267,2026-10-28T00:00:00,registered,false,
RG05011,ST0891,EV0268,2026-09-03T08:00:00,attended,true,5
RG05012,ST0892,EV0076,2026-09-08T10:00:00,registered,false,
RG05013,ST0892,EV0121,2026-12-01T19:00:00,registered,false,
RG05014,ST0892,EV0230,2026-11-28T01:00:00,registered,false,
RG05015,ST0892,EV0232,2026-10-21T04:00:00,registered,true,
RG05016,ST0892,EV0238,2026-09-01T00:00:00,attended,false,4
RG05017,ST0892,EV0242,2026-08-11T08:00:00,attended,false,
RG05018,ST0892,EV0243,2026-10-11T15:00:00,registered,false,
RG05019,ST0892,EV0261,2026-10-09T07:30:00,registered,true,
RG05020,ST0893,EV0060,2026-11-17T05:00:00,registered,false,
RG05021,ST0893,EV0092,2026-11-16T02:00:00,registered,true,
RG05022,ST0893,EV0141,2026-09-14T00:00:00,registered,true,
RG05023,ST0893,EV0173,2026-10-22T15:30:00,registered,true,
RG05024,ST0893,EV0174,2026-11-03T22:30:00,registered,false,
RG05025,ST0893,EV0192,2026-11-29T06:00:00,registered,true,
RG05026,ST0893,EV0194,2026-12-07T00:30:00,registered,false,
RG05027,ST0893,EV0277,2026-10-30T01:30:00,registered,false,
RG05028,ST0893,EV0278,2026-12-04T05:30:00,registered,false,
RG05029,ST0894,EV0112,2026-09-21T08:30:00,registered,true,
RG05030,ST0894,EV0182,2026-08-23T22:30:00,attended,true,4
RG05031,ST0894,EV0210,2026-09-08T09:30:00,registered,false,
RG05032,ST0894,EV0276,2026-08-17T06:00:00,attended,true,
RG05033,ST0895,EV0055,2026-09-12T23:00:00,registered,false,
RG05034,ST0895,EV0110,2026-10-20T19:30:00,registered,false,
RG05035,ST0895,EV0112,2026-09-17T13:30:00,registered,true,
RG05036,ST0895,EV0116,2026-09-06T19:30:00,attended,true,
RG05037,ST0895,EV0119,2026-10-19T13:30:00,registered,true,
RG05038,ST0896,EV0029,2026-09-19T13:00:00,registered,false,
RG05039,ST0896,EV0030,2026-10-10T11:30:00,registered,false,
RG05040,ST0896,EV0129,2026-09-17T05:30:00,attended,true,5
RG05041,ST0896,EV0136,2026-10-26T12:30:00,registered,true,
RG05042,ST0896,EV0137,2026-12-07T03:30:00,registered,false,
RG05043,ST0896,EV0140,2026-09-26T23:30:00,registered,false,
RG05044,ST0896,EV0160,2026-10-28T07:00:00,registered,false,
RG05045,ST0896,EV0162,2026-11-26T11:00:00,registered,true,
RG05046,ST0896,EV0207,2026-09-27T15:00:00,registered,false,
RG05047,ST0897,EV0003,2026-09-10T14:00:00,attended,true,5
RG05048,ST0897,EV0081,2026-09-30T06:00:00,registered,false,
RG05049,ST0897,EV0082,2026-10-15T07:00:00,registered,false,
RG05050,ST0897,EV0092,2026-11-04T00:00:00,registered,true,
RG05051,ST0897,EV0152,2026-09-10T03:30:00,registered,true,
RG05052,ST0897,EV0156,2026-08-21T01:30:00,attended,true,3
RG05053,ST0897,EV0190,2026-11-25T06:00:00,registered,false,
RG05054,ST0897,EV0235,2026-08-18T23:00:00,no_show,false,
RG05055,ST0897,EV0277,2026-10-24T11:30:00,registered,false,
RG05056,ST0897,EV0278,2026-11-30T13:30:00,registered,false,
RG05057,ST0898,EV0002,2026-09-27T18:00:00,registered,true,
RG05058,ST0898,EV0035,2026-10-24T02:00:00,registered,false,
RG05059,ST0898,EV0042,2026-10-31T00:30:00,registered,false,
RG05060,ST0898,EV0111,2026-10-31T13:30:00,registered,true,
RG05061,ST0898,EV0159,2026-12-01T00:00:00,registered,true,
RG05062,ST0898,EV0253,2026-09-23T05:30:00,registered,false,
RG05063,ST0898,EV0273,2026-11-02T16:30:00,registered,true,
RG05064,ST0899,EV0018,2026-11-02T07:00:00,registered,true,
RG05065,ST0899,EV0024,2026-08-25T22:30:00,no_show,false,
RG05066,ST0899,EV0138,2026-09-06T09:30:00,attended,true,4
RG05067,ST0899,EV0140,2026-09-30T18:30:00,registered,true,
RG05068,ST0899,EV0176,2026-10-18T01:00:00,registered,true,
RG05069,ST0899,EV0241,2026-11-11T16:00:00,registered,true,
RG05070,ST0899,EV0267,2026-11-01T16:00:00,registered,false,
RG05071,ST0900,EV0093,2026-10-01T14:00:00,registered,true,
RG05072,ST0900,EV0186,2026-09-26T14:00:00,registered,false,
RG05073,ST0900,EV0190,2026-12-06T02:00:00,registered,false,
RG05074,ST0900,EV0192,2026-12-03T14:00:00,registered,true,
RG05075,ST0900,EV0244,2026-09-24T03:00:00,registered,true,
RG05076,ST0900,EV0245,2026-09-27T08:00:00,registered,false,
RG05077,ST0900,EV0247,2026-09-17T05:00:00,registered,true,
RG05078,ST0900,EV0280,2026-09-20T07:30:00,registered,true,
RG05079,ST0901,EV0064,2026-12-07T13:00:00,registered,false,
RG05080,ST0901,EV0195,2026-09-02T02:30:00,attended,false,
RG05081,ST0901,EV0196,2026-09-25T02:30:00,registered,false,
RG05082,ST0901,EV0217,2026-10-14T10:30:00,registered,false,
RG05083,ST0901,EV0248,2026-10-07T10:00:00,registered,false,
RG05084,ST0901,EV0267,2026-10-29T15:00:00,registered,false,
RG05085,ST0901,EV0268,2026-09-09T13:00:00,attended,true,
RG05086,ST0902,EV0187,2026-10-12T11:00:00,registered,false,
RG05087,ST0902,EV0215,2026-11-26T05:30:00,registered,false,
RG05088,ST0902,EV0218,2026-11-30T13:30:00,registered,false,
RG05089,ST0902,EV0228,2026-09-04T17:00:00,attended,false,4
RG05090,ST0902,EV0229,2026-08-27T05:00:00,attended,false,
RG05091,ST0902,EV0230,2026-11-23T15:00:00,registered,false,
RG05092,ST0902,EV0231,2026-11-30T08:00:00,registered,false,
RG05093,ST0902,EV0237,2026-09-05T23:00:00,attended,false,
RG05094,ST0902,EV0259,2026-10-11T13:00:00,registered,false,
RG05095,ST0902,EV0260,2026-09-29T11:00:00,registered,false,
RG05096,ST0903,EV0001,2026-09-19T02:00:00,registered,false,
RG05097,ST0903,EV0008,2026-08-28T22:00:00,attended,true,5
RG05098,ST0903,EV0177,2026-10-29T18:00:00,registered,true,
RG05099,ST0903,EV0271,2026-10-04T05:00:00,registered,true,
RG05100,ST0903,EV0280,2026-09-18T20:30:00,registered,false,
RG05101,ST0904,EV0007,2026-09-19T06:00:00,registered,false,
RG05102,ST0904,EV0035,2026-10-27T05:00:00,registered,true,
RG05103,ST0904,EV0047,2026-09-08T00:30:00,attended,false,3
RG05104,ST0904,EV0095,2026-10-08T12:00:00,registered,false,
RG05105,ST0904,EV0225,2026-09-07T10:30:00,attended,false,5
RG05106,ST0904,EV0227,2026-09-06T13:30:00,attended,true,4
RG05107,ST0904,EV0247,2026-09-18T00:00:00,registered,true,
RG05108,ST0904,EV0248,2026-10-04T02:00:00,registered,false,
RG05109,ST0904,EV0250,2026-09-15T23:00:00,registered,true,
RG05110,ST0904,EV0261,2026-10-14T02:30:00,registered,false,
RG05111,ST0905,EV0110,2026-10-20T23:30:00,registered,true,
RG05112,ST0905,EV0266,2026-09-04T10:30:00,attended,true,5
RG05113,ST0906,EV0052,2026-09-30T22:00:00,registered,false,
RG05114,ST0906,EV0053,2026-08-21T01:00:00,attended,true,
RG05115,ST0906,EV0111,2026-11-04T17:30:00,registered,false,
RG05116,ST0906,EV0112,2026-09-24T03:30:00,registered,true,
RG05117,ST0906,EV0116,2026-09-06T03:30:00,attended,true,
RG05118,ST0906,EV0119,2026-10-26T03:30:00,registered,false,
RG05119,ST0906,EV0120,2026-09-10T19:30:00,registered,true,
RG05120,ST0906,EV0181,2026-12-07T18:30:00,registered,false,
RG05121,ST0907,EV0142,2026-09-13T00:00:00,registered,false,
RG05122,ST0907,EV0160,2026-10-16T10:00:00,registered,false,
RG05123,ST0908,EV0234,2026-09-07T09:00:00,attended,false,5
RG05124,ST0909,EV0002,2026-09-25T06:00:00,registered,true,
RG05125,ST0909,EV0037,2026-09-07T00:00:00,registered,true,
RG05126,ST0910,EV0020,2026-10-27T20:00:00,registered,false,
RG05127,ST0910,EV0021,2026-11-13T07:00:00,registered,false,
RG05128,ST0910,EV0092,2026-11-10T00:00:00,registered,false,
RG05129,ST0910,EV0104,2026-11-12T06:00:00,registered,true,
RG05130,ST0910,EV0134,2026-10-04T14:30:00,registered,true,
RG05131,ST0910,EV0215,2026-12-06T04:30:00,registered,false,
RG05132,ST0910,EV0276,2026-08-23T14:00:00,no_show,false,
RG05133,ST0911,EV0006,2026-10-11T08:00:00,registered,false,
RG05134,ST0911,EV0022,2026-09-30T14:00:00,registered,false,
RG05135,ST0911,EV0026,2026-11-13T13:00:00,registered,false,
RG05136,ST0911,EV0138,2026-09-03T07:30:00,attended,true,
RG05137,ST0911,EV0139,2026-10-14T23:30:00,registered,true,
RG05138,ST0911,EV0267,2026-11-02T12:00:00,registered,true,
RG05139,ST0911,EV0278,2026-12-04T22:30:00,registered,false,
RG05140,ST0912,EV0051,2026-11-10T13:00:00,registered,false,
RG05141,ST0912,EV0110,2026-10-17T13:30:00,registered,false,
RG05142,ST0912,EV0116,2026-09-10T17:30:00,attended,false,
RG05143,ST0912,EV0120,2026-09-07T19:30:00,registered,false,
RG05144,ST0912,EV0228,2026-09-01T06:00:00,attended,false,
RG05145,ST0913,EV0062,2026-09-16T07:00:00,registered,true,
RG05146,ST0913,EV0064,2026-12-03T10:00:00,registered,false,
RG05147,ST0913,EV0195,2026-09-05T11:30:00,attended,false,
RG05148,ST0913,EV0267,2026-10-24T14:00:00,registered,true,
RG05149,ST0913,EV0272,2026-11-11T23:30:00,registered,false,
RG05150,ST0914,EV0181,2026-12-07T02:30:00,registered,false,
RG05151,ST0914,EV0183,2026-08-26T03:30:00,no_show,false,
RG05152,ST0914,EV0187,2026-10-10T19:00:00,registered,true,
RG05153,ST0915,EV0001,2026-09-15T18:00:00,registered,false,
RG05154,ST0915,EV0059,2026-10-27T18:30:00,registered,false,
RG05155,ST0915,EV0166,2026-10-07T17:00:00,registered,false,
RG05156,ST0915,EV0169,2026-08-11T23:30:00,attended,false,5
RG05157,ST0915,EV0173,2026-10-22T07:30:00,registered,true,
RG05158,ST0915,EV0180,2026-10-07T13:30:00,registered,false,
RG05159,ST0915,EV0189,2026-09-29T13:00:00,registered,true,
RG05160,ST0915,EV0244,2026-09-16T18:00:00,registered,false,
RG05161,ST0916,EV0054,2026-10-17T10:00:00,registered,true,
RG05162,ST0916,EV0055,2026-09-17T07:00:00,registered,false,
RG05163,ST0916,EV0111,2026-11-01T04:30:00,registered,false,
RG05164,ST0916,EV0116,2026-09-13T14:30:00,attended,false,5
RG05165,ST0916,EV0117,2026-12-02T12:30:00,registered,true,
RG05166,ST0916,EV0118,2026-11-01T12:30:00,registered,true,
RG05167,ST0916,EV0119,2026-10-23T01:30:00,registered,true,
RG05168,ST0916,EV0125,2026-11-17T02:00:00,registered,false,
RG05169,ST0916,EV0280,2026-09-23T10:30:00,registered,true,
RG05170,ST0917,EV0001,2026-09-26T07:00:00,registered,true,
RG05171,ST0917,EV0064,2026-12-03T00:00:00,registered,true,
RG05172,ST0917,EV0165,2026-10-05T02:00:00,registered,false,
RG05173,ST0917,EV0170,2026-09-26T23:30:00,registered,false,
RG05174,ST0917,EV0186,2026-09-29T17:00:00,registered,false,
RG05175,ST0917,EV0249,2026-09-03T11:00:00,attended,true,5
RG05176,ST0917,EV0250,2026-09-12T04:00:00,registered,false,
RG05177,ST0918,EV0002,2026-09-23T06:00:00,registered,true,
RG05178,ST0918,EV0082,2026-10-27T06:00:00,registered,true,
RG05179,ST0918,EV0087,2026-09-10T18:00:00,no_show,true,
RG05180,ST0918,EV0088,2026-08-31T04:00:00,attended,true,
RG05181,ST0918,EV0092,2026-11-05T21:00:00,registered,false,
RG05182,ST0918,EV0152,2026-09-18T01:30:00,registered,false,
RG05183,ST0918,EV0157,2026-09-04T19:30:00,no_show,false,
RG05184,ST0918,EV0227,2026-09-14T17:30:00,attended,false,4
RG05185,ST0919,EV0015,2026-10-01T03:30:00,registered,false,
RG05186,ST0919,EV0067,2026-10-21T03:30:00,registered,false,
RG05187,ST0920,EV0134,2026-10-05T08:30:00,registered,false,
RG05188,ST0921,EV0001,2026-09-16T22:00:00,registered,true,
RG05189,ST0921,EV0004,2026-10-05T07:00:00,registered,false,
RG05190,ST0921,EV0072,2026-08-28T14:30:00,attended,true,3
RG05191,ST0921,EV0182,2026-08-21T18:30:00,no_show,false,
RG05192,ST0921,EV0226,2026-09-05T17:30:00,attended,true,
RG05193,ST0922,EV0002,2026-09-28T17:00:00,registered,true,
RG05194,ST0922,EV0151,2026-08-23T07:00:00,no_show,false,
RG05195,ST0922,EV0158,2026-10-03T01:30:00,registered,false,
RG05196,ST0922,EV0226,2026-09-04T16:30:00,attended,true,5
RG05197,ST0922,EV0267,2026-10-28T15:00:00,registered,false,
RG05198,ST0922,EV0272,2026-11-13T21:30:00,registered,false,
RG05199,ST0923,EV0268,2026-09-11T01:00:00,attended,false,
RG05200,ST0923,EV0275,2026-11-16T09:00:00,registered,false,
RG05201,ST0924,EV0093,2026-10-09T00:00:00,registered,true,
RG05202,ST0924,EV0146,2026-10-17T05:00:00,registered,false,
RG05203,ST0925,EV0231,2026-12-07T14:00:00,registered,true,
RG05204,ST0926,EV0004,2026-10-15T01:00:00,registered,true,
RG05205,ST0926,EV0061,2026-08-25T04:00:00,attended,false,
RG05206,ST0926,EV0142,2026-09-15T00:00:00,registered,false,
RG05207,ST0926,EV0169,2026-08-23T22:30:00,attended,false,4
RG05208,ST0926,EV0170,2026-09-20T15:30:00,registered,true,
RG05209,ST0926,EV0196,2026-09-24T23:30:00,registered,false,
RG05210,ST0926,EV0265,2026-08-21T10:30:00,attended,false,
RG05211,ST0926,EV0272,2026-11-12T01:30:00,registered,false,
RG05212,ST0926,EV0277,2026-10-27T09:30:00,registered,true,
RG05213,ST0927,EV0005,2026-10-22T07:30:00,registered,false,
RG05214,ST0927,EV0220,2026-08-26T13:30:00,attended,true,4
RG05215,ST0928,EV0002,2026-09-18T04:00:00,registered,true,
RG05216,ST0928,EV0127,2026-08-27T23:30:00,no_show,false,
RG05217,ST0928,EV0132,2026-09-14T10:30:00,registered,false,
RG05218,ST0928,EV0136,2026-11-02T06:30:00,registered,true,
RG05219,ST0928,EV0151,2026-08-20T14:00:00,attended,false,5
RG05220,ST0928,EV0268,2026-09-05T00:00:00,attended,true,
RG05221,ST0928,EV0276,2026-08-11T05:00:00,attended,true,5
RG05222,ST0929,EV0144,2026-08-26T00:00:00,no_show,false,
RG05223,ST0929,EV0145,2026-11-19T06:00:00,registered,true,
RG05224,ST0929,EV0174,2026-10-29T23:30:00,registered,true,
RG05225,ST0929,EV0194,2026-12-06T00:30:00,registered,false,
RG05226,ST0929,EV0197,2026-11-07T18:30:00,registered,true,
RG05227,ST0929,EV0199,2026-11-08T06:30:00,registered,true,
RG05228,ST0929,EV0202,2026-11-22T23:00:00,registered,true,
RG05229,ST0929,EV0214,2026-11-29T03:30:00,registered,true,
RG05230,ST0930,EV0016,2026-09-21T12:00:00,registered,true,
RG05231,ST0930,EV0022,2026-10-03T02:00:00,registered,true,
RG05232,ST0930,EV0138,2026-08-28T03:30:00,no_show,false,
RG05233,ST0930,EV0140,2026-09-29T03:30:00,registered,true,
RG05234,ST0930,EV0168,2026-09-15T04:00:00,registered,true,
RG05235,ST0930,EV0267,2026-10-24T08:00:00,registered,true,
RG05236,ST0930,EV0268,2026-09-13T23:00:00,attended,false,
RG05237,ST0930,EV0272,2026-11-06T10:30:00,registered,false,
RG05238,ST0930,EV0273,2026-11-02T22:30:00,registered,false,
RG05239,ST0931,EV0003,2026-09-15T05:00:00,attended,false,4
RG05240,ST0931,EV0169,2026-08-22T04:30:00,no_show,false,
RG05241,ST0931,EV0191,2026-11-09T06:00:00,registered,false,
RG05242,ST0931,EV0256,2026-11-04T09:00:00,registered,true,
RG05243,ST0932,EV0057,2026-08-19T13:00:00,attended,false,
RG05244,ST0932,EV0134,2026-09-28T22:30:00,registered,true,
RG05245,ST0933,EV0194,2026-12-06T18:30:00,registered,false,
RG05246,ST0933,EV0230,2026-11-24T11:00:00,registered,true,
RG05247,ST0933,EV0240,2026-09-02T17:00:00,no_show,false,
RG05248,ST0934,EV0192,2026-11-23T16:00:00,registered,false,
RG05249,ST0934,EV0206,2026-08-25T04:00:00,attended,false,5
RG05250,ST0934,EV0247,2026-09-10T06:00:00,registered,false,
RG05251,ST0935,EV0001,2026-09-24T01:00:00,registered,false,
RG05252,ST0935,EV0008,2026-09-05T05:00:00,no_show,false,
RG05253,ST0935,EV0059,2026-10-17T10:30:00,registered,false,
RG05254,ST0935,EV0101,2026-11-27T09:00:00,registered,true,
RG05255,ST0935,EV0110,2026-10-17T00:30:00,registered,false,
RG05256,ST0935,EV0176,2026-10-21T09:00:00,registered,true,
RG05257,ST0935,EV0177,2026-10-31T17:00:00,registered,true,
RG05258,ST0935,EV0198,2026-09-28T11:30:00,registered,true,
RG05259,ST0935,EV0279,2026-10-09T04:30:00,registered,false,
RG05260,ST0935,EV0280,2026-09-20T05:30:00,registered,true,
RG05261,ST0936,EV0141,2026-09-16T10:00:00,registered,false,
RG05262,ST0936,EV0181,2026-12-01T16:30:00,registered,true,
RG05263,ST0936,EV0192,2026-11-22T10:00:00,registered,false,
RG05264,ST0937,EV0008,2026-08-27T05:00:00,no_show,false,
RG05265,ST0937,EV0012,2026-09-14T05:00:00,registered,false,
RG05266,ST0937,EV0065,2026-09-01T23:00:00,attended,true,5
RG05267,ST0937,EV0168,2026-09-13T23:00:00,registered,false,
RG05268,ST0937,EV0169,2026-08-22T11:30:00,attended,false,
RG05269,ST0937,EV0170,2026-09-21T23:30:00,registered,false,
RG05270,ST0937,EV0185,2026-11-03T02:00:00,registered,true,
RG05271,ST0937,EV0189,2026-09-16T03:00:00,registered,false,
RG05272,ST0937,EV0280,2026-09-20T00:30:00,registered,false,
RG05273,ST0938,EV0161,2026-11-11T06:00:00,registered,true,
RG05274,ST0938,EV0181,2026-12-02T13:30:00,registered,true,
RG05275,ST0938,EV0184,2026-09-07T23:30:00,registered,false,
RG05276,ST0938,EV0185,2026-11-14T07:00:00,registered,true,
RG05277,ST0938,EV0186,2026-09-22T06:00:00,registered,false,
RG05278,ST0938,EV0188,2026-11-30T01:00:00,registered,false,
RG05279,ST0938,EV0189,2026-09-26T05:00:00,registered,false,
RG05280,ST0938,EV0274,2026-11-16T08:30:00,registered,true,
RG05281,ST0939,EV0003,2026-09-09T23:00:00,no_show,false,
RG05282,ST0939,EV0006,2026-10-10T04:00:00,registered,true,
RG05283,ST0939,EV0017,2026-08-26T05:30:00,attended,true,
RG05284,ST0939,EV0018,2026-11-14T09:00:00,registered,false,
RG05285,ST0939,EV0022,2026-10-01T10:00:00,registered,true,
RG05286,ST0939,EV0071,2026-10-14T01:00:00,registered,false,
RG05287,ST0939,EV0072,2026-09-06T16:30:00,attended,false,3
RG05288,ST0939,EV0138,2026-08-30T13:30:00,no_show,true,
RG05289,ST0939,EV0268,2026-09-06T15:00:00,attended,false,
RG05290,ST0939,EV0278,2026-12-03T01:30:00,registered,true,
RG05291,ST0940,EV0086,2026-10-12T05:00:00,registered,true,
RG05292,ST0940,EV0138,2026-08-27T07:30:00,attended,false,
RG05293,ST0940,EV0179,2026-11-25T17:30:00,registered,false,
RG05294,ST0941,EV0023,2026-10-30T00:00:00,registered,false,
RG05295,ST0941,EV0192,2026-11-21T16:00:00,registered,false,
RG05296,ST0941,EV0230,2026-12-02T06:00:00,registered,true,
RG05297,ST0941,EV0279,2026-10-16T14:30:00,registered,false,
RG05298,ST0942,EV0240,2026-09-02T08:00:00,attended,false,4
RG05299,ST0943,EV0001,2026-09-15T01:00:00,registered,false,
RG05300,ST0943,EV0005,2026-10-29T23:30:00,registered,true,
RG05301,ST0943,EV0086,2026-10-07T05:00:00,registered,false,
RG05302,ST0943,EV0211,2026-10-23T08:30:00,registered,true,
RG05303,ST0943,EV0216,2026-11-20T03:30:00,registered,false,
RG05304,ST0943,EV0219,2026-10-16T04:30:00,registered,false,
RG05305,ST0943,EV0220,2026-08-20T07:30:00,attended,false,3
RG05306,ST0943,EV0233,2026-11-20T15:00:00,registered,false,
RG05307,ST0943,EV0247,2026-09-14T15:00:00,registered,false,
RG05308,ST0943,EV0260,2026-09-24T01:00:00,registered,true,
RG05309,ST0944,EV0012,2026-09-11T03:00:00,registered,false,
RG05310,ST0944,EV0060,2026-11-13T19:00:00,registered,true,
RG05311,ST0944,EV0065,2026-09-03T05:00:00,attended,true,5
RG05312,ST0944,EV0100,2026-11-18T04:00:00,registered,true,
RG05313,ST0944,EV0173,2026-10-31T16:30:00,registered,false,
RG05314,ST0944,EV0174,2026-10-26T09:30:00,registered,true,
RG05315,ST0944,EV0182,2026-08-18T05:30:00,attended,true,5
RG05316,ST0944,EV0185,2026-11-06T00:00:00,registered,true,
RG05317,ST0945,EV0001,2026-09-22T11:00:00,registered,true,
RG05318,ST0945,EV0008,2026-08-29T04:00:00,attended,true,4
RG05319,ST0945,EV0027,2026-10-08T05:30:00,registered,true,
RG05320,ST0945,EV0059,2026-10-26T10:30:00,registered,false,
RG05321,ST0945,EV0175,2026-08-16T14:00:00,attended,false,3
RG05322,ST0945,EV0176,2026-10-27T08:00:00,registered,false,
RG05323,ST0945,EV0276,2026-08-17T14:00:00,attended,true,3
RG05324,ST0945,EV0279,2026-10-19T23:30:00,registered,false,
RG05325,ST0945,EV0280,2026-09-29T19:30:00,registered,true,
RG05326,ST0946,EV0141,2026-09-23T10:00:00,registered,false,
RG05327,ST0946,EV0142,2026-09-20T09:00:00,registered,true,
RG05328,ST0946,EV0163,2026-10-02T00:00:00,registered,false,
RG05329,ST0946,EV0174,2026-10-31T10:30:00,registered,false,
RG05330,ST0946,EV0193,2026-08-24T01:00:00,attended,false,3
RG05331,ST0946,EV0197,2026-11-05T13:30:00,registered,true,
RG05332,ST0946,EV0278,2026-12-02T10:30:00,registered,true,
RG05333,ST0947,EV0001,2026-09-27T06:00:00,registered,false,
RG05334,ST0947,EV0008,2026-09-07T12:00:00,attended,false,
RG05335,ST0947,EV0027,2026-09-28T08:30:00,registered,false,
RG05336,ST0947,EV0167,2026-09-27T22:00:00,registered,false,
RG05337,ST0947,EV0175,2026-08-18T23:00:00,attended,false,
RG05338,ST0947,EV0176,2026-10-21T22:00:00,registered,false,
RG05339,ST0947,EV0177,2026-11-08T09:00:00,registered,false,
RG05340,ST0947,EV0178,2026-11-20T14:00:00,registered,true,
RG05341,ST0947,EV0279,2026-10-15T05:30:00,registered,true,
RG05342,ST0948,EV0128,2026-11-20T07:30:00,registered,true,
RG05343,ST0949,EV0004,2026-10-07T01:00:00,registered,false,
RG05344,ST0949,EV0062,2026-09-22T13:00:00,registered,false,
RG05345,ST0949,EV0267,2026-11-03T14:00:00,registered,false,
RG05346,ST0949,EV0272,2026-11-07T21:30:00,registered,false,
RG05347,ST0949,EV0274,2026-11-05T17:30:00,registered,true,
RG05348,ST0950,EV0002,2026-09-19T01:00:00,registered,false,
RG05349,ST0950,EV0006,2026-10-18T14:00:00,registered,false,
RG05350,ST0950,EV0017,2026-08-18T10:30:00,no_show,false,
RG05351,ST0950,EV0075,2026-09-18T15:00:00,registered,true,
RG05352,ST0950,EV0131,2026-09-22T05:30:00,registered,true,
RG05353,ST0950,EV0133,2026-08-16T04:30:00,no_show,false,
RG05354,ST0950,EV0159,2026-11-27T10:00:00,registered,true,
RG05355,ST0950,EV0161,2026-11-12T00:00:00,registered,true,
RG05356,ST0950,EV0236,2026-09-24T15:00:00,registered,false,
RG05357,ST0951,EV0146,2026-10-17T07:00:00,registered,false,
RG05358,ST0951,EV0173,2026-10-21T14:30:00,registered,false,
RG05359,ST0951,EV0267,2026-10-26T03:00:00,registered,true,
RG05360,ST0952,EV0005,2026-10-23T02:30:00,registered,true,
RG05361,ST0952,EV0074,2026-11-15T10:00:00,registered,true,
RG05362,ST0952,EV0218,2026-11-26T12:30:00,registered,true,
RG05363,ST0952,EV0220,2026-08-30T05:30:00,attended,true,
RG05364,ST0952,EV0235,2026-08-31T06:00:00,attended,false,4
RG05365,ST0952,EV0236,2026-10-06T11:00:00,registered,true,
RG05366,ST0952,EV0261,2026-10-10T11:30:00,registered,false,
RG05367,ST0953,EV0012,2026-09-13T06:00:00,registered,false,
RG05368,ST0953,EV0155,2026-09-20T06:30:00,registered,false,
RG05369,ST0953,EV0156,2026-08-24T06:30:00,attended,false,4
RG05370,ST0953,EV0173,2026-10-27T08:30:00,registered,false,
RG05371,ST0953,EV0277,2026-11-01T02:30:00,registered,false,
RG05372,ST0954,EV0054,2026-10-25T16:00:00,registered,true,
RG05373,ST0954,EV0068,2026-11-15T08:00:00,registered,false,
RG05374,ST0954,EV0072,2026-09-02T04:30:00,attended,false,5
RG05375,ST0954,EV0174,2026-11-04T16:30:00,registered,false,
RG05376,ST0954,EV0192,2026-11-26T06:00:00,registered,false,
RG05377,ST0954,EV0280,2026-09-28T21:30:00,registered,false,
RG05378,ST0955,EV0093,2026-10-09T17:00:00,registered,false,
RG05379,ST0955,EV0094,2026-11-23T06:30:00,registered,true,
RG05380,ST0955,EV0149,2026-10-18T03:00:00,registered,true,
RG05381,ST0956,EV0073,2026-11-03T00:00:00,registered,false,
RG05382,ST0956,EV0148,2026-09-22T12:00:00,registered,false,
RG05383,ST0956,EV0201,2026-10-26T00:00:00,registered,false,
RG05384,ST0956,EV0232,2026-10-14T06:00:00,registered,false,
RG05385,ST0956,EV0235,2026-08-31T05:00:00,no_show,false,
RG05386,ST0956,EV0243,2026-10-06T04:00:00,registered,false,
RG05387,ST0957,EV0006,2026-10-19T06:00:00,registered,true,
RG05388,ST0957,EV0037,2026-09-06T23:00:00,registered,true,
RG05389,ST0957,EV0039,2026-11-20T08:00:00,registered,true,
RG05390,ST0957,EV0044,2026-10-21T03:00:00,registered,false,
RG05391,ST0957,EV0109,2026-09-12T03:30:00,attended,true,5
RG05392,ST0957,EV0110,2026-10-17T16:30:00,registered,false,
RG05393,ST0957,EV0112,2026-09-22T23:30:00,registered,false,
RG05394,ST0957,EV0130,2026-10-29T10:30:00,registered,false,
RG05395,ST0957,EV0135,2026-10-16T00:30:00,registered,true,
RG05396,ST0957,EV0279,2026-10-19T02:30:00,registered,false,
RG05397,ST0958,EV0056,2026-09-23T08:30:00,registered,false,
RG05398,ST0958,EV0176,2026-10-20T12:00:00,registered,true,
RG05399,ST0959,EV0101,2026-11-29T05:00:00,registered,false,
RG05400,ST0959,EV0118,2026-10-30T10:30:00,registered,false,
RG05401,ST0959,EV0168,2026-09-16T12:00:00,registered,false,
RG05402,ST0959,EV0183,2026-09-01T03:30:00,attended,true,4
RG05403,ST0960,EV0026,2026-11-25T08:00:00,registered,true,
RG05404,ST0960,EV0104,2026-11-14T18:00:00,registered,true,
RG05405,ST0960,EV0119,2026-10-29T10:30:00,registered,false,
RG05406,ST0960,EV0179,2026-11-29T10:30:00,registered,true,
RG05407,ST0961,EV0076,2026-09-19T17:00:00,registered,true,
RG05408,ST0961,EV0209,2026-11-25T08:30:00,registered,true,
RG05409,ST0961,EV0211,2026-10-17T23:30:00,registered,false,
RG05410,ST0961,EV0230,2026-11-25T09:00:00,registered,true,
RG05411,ST0961,EV0234,2026-08-31T16:00:00,no_show,true,
RG05412,ST0961,EV0239,2026-08-31T01:00:00,no_show,false,
RG05413,ST0961,EV0241,2026-11-21T00:00:00,registered,true,
RG05414,ST0961,EV0242,2026-08-10T03:00:00,no_show,false,
RG05415,ST0962,EV0197,2026-11-08T05:30:00,registered,true,
RG05416,ST0963,EV0031,2026-11-29T13:00:00,registered,false,
RG05417,ST0963,EV0114,2026-08-29T07:00:00,attended,false,3
RG05418,ST0963,EV0201,2026-11-03T02:00:00,registered,true,
RG05419,ST0964,EV0075,2026-09-23T13:00:00,registered,true,
RG05420,ST0964,EV0076,2026-09-20T06:00:00,registered,true,
RG05421,ST0964,EV0083,2026-10-03T00:00:00,registered,false,
RG05422,ST0964,EV0106,2026-10-09T09:30:00,registered,true,
RG05423,ST0964,EV0230,2026-12-06T02:00:00,registered,true,
RG05424,ST0964,EV0237,2026-09-06T18:00:00,no_show,false,
RG05425,ST0964,EV0265,2026-08-18T01:30:00,attended,true,5
RG05426,ST0965,EV0052,2026-09-24T02:00:00,registered,false,
RG05427,ST0965,EV0053,2026-08-13T21:00:00,no_show,false,
RG05428,ST0965,EV0055,2026-09-23T09:00:00,registered,false,
RG05429,ST0965,EV0071,2026-10-20T01:00:00,registered,true,
RG05430,ST0965,EV0092,2026-11-08T06:00:00,registered,false,
RG05431,ST0965,EV0110,2026-10-24T00:30:00,registered,true,
RG05432,ST0965,EV0112,2026-09-21T07:30:00,registered,true,
RG05433,ST0965,EV0280,2026-09-29T11:30:00,registered,true,
RG05434,ST0966,EV0003,2026-09-11T06:00:00,attended,false,3
RG05435,ST0966,EV0084,2026-09-30T13:00:00,registered,false,
RG05436,ST0966,EV0087,2026-09-09T17:00:00,attended,true,5
RG05437,ST0966,EV0091,2026-11-12T16:30:00,registered,false,
RG05438,ST0966,EV0125,2026-11-25T15:00:00,registered,false,
RG05439,ST0966,EV0153,2026-09-10T07:30:00,attended,true,
RG05440,ST0966,EV0156,2026-08-17T23:30:00,no_show,false,
RG05441,ST0966,EV0266,2026-09-04T01:30:00,attended,false,5
RG05442,ST0966,EV0277,2026-11-02T08:30:00,registered,true,
RG05443,ST0966,EV0278,2026-11-25T11:30:00,registered,false,
RG05444,ST0967,EV0232,2026-10-21T15:00:00,registered,true,
RG05445,ST0967,EV0235,2026-08-29T07:00:00,attended,false,4
RG05446,ST0967,EV0265,2026-08-30T05:30:00,no_show,false,
RG05447,ST0968,EV0045,2026-11-17T17:00:00,registered,true,
RG05448,ST0968,EV0098,2026-09-24T02:00:00,registered,false,
RG05449,ST0968,EV0180,2026-10-07T01:30:00,registered,false,
RG05450,ST0968,EV0183,2026-09-02T12:30:00,attended,false,3
RG05451,ST0968,EV0245,2026-10-03T14:00:00,registered,false,
RG05452,ST0968,EV0246,2026-09-07T12:00:00,attended,true,4
RG05453,ST0968,EV0278,2026-12-05T11:30:00,registered,true,
RG05454,ST0969,EV0074,2026-11-22T09:00:00,registered,true,
RG05455,ST0969,EV0104,2026-11-07T21:00:00,registered,false,
RG05456,ST0969,EV0148,2026-09-25T17:00:00,registered,false,
RG05457,ST0970,EV0007,2026-09-19T02:00:00,registered,true,
RG05458,ST0970,EV0097,2026-10-15T00:00:00,registered,false,
RG05459,ST0971,EV0106,2026-10-12T23:30:00,registered,true,
RG05460,ST0971,EV0116,2026-09-11T03:30:00,attended,true,
RG05461,ST0971,EV0276,2026-08-16T08:00:00,attended,true,3
RG05462,ST0972,EV0073,2026-11-10T08:00:00,registered,true,
RG05463,ST0972,EV0147,2026-09-04T05:00:00,attended,false,5
RG05464,ST0972,EV0201,2026-11-06T13:00:00,registered,true,
RG05465,ST0972,EV0205,2026-10-10T05:00:00,registered,true,
RG05466,ST0972,EV0234,2026-08-28T15:00:00,attended,true,4
RG05467,ST0972,EV0235,2026-08-24T03:00:00,attended,true,
RG05468,ST0972,EV0236,2026-09-26T03:00:00,registered,false,
RG05469,ST0973,EV0002,2026-09-29T04:00:00,registered,true,
RG05470,ST0973,EV0021,2026-11-26T17:00:00,registered,false,
RG05471,ST0974,EV0101,2026-11-21T14:00:00,registered,true,
RG05472,ST0974,EV0141,2026-09-23T12:00:00,registered,false,
RG05473,ST0974,EV0143,2026-08-18T07:00:00,attended,false,
RG05474,ST0974,EV0161,2026-11-20T01:00:00,registered,false,
RG05475,ST0974,EV0173,2026-10-25T14:30:00,registered,false,
RG05476,ST0974,EV0174,2026-11-04T11:30:00,registered,true,
RG05477,ST0974,EV0193,2026-08-24T08:00:00,attended,true,5
RG05478,ST0974,EV0198,2026-09-26T04:30:00,registered,true,
RG05479,ST0974,EV0268,2026-09-15T15:00:00,attended,true,4
RG05480,ST0974,EV0273,2026-10-30T03:30:00,registered,true,
RG05481,ST0975,EV0026,2026-11-17T07:00:00,registered,true,
RG05482,ST0975,EV0093,2026-10-03T17:00:00,registered,true,
RG05483,ST0975,EV0180,2026-10-17T02:30:00,registered,true,
RG05484,ST0975,EV0188,2026-11-26T10:00:00,registered,true,
RG05485,ST0975,EV0191,2026-11-10T02:00:00,registered,true,
RG05486,ST0975,EV0192,2026-11-21T10:00:00,registered,false,
RG05487,ST0975,EV0231,2026-12-06T23:00:00,registered,false,
RG05488,ST0975,EV0245,2026-09-30T10:00:00,registered,false,
RG05489,ST0976,EV0040,2026-11-07T03:00:00,registered,true,
RG05490,ST0976,EV0051,2026-11-02T13:00:00,registered,false,
RG05491,ST0976,EV0055,2026-09-13T21:00:00,registered,true,
RG05492,ST0976,EV0071,2026-10-08T17:00:00,registered,false,
RG05493,ST0976,EV0193,2026-08-18T13:00:00,attended,true,5
RG05494,ST0977,EV0002,2026-09-23T18:00:00,registered,false,
RG05495,ST0977,EV0003,2026-09-11T03:00:00,attended,false,
RG05496,ST0977,EV0019,2026-09-25T19:00:00,registered,true,
RG05497,ST0977,EV0021,2026-11-25T07:00:00,registered,false,
RG05498,ST0977,EV0048,2026-11-09T19:00:00,registered,true,
RG05499,ST0977,EV0265,2026-08-20T20:30:00,no_show,false,
RG05500,ST0978,EV0052,2026-09-23T21:00:00,registered,false,
RG05501,ST0978,EV0053,2026-08-22T03:00:00,no_show,false,
RG05502,ST0978,EV0111,2026-10-29T02:30:00,registered,true,
RG05503,ST0978,EV0112,2026-09-21T10:30:00,registered,true,
RG05504,ST0978,EV0117,2026-11-26T13:30:00,registered,true,
RG05505,ST0978,EV0118,2026-10-31T14:30:00,registered,false,
RG05506,ST0978,EV0119,2026-10-26T02:30:00,registered,true,
RG05507,ST0978,EV0235,2026-08-27T07:00:00,attended,false,4
RG05508,ST0978,EV0279,2026-10-21T04:30:00,registered,true,
RG05509,ST0979,EV0094,2026-11-23T14:30:00,registered,true,
RG05510,ST0979,EV0128,2026-11-28T17:30:00,registered,true,
RG05511,ST0979,EV0130,2026-10-27T05:30:00,registered,false,
RG05512,ST0979,EV0133,2026-08-16T03:30:00,attended,true,
RG05513,ST0979,EV0146,2026-10-20T01:00:00,registered,false,
RG05514,ST0979,EV0149,2026-10-17T12:00:00,registered,false,
RG05515,ST0979,EV0150,2026-10-31T22:00:00,registered,true,
RG05516,ST0979,EV0151,2026-08-12T23:00:00,attended,false,
RG05517,ST0980,EV0003,2026-09-03T22:00:00,attended,false,4
RG05518,ST0980,EV0008,2026-08-26T22:00:00,no_show,false,
RG05519,ST0980,EV0024,2026-08-26T18:30:00,attended,true,4
RG05520,ST0980,EV0041,2026-09-28T10:00:00,registered,false,
RG05521,ST0981,EV0064,2026-12-04T11:00:00,registered,true,
RG05522,ST0981,EV0180,2026-10-06T17:30:00,registered,true,
RG05523,ST0981,EV0189,2026-09-18T03:00:00,registered,false,
RG05524,ST0981,EV0203,2026-10-25T05:00:00,registered,true,
RG05525,ST0981,EV0244,2026-09-20T18:00:00,registered,true,
RG05526,ST0981,EV0258,2026-10-30T13:00:00,registered,true,
RG05527,ST0981,EV0279,2026-10-12T22:30:00,registered,false,
RG05528,ST0982,EV0003,2026-09-09T18:00:00,attended,false,
RG05529,ST0982,EV0039,2026-11-11T08:00:00,registered,false,
RG05530,ST0982,EV0086,2026-10-11T07:00:00,registered,true,
RG05531,ST0982,EV0110,2026-10-19T18:30:00,registered,false,
RG05532,ST0982,EV0111,2026-11-04T13:30:00,registered,false,
RG05533,ST0982,EV0164,2026-10-15T14:00:00,registered,false,
RG05534,ST0982,EV0266,2026-09-01T03:30:00,attended,true,5
RG05535,ST0982,EV0271,2026-09-29T12:00:00,registered,false,
RG05536,ST0982,EV0272,2026-11-03T06:30:00,registered,false,
RG05537,ST0983,EV0086,2026-10-16T07:00:00,registered,true,
RG05538,ST0983,EV0215,2026-11-28T23:30:00,registered,false,
RG05539,ST0983,EV0216,2026-11-23T13:30:00,registered,false,
RG05540,ST0983,EV0229,2026-08-28T15:00:00,attended,true,
RG05541,ST0983,EV0230,2026-11-27T17:00:00,registered,false,
RG05542,ST0983,EV0231,2026-11-28T18:00:00,registered,false,
RG05543,ST0983,EV0233,2026-11-25T05:00:00,registered,false,
RG05544,ST0984,EV0065,2026-09-03T04:00:00,attended,true,
RG05545,ST0984,EV0273,2026-10-31T18:30:00,registered,false,
RG05546,ST0985,EV0062,2026-09-18T22:00:00,registered,false,
RG05547,ST0985,EV0267,2026-10-25T15:00:00,registered,false,
RG05548,ST0985,EV0268,2026-09-04T22:00:00,attended,true,4
RG05549,ST0986,EV0061,2026-08-22T02:00:00,no_show,false,
RG05550,ST0986,EV0245,2026-10-05T17:00:00,registered,true,
RG05551,ST0986,EV0247,2026-09-22T11:00:00,registered,true,
RG05552,ST0986,EV0280,2026-09-25T11:30:00,registered,true,
RG05553,ST0987,EV0158,2026-10-05T14:30:00,registered,true,
RG05554,ST0987,EV0241,2026-11-22T00:00:00,registered,true,
RG05555,ST0987,EV0251,2026-10-08T09:30:00,registered,false,
RG05556,ST0987,EV0267,2026-11-03T23:00:00,registered,false,
RG05557,ST0987,EV0268,2026-09-04T02:00:00,attended,false,3
RG05558,ST0987,EV0272,2026-11-03T10:30:00,registered,true,
RG05559,ST0988,EV0064,2026-11-24T23:00:00,registered,false,
RG05560,ST0988,EV0095,2026-10-04T02:00:00,registered,false,
RG05561,ST0988,EV0096,2026-09-12T20:00:00,registered,true,
RG05562,ST0988,EV0244,2026-09-20T11:00:00,registered,true,
RG05563,ST0988,EV0245,2026-10-01T07:00:00,registered,false,
RG05564,ST0988,EV0248,2026-10-12T22:00:00,registered,true,
RG05565,ST0988,EV0250,2026-09-16T03:00:00,registered,true,
RG05566,ST0988,EV0260,2026-09-19T11:00:00,registered,true,
RG05567,ST0988,EV0275,2026-11-10T04:00:00,registered,true,
RG05568,ST0989,EV0021,2026-11-22T14:00:00,registered,false,
RG05569,ST0989,EV0023,2026-10-30T07:00:00,registered,false,
RG05570,ST0989,EV0048,2026-11-07T20:00:00,registered,false,
RG05571,ST0989,EV0125,2026-11-24T03:00:00,registered,false,
RG05572,ST0989,EV0166,2026-10-12T11:00:00,registered,true,
RG05573,ST0990,EV0009,2026-10-19T09:00:00,registered,false,
RG05574,ST0990,EV0132,2026-09-23T16:30:00,registered,false,
RG05575,ST0990,EV0198,2026-09-24T12:30:00,registered,true,
RG05576,ST0991,EV0009,2026-10-13T16:00:00,registered,false,
RG05577,ST0991,EV0229,2026-08-29T08:00:00,attended,false,4
RG05578,ST0991,EV0232,2026-10-14T06:00:00,registered,false,
RG05579,ST0991,EV0238,2026-08-26T00:00:00,attended,false,
RG05580,ST0992,EV0072,2026-09-08T16:30:00,attended,false,5
RG05581,ST0992,EV0119,2026-10-23T01:30:00,registered,false,
RG05582,ST0992,EV0197,2026-11-09T08:30:00,registered,true,
RG05583,ST0992,EV0198,2026-09-24T13:30:00,registered,false,
RG05584,ST0992,EV0200,2026-09-24T09:30:00,registered,false,
RG05585,ST0992,EV0267,2026-10-23T15:00:00,registered,true,
RG05586,ST0992,EV0272,2026-11-13T04:30:00,registered,true,
RG05587,ST0993,EV0054,2026-10-24T16:00:00,registered,false,
RG05588,ST0993,EV0111,2026-10-31T06:30:00,registered,false,
RG05589,ST0993,EV0116,2026-09-16T14:30:00,attended,false,3
RG05590,ST0993,EV0118,2026-11-06T23:30:00,registered,false,
RG05591,ST0993,EV0279,2026-10-09T14:30:00,registered,false,
RG05592,ST0993,EV0280,2026-10-01T11:30:00,registered,true,
RG05593,ST0994,EV0001,2026-09-14T18:00:00,registered,true,
RG05594,ST0994,EV0066,2026-11-05T11:00:00,registered,true,
RG05595,ST0994,EV0187,2026-10-09T05:00:00,registered,false,
RG05596,ST0994,EV0218,2026-12-09T10:30:00,registered,false,
RG05597,ST0994,EV0231,2026-12-05T02:00:00,registered,true,
RG05598,ST0994,EV0232,2026-10-14T17:00:00,registered,false,
RG05599,ST0994,EV0236,2026-10-04T11:00:00,registered,false,
RG05600,ST0994,EV0237,2026-09-07T10:00:00,no_show,false,
RG05601,ST0995,EV0007,2026-09-16T21:00:00,registered,true,
RG05602,ST0995,EV0012,2026-09-13T11:00:00,registered,true,
RG05603,ST0995,EV0064,2026-11-28T22:00:00,registered,false,
RG05604,ST0995,EV0167,2026-10-08T07:00:00,registered,false,
RG05605,ST0995,EV0170,2026-09-19T09:30:00,registered,false,
RG05606,ST0995,EV0181,2026-12-07T12:30:00,registered,false,
RG05607,ST0995,EV0184,2026-09-16T07:30:00,registered,true,
RG05608,ST0995,EV0188,2026-11-24T08:00:00,registered,true,
RG05609,ST0996,EV0028,2026-09-04T06:30:00,attended,false,5
RG05610,ST0996,EV0060,2026-11-23T20:00:00,registered,false,
RG05611,ST0996,EV0172,2026-10-18T16:30:00,registered,false,
RG05612,ST0996,EV0173,2026-10-21T06:30:00,registered,false,
RG05613,ST0996,EV0179,2026-11-25T06:30:00,registered,true,
RG05614,ST0996,EV0187,2026-10-20T07:00:00,registered,true,
RG05615,ST0996,EV0248,2026-10-10T02:00:00,registered,true,
RG05616,ST0997,EV0086,2026-10-08T07:00:00,registered,false,
RG05617,ST0997,EV0218,2026-12-08T06:30:00,registered,false,
RG05618,ST0997,EV0221,2026-12-03T16:30:00,registered,true,
RG05619,ST0997,EV0228,2026-08-27T17:00:00,no_show,true,
RG05620,ST0998,EV0036,2026-10-03T03:00:00,registered,true,
RG05621,ST0998,EV0050,2026-10-17T09:00:00,registered,false,
RG05622,ST0998,EV0055,2026-09-24T01:00:00,registered,false,
RG05623,ST0998,EV0071,2026-10-16T02:00:00,registered,false,
RG05624,ST0998,EV0192,2026-12-02T10:00:00,registered,false,
RG05625,ST0998,EV0223,2026-10-19T05:30:00,registered,true,
RG05626,ST0999,EV0039,2026-11-17T17:00:00,registered,false,
RG05627,ST0999,EV0049,2026-08-14T22:30:00,no_show,false,
RG05628,ST0999,EV0112,2026-09-20T18:30:00,registered,true,
RG05629,ST0999,EV0226,2026-08-26T02:30:00,attended,false,
RG05630,ST0999,EV0267,2026-11-04T03:00:00,registered,true,
RG05631,ST1000,EV0215,2026-11-27T11:30:00,registered,true,
RG05632,ST1000,EV0233,2026-11-26T12:00:00,registered,false,
RG05633,ST1000,EV0234,2026-08-30T13:00:00,attended,true,
RG05634,ST1000,EV0237,2026-08-29T17:00:00,attended,false,4
RG05635,ST1001,EV0005,2026-10-24T12:30:00,registered,false,
RG05636,ST1001,EV0110,2026-10-13T03:30:00,registered,false,
RG05637,ST1001,EV0217,2026-10-12T19:30:00,registered,true,
RG05638,ST1001,EV0220,2026-08-30T07:30:00,attended,true,4
RG05639,ST1001,EV0228,2026-08-28T07:00:00,no_show,false,
RG05640,ST1001,EV0229,2026-09-03T00:00:00,no_show,false,
RG05641,ST1001,EV0234,2026-09-05T10:00:00,attended,true,3
RG05642,ST1001,EV0237,2026-09-03T05:00:00,no_show,true,
RG05643,ST1001,EV0260,2026-09-20T20:00:00,registered,true,
RG05644,ST1002,EV0012,2026-09-20T17:00:00,registered,true,
RG05645,ST1002,EV0014,2026-11-03T23:30:00,registered,false,
RG05646,ST1002,EV0031,2026-11-27T22:00:00,registered,true,
RG05647,ST1002,EV0165,2026-10-12T06:00:00,registered,true,
RG05648,ST1002,EV0186,2026-09-26T11:00:00,registered,true,
RG05649,ST1002,EV0247,2026-09-13T15:00:00,registered,true,
RG05650,ST1002,EV0277,2026-10-23T03:30:00,registered,false,
RG05651,ST1002,EV0279,2026-10-19T16:30:00,registered,true,
RG05652,ST1003,EV0003,2026-09-09T14:00:00,attended,true,
RG05653,ST1003,EV0052,2026-10-05T05:00:00,registered,true,
RG05654,ST1003,EV0053,2026-08-15T06:00:00,attended,true,
RG05655,ST1003,EV0054,2026-10-21T01:00:00,registered,false,
RG05656,ST1003,EV0110,2026-10-21T00:30:00,registered,false,
RG05657,ST1003,EV0111,2026-10-27T14:30:00,registered,false,
RG05658,ST1003,EV0112,2026-09-20T23:30:00,registered,true,
RG05659,ST1003,EV0118,2026-10-30T15:30:00,registered,true,
RG05660,ST1003,EV0120,2026-09-09T07:30:00,registered,true,
RG05661,ST1004,EV0032,2026-09-05T21:00:00,no_show,false,
RG05662,ST1004,EV0130,2026-10-18T16:30:00,registered,true,
RG05663,ST1004,EV0163,2026-10-05T00:00:00,registered,true,
RG05664,ST1005,EV0001,2026-09-15T20:00:00,registered,false,
RG05665,ST1005,EV0108,2026-09-21T08:30:00,registered,true,
RG05666,ST1005,EV0278,2026-11-25T03:30:00,registered,false,
RG05667,ST1006,EV0114,2026-08-26T07:00:00,attended,true,
RG05668,ST1006,EV0266,2026-08-25T23:30:00,attended,true,4
RG05669,ST1006,EV0269,2026-09-23T13:00:00,registered,true,
RG05670,ST1006,EV0276,2026-08-20T20:00:00,attended,true,3
RG05671,ST1007,EV0097,2026-10-15T09:00:00,registered,true,
RG05672,ST1007,EV0158,2026-09-28T16:30:00,registered,true,
RG05673,ST1007,EV0162,2026-11-23T16:00:00,registered,false,
RG05674,ST1007,EV0222,2026-11-24T08:30:00,registered,false,
RG05675,ST1007,EV0224,2026-08-22T04:30:00,no_show,true,
RG05676,ST1007,EV0244,2026-09-23T15:00:00,registered,true,
RG05677,ST1007,EV0279,2026-10-09T08:30:00,registered,true,
RG05678,ST1008,EV0236,2026-10-02T07:00:00,registered,false,
RG05679,ST1009,EV0117,2026-11-27T02:30:00,registered,true,
RG05680,ST1009,EV0128,2026-11-22T11:30:00,registered,false,
RG05681,ST1009,EV0129,2026-09-08T15:30:00,attended,false,
RG05682,ST1009,EV0131,2026-09-22T08:30:00,registered,false,
RG05683,ST1009,EV0132,2026-09-16T17:30:00,registered,true,
RG05684,ST1009,EV0135,2026-10-21T02:30:00,registered,false,
RG05685,ST1009,EV0148,2026-10-03T02:00:00,registered,false,
RG05686,ST1009,EV0151,2026-08-20T09:00:00,attended,false,
RG05687,ST1009,EV0268,2026-09-15T02:00:00,attended,true,5
RG05688,ST1010,EV0052,2026-09-26T06:00:00,registered,true,
RG05689,ST1010,EV0053,2026-08-24T23:00:00,attended,false,
RG05690,ST1010,EV0143,2026-08-20T22:00:00,attended,false,4
RG05691,ST1011,EV0005,2026-10-25T06:30:00,registered,true,
RG05692,ST1011,EV0056,2026-09-26T09:30:00,registered,false,
RG05693,ST1011,EV0219,2026-10-26T11:30:00,registered,true,
RG05694,ST1011,EV0260,2026-09-23T07:00:00,registered,false,
RG05695,ST1012,EV0050,2026-10-24T06:00:00,registered,false,
RG05696,ST1012,EV0113,2026-10-20T19:00:00,registered,true,
RG05697,ST1012,EV0146,2026-10-27T15:00:00,registered,true,
RG05698,ST1012,EV0148,2026-09-23T09:00:00,registered,false,
RG05699,ST1013,EV0072,2026-08-27T16:30:00,attended,false,4
RG05700,ST1013,EV0076,2026-09-18T09:00:00,registered,false,
RG05701,ST1013,EV0078,2026-11-08T08:00:00,registered,false,
RG05702,ST1013,EV0081,2026-09-30T19:00:00,registered,true,
RG05703,ST1013,EV0212,2026-10-25T15:30:00,registered,true,
RG05704,ST1013,EV0213,2026-08-29T18:30:00,no_show,true,
RG05705,ST1013,EV0228,2026-08-31T15:00:00,attended,true,3
RG05706,ST1013,EV0231,2026-11-25T14:00:00,registered,true,
RG05707,ST1013,EV0259,2026-10-05T04:00:00,registered,true,
RG05708,ST1014,EV0133,2026-08-20T10:30:00,attended,true,5
RG05709,ST1014,EV0211,2026-10-24T04:30:00,registered,false,
RG05710,ST1014,EV0243,2026-10-11T08:00:00,registered,true,
RG05711,ST1014,EV0260,2026-09-17T04:00:00,registered,true,
RG05712,ST1015,EV0023,2026-10-29T00:00:00,registered,true,
RG05713,ST1015,EV0061,2026-08-24T08:00:00,attended,true,
RG05714,ST1015,EV0082,2026-10-22T02:00:00,registered,true,
RG05715,ST1015,EV0198,2026-09-20T06:30:00,registered,false,
RG05716,ST1016,EV0014,2026-11-07T18:30:00,registered,true,
RG05717,ST1016,EV0065,2026-09-01T00:00:00,attended,false,3
RG05718,ST1016,EV0188,2026-11-20T19:00:00,registered,false,
RG05719,ST1016,EV0190,2026-12-07T17:00:00,registered,false,
RG05720,ST1016,EV0249,2026-09-06T11:00:00,attended,false,4
RG05721,ST1016,EV0262,2026-10-16T03:30:00,registered,true,
RG05722,ST1017,EV0003,2026-09-05T03:00:00,attended,true,
RG05723,ST1017,EV0036,2026-10-02T18:00:00,registered,false,
RG05724,ST1017,EV0037,2026-09-19T07:00:00,registered,true,
RG05725,ST1017,EV0070,2026-10-13T20:00:00,registered,true,
RG05726,ST1017,EV0128,2026-11-29T09:30:00,registered,false,
RG05727,ST1017,EV0133,2026-08-15T11:30:00,attended,false,5
RG05728,ST1017,EV0233,2026-11-20T01:00:00,registered,true,
RG05729,ST1017,EV0263,2026-11-21T11:30:00,registered,true,
RG05730,ST1017,EV0276,2026-08-12T15:00:00,attended,true,
RG05731,ST1018,EV0174,2026-10-28T06:30:00,registered,true,
RG05732,ST1018,EV0194,2026-12-02T23:30:00,registered,true,
RG05733,ST1018,EV0268,2026-09-08T04:00:00,no_show,true,
RG05734,ST1019,EV0004,2026-10-05T23:00:00,registered,false,
RG05735,ST1019,EV0062,2026-09-12T09:00:00,registered,true,
RG05736,ST1019,EV0247,2026-09-16T11:00:00,registered,true,
RG05737,ST1020,EV0064,2026-11-28T16:00:00,registered,true,
RG05738,ST1020,EV0101,2026-12-01T00:00:00,registered,false,
RG05739,ST1020,EV0164,2026-10-08T01:00:00,registered,false,
RG05740,ST1020,EV0170,2026-09-27T16:30:00,registered,false,
RG05741,ST1020,EV0184,2026-09-08T07:30:00,registered,false,
RG05742,ST1020,EV0185,2026-11-09T15:00:00,registered,false,
RG05743,ST1020,EV0186,2026-09-19T10:00:00,registered,false,
RG05744,ST1020,EV0195,2026-08-25T04:30:00,attended,true,4
RG05745,ST1020,EV0243,2026-10-17T08:00:00,registered,false,
RG05746,ST1020,EV0247,2026-09-18T03:00:00,registered,true,
RG05747,ST1021,EV0033,2026-10-15T07:00:00,registered,false,
RG05748,ST1021,EV0064,2026-12-07T09:00:00,registered,false,
RG05749,ST1021,EV0086,2026-10-13T07:00:00,registered,true,
RG05750,ST1021,EV0195,2026-09-02T04:30:00,attended,false,
RG05751,ST1021,EV0199,2026-11-10T13:30:00,registered,true,
RG05752,ST1021,EV0267,2026-10-28T02:00:00,registered,false,
RG05753,ST1021,EV0268,2026-09-09T05:00:00,attended,true,5
RG05754,ST1022,EV0093,2026-10-09T07:00:00,registered,true,
RG05755,ST1022,EV0127,2026-08-21T00:30:00,attended,true,3
RG05756,ST1022,EV0128,2026-11-28T03:30:00,registered,false,
RG05757,ST1022,EV0130,2026-10-22T17:30:00,registered,true,
RG05758,ST1022,EV0136,2026-10-30T01:30:00,registered,true,
RG05759,ST1022,EV0146,2026-10-22T02:00:00,registered,true,
RG05760,ST1022,EV0147,2026-08-27T06:00:00,attended,false,
RG05761,ST1022,EV0273,2026-11-03T19:30:00,registered,false,
RG05762,ST1023,EV0002,2026-09-22T06:00:00,registered,false,
RG05763,ST1023,EV0018,2026-11-03T07:00:00,registered,false,
RG05764,ST1023,EV0019,2026-09-23T06:00:00,registered,true,
RG05765,ST1023,EV0020,2026-10-19T04:00:00,registered,true,
RG05766,ST1023,EV0102,2026-10-27T22:30:00,registered,false,
RG05767,ST1023,EV0124,2026-09-10T06:00:00,registered,true,
RG05768,ST1023,EV0126,2026-08-16T08:00:00,no_show,false,
RG05769,ST1023,EV0215,2026-12-07T04:30:00,registered,true,
RG05770,ST1023,EV0276,2026-08-21T02:00:00,attended,false,5
RG05771,ST1024,EV0225,2026-08-30T08:30:00,attended,true,4
RG05772,ST1024,EV0247,2026-09-11T17:00:00,registered,true,
RG05773,ST1024,EV0248,2026-10-09T10:00:00,registered,true,
RG05774,ST1025,EV0001,2026-09-20T07:00:00,registered,false,
RG05775,ST1025,EV0059,2026-10-19T02:30:00,registered,true,
RG05776,ST1025,EV0060,2026-11-14T10:00:00,registered,false,
RG05777,ST1025,EV0165,2026-10-05T17:00:00,registered,false,
RG05778,ST1025,EV0167,2026-09-30T10:00:00,registered,false,
RG05779,ST1025,EV0168,2026-09-09T10:00:00,registered,false,
RG05780,ST1025,EV0183,2026-09-04T17:30:00,attended,true,
RG05781,ST1026,EV0002,2026-09-27T04:00:00,registered,true,
RG05782,ST1026,EV0090,2026-11-22T02:00:00,registered,false,
RG05783,ST1026,EV0096,2026-09-15T01:00:00,registered,false,
RG05784,ST1026,EV0127,2026-08-31T17:30:00,attended,false,4
RG05785,ST1026,EV0130,2026-10-25T09:30:00,registered,false,
RG05786,ST1026,EV0132,2026-09-18T09:30:00,registered,true,
RG05787,ST1026,EV0135,2026-10-26T06:30:00,registered,true,
RG05788,ST1026,EV0150,2026-11-01T10:00:00,registered,false,
RG05789,ST1026,EV0151,2026-08-22T01:00:00,attended,true,
RG05790,ST1027,EV0011,2026-10-21T01:00:00,registered,true,
RG05791,ST1027,EV0164,2026-10-12T05:00:00,registered,false,
RG05792,ST1027,EV0169,2026-08-11T14:30:00,attended,false,5
RG05793,ST1027,EV0170,2026-10-01T04:30:00,registered,true,
RG05794,ST1027,EV0173,2026-10-28T16:30:00,registered,false,
RG05795,ST1027,EV0181,2026-12-07T03:30:00,registered,false,
RG05796,ST1027,EV0187,2026-10-10T01:00:00,registered,false,
RG05797,ST1027,EV0244,2026-09-27T10:00:00,registered,true,
RG05798,ST1027,EV0245,2026-10-03T16:00:00,registered,true,
RG05799,ST1028,EV0004,2026-10-06T08:00:00,registered,false,
RG05800,ST1028,EV0064,2026-12-01T05:00:00,registered,false,
RG05801,ST1028,EV0195,2026-08-24T12:30:00,no_show,false,
RG05802,ST1028,EV0196,2026-09-26T07:30:00,registered,false,
RG05803,ST1028,EV0197,2026-11-08T16:30:00,registered,false,
RG05804,ST1028,EV0200,2026-09-17T09:30:00,registered,false,
RG05805,ST1028,EV0273,2026-11-01T20:30:00,registered,false,
RG05806,ST1029,EV0103,2026-11-15T07:00:00,registered,true,
RG05807,ST1029,EV0246,2026-09-04T06:00:00,attended,true,
RG05808,ST1029,EV0267,2026-10-27T04:00:00,registered,true,
RG05809,ST1029,EV0268,2026-09-08T14:00:00,attended,false,4
RG05810,ST1029,EV0273,2026-11-02T20:30:00,registered,true,
RG05811,ST1030,EV0011,2026-11-01T05:00:00,registered,true,
RG05812,ST1030,EV0018,2026-11-05T01:00:00,registered,false,
RG05813,ST1030,EV0091,2026-11-23T14:30:00,registered,true,
RG05814,ST1030,EV0123,2026-11-13T05:00:00,registered,true,
RG05815,ST1030,EV0136,2026-11-01T13:30:00,registered,true,
RG05816,ST1031,EV0225,2026-08-30T05:30:00,attended,true,4
RG05817,ST1031,EV0244,2026-09-27T01:00:00,registered,true,
RG05818,ST1031,EV0275,2026-11-05T04:00:00,registered,false,
RG05819,ST1032,EV0094,2026-11-26T00:30:00,registered,true,
RG05820,ST1032,EV0105,2026-10-30T10:30:00,registered,false,
RG05821,ST1032,EV0146,2026-10-26T07:00:00,registered,true,
RG05822,ST1032,EV0147,2026-08-25T22:00:00,attended,true,3
RG05823,ST1032,EV0152,2026-09-14T09:30:00,registered,true,
RG05824,ST1033,EV0015,2026-09-29T17:30:00,registered,true,
RG05825,ST1033,EV0017,2026-08-13T00:30:00,attended,true,3
RG05826,ST1033,EV0129,2026-09-16T11:30:00,no_show,true,
RG05827,ST1033,EV0133,2026-08-22T16:30:00,attended,true,5
RG05828,ST1033,EV0138,2026-08-30T19:30:00,attended,true,
RG05829,ST1033,EV0161,2026-11-21T15:00:00,registered,true,
RG05830,ST1033,EV0267,2026-11-03T01:00:00,registered,false,
RG05831,ST1033,EV0272,2026-11-11T03:30:00,registered,false,
RG05832,ST1034,EV0020,2026-10-24T17:00:00,registered,true,
RG05833,ST1034,EV0091,2026-11-18T15:30:00,registered,true,
RG05834,ST1034,EV0102,2026-10-24T22:30:00,registered,true,
RG05835,ST1034,EV0203,2026-10-28T19:00:00,registered,true,
RG05836,ST1035,EV0094,2026-11-27T18:30:00,registered,true,
RG05837,ST1035,EV0116,2026-09-10T13:30:00,attended,true,
RG05838,ST1035,EV0127,2026-08-27T06:30:00,attended,false,4
RG05839,ST1035,EV0130,2026-10-18T15:30:00,registered,false,
RG05840,ST1035,EV0134,2026-09-23T05:30:00,registered,false,
RG05841,ST1035,EV0135,2026-10-18T01:30:00,registered,false,
RG05842,ST1035,EV0151,2026-08-13T16:00:00,attended,false,5
RG05843,ST1035,EV0272,2026-11-06T00:30:00,registered,false,
RG05844,ST1036,EV0011,2026-10-30T00:00:00,registered,false,
RG05845,ST1036,EV0019,2026-09-18T08:00:00,registered,true,
RG05846,ST1036,EV0020,2026-10-23T11:00:00,registered,true,
RG05847,ST1036,EV0024,2026-08-20T11:30:00,attended,false,
RG05848,ST1036,EV0091,2026-11-12T11:30:00,registered,false,
RG05849,ST1036,EV0104,2026-11-16T11:00:00,registered,true,
RG05850,ST1036,EV0121,2026-11-30T04:00:00,registered,false,
RG05851,ST1036,EV0136,2026-10-30T23:30:00,registered,true,
RG05852,ST1037,EV0003,2026-09-07T16:00:00,attended,false,
RG05853,ST1037,EV0130,2026-10-17T13:30:00,registered,false,
RG05854,ST1037,EV0131,2026-09-28T16:30:00,registered,false,
RG05855,ST1037,EV0148,2026-09-22T01:00:00,registered,true,
RG05856,ST1037,EV0151,2026-08-17T08:00:00,attended,true,
RG05857,ST1037,EV0273,2026-11-05T18:30:00,registered,false,
RG05858,ST1038,EV0009,2026-10-14T05:00:00,registered,true,
RG05859,ST1039,EV0051,2026-11-08T20:00:00,registered,true,
RG05860,ST1039,EV0052,2026-09-30T05:00:00,registered,true,
RG05861,ST1039,EV0053,2026-08-17T07:00:00,attended,false,5
RG05862,ST1039,EV0117,2026-11-28T08:30:00,registered,false,
RG05863,ST1039,EV0119,2026-10-20T11:30:00,registered,false,
RG05864,ST1039,EV0280,2026-09-25T00:30:00,registered,true,
RG05865,ST1040,EV0215,2026-12-02T15:30:00,registered,false,
RG05866,ST1040,EV0274,2026-11-08T20:30:00,registered,false,
RG05867,ST1041,EV0005,2026-11-03T03:30:00,registered,true,
RG05868,ST1041,EV0071,2026-10-17T23:00:00,registered,false,
RG05869,ST1041,EV0086,2026-10-12T23:00:00,registered,false,
RG05870,ST1041,EV0242,2026-08-22T04:00:00,attended,true,
RG05871,ST1041,EV0277,2026-10-28T12:30:00,registered,true,
RG05872,ST1042,EV0015,2026-09-25T22:30:00,registered,false,
RG05873,ST1042,EV0017,2026-08-21T06:30:00,attended,false,
RG05874,ST1042,EV0031,2026-11-21T04:00:00,registered,false,
RG05875,ST1042,EV0118,2026-10-28T04:30:00,registered,true,
RG05876,ST1042,EV0130,2026-10-19T10:30:00,registered,false,
RG05877,ST1042,EV0137,2026-11-30T14:30:00,registered,true,
RG05878,ST1043,EV0002,2026-09-20T16:00:00,registered,false,
RG05879,ST1043,EV0031,2026-11-30T11:00:00,registered,false,
RG05880,ST1043,EV0041,2026-10-04T14:00:00,registered,false,
RG05881,ST1043,EV0070,2026-10-16T03:00:00,registered,false,
RG05882,ST1043,EV0103,2026-11-16T03:00:00,registered,true,
RG05883,ST1043,EV0137,2026-11-27T06:30:00,registered,false,
RG05884,ST1043,EV0138,2026-09-07T11:30:00,attended,true,
RG05885,ST1043,EV0280,2026-09-19T12:30:00,registered,false,
RG05886,ST1044,EV0017,2026-08-23T07:30:00,no_show,false,
RG05887,ST1044,EV0072,2026-09-04T10:30:00,attended,false,
RG05888,ST1044,EV0096,2026-09-21T01:00:00,registered,true,
RG05889,ST1044,EV0223,2026-10-08T04:30:00,registered,true,
RG05890,ST1044,EV0275,2026-11-12T02:00:00,registered,true,
RG05891,ST1045,EV0036,2026-09-24T01:00:00,registered,false,
RG05892,ST1045,EV0038,2026-09-27T07:30:00,registered,false,
RG05893,ST1045,EV0112,2026-09-21T10:30:00,registered,false,
RG05894,ST1045,EV0128,2026-11-27T02:30:00,registered,false,
RG05895,ST1045,EV0130,2026-10-19T11:30:00,registered,true,
RG05896,ST1045,EV0267,2026-10-30T09:00:00,registered,false,
RG05897,ST1045,EV0268,2026-09-10T11:00:00,attended,false,5
RG05898,ST1046,EV0005,2026-10-24T23:30:00,registered,false,
RG05899,ST1046,EV0078,2026-11-10T02:00:00,registered,false,
RG05900,ST1046,EV0233,2026-11-24T09:00:00,registered,false,
RG05901,ST1047,EV0002,2026-09-27T00:00:00,registered,true,
RG05902,ST1047,EV0251,2026-10-03T23:30:00,registered,false,
RG05903,ST1047,EV0252,2026-10-24T00:30:00,registered,false,
RG05904,ST1047,EV0253,2026-09-22T17:30:00,registered,false,
RG05905,ST1048,EV0277,2026-10-25T00:30:00,registered,true,
RG05906,ST1049,EV0001,2026-09-19T07:00:00,registered,true,
RG05907,ST1049,EV0026,2026-11-15T18:00:00,registered,false,
RG05908,ST1049,EV0046,2026-11-07T15:00:00,registered,true,
RG05909,ST1049,EV0050,2026-10-13T21:00:00,registered,false,
RG05910,ST1049,EV0167,2026-09-27T18:00:00,registered,false,
RG05911,ST1049,EV0179,2026-11-21T15:30:00,registered,true,
RG05912,ST1049,EV0191,2026-11-08T23:00:00,registered,true,
RG05913,ST1049,EV0250,2026-09-21T02:00:00,registered,false,
RG05914,ST1049,EV0277,2026-10-25T19:30:00,registered,false,
RG05915,ST1050,EV0053,2026-08-18T08:00:00,attended,true,
RG05916,ST1050,EV0054,2026-10-15T22:00:00,registered,false,
RG05917,ST1050,EV0110,2026-10-24T19:30:00,registered,true,
RG05918,ST1050,EV0117,2026-11-25T15:30:00,registered,false,
RG05919,ST1050,EV0118,2026-11-03T02:30:00,registered,true,
RG05920,ST1050,EV0119,2026-10-23T06:30:00,registered,false,
RG05921,ST1050,EV0120,2026-09-09T09:30:00,registered,false,
RG05922,ST1051,EV0260,2026-09-20T04:00:00,registered,true,
RG05923,ST1052,EV0026,2026-11-14T08:00:00,registered,false,
RG05924,ST1052,EV0181,2026-12-09T10:30:00,registered,false,
RG05925,ST1052,EV0192,2026-11-21T15:00:00,registered,true,
RG05926,ST1052,EV0193,2026-08-13T15:00:00,attended,false,5
RG05927,ST1053,EV0127,2026-08-23T13:30:00,attended,false,5
RG05928,ST1053,EV0135,2026-10-26T22:30:00,registered,true,
RG05929,ST1053,EV0136,2026-10-30T10:30:00,registered,false,
RG05930,ST1053,EV0148,2026-10-04T16:00:00,registered,false,
RG05931,ST1054,EV0216,2026-11-16T02:30:00,registered,false,
RG05932,ST1054,EV0218,2026-11-29T02:30:00,registered,true,
RG05933,ST1054,EV0231,2026-12-05T05:00:00,registered,true,
RG05934,ST1054,EV0233,2026-11-26T17:00:00,registered,false,
RG05935,ST1055,EV0005,2026-11-01T04:30:00,registered,false,
RG05936,ST1055,EV0095,2026-10-02T13:00:00,registered,true,
RG05937,ST1055,EV0097,2026-10-13T19:00:00,registered,true,
RG05938,ST1055,EV0139,2026-10-16T16:30:00,registered,true,
RG05939,ST1055,EV0177,2026-11-05T06:00:00,registered,false,
RG05940,ST1055,EV0222,2026-11-27T17:30:00,registered,true,
RG05941,ST1055,EV0226,2026-08-25T05:30:00,attended,false,3
RG05942,ST1055,EV0244,2026-09-20T01:00:00,registered,false,
RG05943,ST1055,EV0247,2026-09-21T23:00:00,registered,false,
RG05944,ST1055,EV0249,2026-08-31T04:00:00,attended,false,
RG05945,ST1056,EV0062,2026-09-21T09:00:00,registered,false,
RG05946,ST1056,EV0064,2026-11-26T17:00:00,registered,false,
RG05947,ST1056,EV0195,2026-08-25T01:30:00,no_show,true,
RG05948,ST1056,EV0197,2026-11-13T14:30:00,registered,false,
RG05949,ST1056,EV0198,2026-09-15T12:30:00,registered,false,
RG05950,ST1056,EV0199,2026-11-07T04:30:00,registered,true,
RG05951,ST1056,EV0200,2026-09-15T12:30:00,registered,true,
RG05952,ST1056,EV0268,2026-09-05T15:00:00,attended,false,5
RG05953,ST1057,EV0005,2026-10-27T08:30:00,registered,false,
RG05954,ST1057,EV0112,2026-09-17T02:30:00,registered,false,
RG05955,ST1057,EV0219,2026-10-14T00:30:00,registered,false,
RG05956,ST1057,EV0221,2026-11-28T19:30:00,registered,true,
RG05957,ST1057,EV0228,2026-08-27T09:00:00,attended,false,
RG05958,ST1057,EV0230,2026-11-25T04:00:00,registered,false,
RG05959,ST1057,EV0235,2026-08-23T23:00:00,attended,true,
RG05960,ST1057,EV0246,2026-09-16T17:00:00,no_show,true,
RG05961,ST1058,EV0280,2026-09-21T22:30:00,registered,true,
RG05962,ST1059,EV0056,2026-09-23T07:30:00,registered,true,
RG05963,ST1059,EV0131,2026-09-27T01:30:00,registered,true,
RG05964,ST1059,EV0189,2026-09-29T15:00:00,registered,false,
RG05965,ST1059,EV0266,2026-08-30T17:30:00,no_show,false,
RG05966,ST1059,EV0269,2026-09-20T01:00:00,registered,false,
RG05967,ST1059,EV0271,2026-09-22T06:00:00,registered,false,
RG05968,ST1060,EV0002,2026-09-24T20:00:00,registered,true,
RG05969,ST1060,EV0050,2026-10-25T07:00:00,registered,false,
RG05970,ST1060,EV0109,2026-09-11T09:30:00,attended,true,
RG05971,ST1061,EV0007,2026-09-18T21:00:00,registered,true,
RG05972,ST1061,EV0061,2026-08-31T07:00:00,attended,true,3
RG05973,ST1061,EV0064,2026-12-04T03:00:00,registered,true,
RG05974,ST1061,EV0224,2026-08-16T04:30:00,no_show,true,
RG05975,ST1061,EV0249,2026-08-28T04:00:00,attended,true,3
RG05976,ST1061,EV0280,2026-09-23T23:30:00,registered,false,
RG05977,ST1062,EV0160,2026-10-16T18:00:00,registered,true,
RG05978,ST1062,EV0162,2026-11-24T00:00:00,registered,true,
RG05979,ST1063,EV0063,2026-11-28T07:00:00,registered,false,
RG05980,ST1063,EV0222,2026-11-28T11:30:00,registered,false,
RG05981,ST1063,EV0223,2026-10-10T11:30:00,registered,false,
RG05982,ST1063,EV0226,2026-08-28T03:30:00,attended,true,5
RG05983,ST1063,EV0227,2026-09-11T18:30:00,attended,true,4
RG05984,ST1063,EV0244,2026-09-25T08:00:00,registered,true,
RG05985,ST1063,EV0246,2026-09-04T23:00:00,attended,false,3
RG05986,ST1063,EV0247,2026-09-21T22:00:00,registered,false,
RG05987,ST1063,EV0261,2026-10-19T00:30:00,registered,true,
RG05988,ST1064,EV0072,2026-09-03T15:30:00,attended,true,5
RG05989,ST1064,EV0108,2026-09-27T03:30:00,registered,false,
RG05990,ST1064,EV0175,2026-08-13T17:00:00,attended,false,5
RG05991,ST1064,EV0264,2026-10-07T03:30:00,registered,false,
RG05992,ST1064,EV0272,2026-11-11T00:30:00,registered,true,
RG05993,ST1065,EV0229,2026-09-05T08:00:00,attended,true,4
RG05994,ST1065,EV0263,2026-11-27T20:30:00,registered,false,
RG05995,ST1065,EV0274,2026-11-10T20:30:00,registered,true,
RG05996,ST1066,EV0025,2026-10-22T08:30:00,registered,true,
RG05997,ST1066,EV0127,2026-08-27T12:30:00,attended,true,4
RG05998,ST1066,EV0134,2026-09-22T12:30:00,registered,false,
RG05999,ST1066,EV0149,2026-10-29T02:00:00,registered,false,
RG06000,ST1066,EV0150,2026-11-01T23:00:00,registered,false,
RG06001,ST1066,EV0268,2026-09-04T22:00:00,attended,false,
RG06002,ST1067,EV0095,2026-10-08T11:00:00,registered,true,
RG06003,ST1067,EV0097,2026-10-07T19:00:00,registered,true,
RG06004,ST1067,EV0222,2026-11-19T06:30:00,registered,true,
RG06005,ST1067,EV0224,2026-08-23T09:30:00,attended,true,5
RG06006,ST1067,EV0246,2026-09-07T15:00:00,attended,true,3
RG06007,ST1067,EV0247,2026-09-16T10:00:00,registered,false,
RG06008,ST1067,EV0260,2026-09-17T10:00:00,registered,false,
RG06009,ST1068,EV0005,2026-10-24T05:30:00,registered,true,
RG06010,ST1068,EV0223,2026-10-15T06:30:00,registered,true,
RG06011,ST1068,EV0247,2026-09-17T11:00:00,registered,true,
RG06012,ST1068,EV0279,2026-10-16T01:30:00,registered,false,
RG06013,ST1069,EV0036,2026-09-29T16:00:00,registered,false,
RG06014,ST1069,EV0099,2026-10-22T07:00:00,registered,true,
RG06015,ST1069,EV0181,2026-12-01T23:30:00,registered,false,
RG06016,ST1069,EV0192,2026-11-30T17:00:00,registered,false,
RG06017,ST1069,EV0244,2026-09-16T05:00:00,registered,false,
RG06018,ST1069,EV0245,2026-10-04T23:00:00,registered,false,
RG06019,ST1069,EV0248,2026-10-13T11:00:00,registered,true,
RG06020,ST1069,EV0279,2026-10-20T04:30:00,registered,true,
RG06021,ST1070,EV0003,2026-09-08T07:00:00,attended,false,3
RG06022,ST1070,EV0270,2026-11-22T02:00:00,registered,false,
RG06023,ST1071,EV0078,2026-11-13T22:00:00,registered,false,
RG06024,ST1071,EV0082,2026-10-16T05:00:00,registered,true,
RG06025,ST1071,EV0148,2026-09-24T06:00:00,registered,true,
RG06026,ST1071,EV0210,2026-09-20T23:30:00,registered,false,
RG06027,ST1071,EV0237,2026-08-29T15:00:00,no_show,false,
RG06028,ST1071,EV0240,2026-09-10T01:00:00,no_show,false,
RG06029,ST1072,EV0001,2026-09-26T10:00:00,registered,true,
RG06030,ST1072,EV0034,2026-09-09T03:30:00,attended,false,4
RG06031,ST1072,EV0059,2026-10-19T15:30:00,registered,false,
RG06032,ST1072,EV0064,2026-12-07T09:00:00,registered,true,
RG06033,ST1072,EV0179,2026-11-21T10:30:00,registered,true,
RG06034,ST1072,EV0180,2026-10-15T06:30:00,registered,false,
RG06035,ST1072,EV0186,2026-09-20T19:00:00,registered,false,
RG06036,ST1072,EV0188,2026-11-27T05:00:00,registered,true,
RG06037,ST1072,EV0228,2026-09-04T12:00:00,attended,false,5
RG06038,ST1072,EV0248,2026-10-14T15:00:00,registered,true,
RG06039,ST1073,EV0004,2026-10-13T23:00:00,registered,false,
RG06040,ST1073,EV0066,2026-11-03T13:00:00,registered,true,
RG06041,ST1073,EV0169,2026-08-15T18:30:00,attended,false,4
RG06042,ST1073,EV0187,2026-10-11T07:00:00,registered,false,
RG06043,ST1073,EV0248,2026-10-05T13:00:00,registered,true,
RG06044,ST1074,EV0005,2026-10-22T09:30:00,registered,true,
RG06045,ST1074,EV0063,2026-12-04T01:00:00,registered,false,
RG06046,ST1074,EV0222,2026-11-25T23:30:00,registered,true,
RG06047,ST1074,EV0223,2026-10-11T01:30:00,registered,false,
RG06048,ST1074,EV0224,2026-08-23T10:30:00,no_show,true,
RG06049,ST1074,EV0227,2026-09-12T19:30:00,attended,true,
RG06050,ST1074,EV0247,2026-09-10T09:00:00,registered,false,
RG06051,ST1074,EV0250,2026-09-21T11:00:00,registered,false,
RG06052,ST1074,EV0275,2026-11-13T06:00:00,registered,false,
RG06053,ST1075,EV0016,2026-09-24T13:00:00,registered,false,
RG06054,ST1075,EV0051,2026-11-03T07:00:00,registered,true,
RG06055,ST1075,EV0053,2026-08-12T22:00:00,attended,false,4
RG06056,ST1075,EV0067,2026-10-15T10:30:00,registered,true,
RG06057,ST1075,EV0206,2026-08-19T18:00:00,attended,true,
RG06058,ST1075,EV0207,2026-09-20T14:00:00,registered,false,
RG06059,ST1075,EV0262,2026-10-18T03:30:00,registered,false,
RG06060,ST1076,EV0182,2026-08-24T18:30:00,attended,true,3
RG06061,ST1076,EV0184,2026-09-10T04:30:00,registered,false,
RG06062,ST1077,EV0053,2026-08-26T03:00:00,attended,true,
RG06063,ST1077,EV0055,2026-09-19T04:00:00,registered,false,
RG06064,ST1077,EV0110,2026-10-23T02:30:00,registered,true,
RG06065,ST1077,EV0111,2026-10-22T19:30:00,registered,true,
RG06066,ST1077,EV0116,2026-09-05T18:30:00,no_show,false,
RG06067,ST1077,EV0117,2026-12-01T16:30:00,registered,true,
RG06068,ST1077,EV0118,2026-11-01T18:30:00,registered,false,
RG06069,ST1077,EV0119,2026-10-27T14:30:00,registered,false,
RG06070,ST1078,EV0002,2026-09-28T04:00:00,registered,false,
RG06071,ST1078,EV0006,2026-10-12T15:00:00,registered,false,
RG06072,ST1078,EV0016,2026-09-19T09:00:00,registered,true,
RG06073,ST1078,EV0027,2026-10-11T04:30:00,registered,false,
RG06074,ST1078,EV0044,2026-10-10T02:00:00,registered,false,
RG06075,ST1078,EV0070,2026-10-13T22:00:00,registered,false,
RG06076,ST1078,EV0094,2026-11-26T06:30:00,registered,true,
RG06077,ST1078,EV0140,2026-10-02T02:30:00,registered,false,
RG06078,ST1078,EV0272,2026-11-05T20:30:00,registered,false,
RG06079,ST1078,EV0280,2026-09-24T04:30:00,registered,false,
RG06080,ST1079,EV0096,2026-09-08T23:00:00,registered,true,
RG06081,ST1079,EV0103,2026-11-14T01:00:00,registered,true,
RG06082,ST1079,EV0227,2026-09-05T08:30:00,attended,false,
RG06083,ST1079,EV0270,2026-11-20T10:00:00,registered,true,
RG06084,ST1079,EV0274,2026-11-07T04:30:00,registered,true,
RG06085,ST1079,EV0279,2026-10-14T01:30:00,registered,true,
RG06086,ST1080,EV0101,2026-11-22T23:00:00,registered,false,
RG06087,ST1080,EV0164,2026-10-15T06:00:00,registered,false,
RG06088,ST1080,EV0168,2026-09-11T10:00:00,registered,true,
RG06089,ST1080,EV0169,2026-08-21T16:30:00,attended,true,
RG06090,ST1080,EV0174,2026-10-23T06:30:00,registered,true,
RG06091,ST1080,EV0250,2026-09-16T10:00:00,registered,false,
RG06092,ST1080,EV0267,2026-10-22T01:00:00,registered,true,
RG06093,ST1081,EV0100,2026-11-21T04:00:00,registered,true,
RG06094,ST1081,EV0103,2026-11-16T16:00:00,registered,false,
RG06095,ST1081,EV0251,2026-10-01T09:30:00,registered,false,
RG06096,ST1081,EV0253,2026-09-24T15:30:00,registered,true,
RG06097,ST1081,EV0260,2026-09-25T14:00:00,registered,false,
RG06098,ST1081,EV0273,2026-11-02T17:30:00,registered,false,
RG06099,ST1082,EV0067,2026-10-13T09:30:00,registered,true,
RG06100,ST1082,EV0070,2026-10-14T19:00:00,registered,true,
RG06101,ST1082,EV0137,2026-11-26T05:30:00,registered,false,
RG06102,ST1082,EV0273,2026-10-31T22:30:00,registered,false,
RG06103,ST1082,EV0280,2026-09-23T01:30:00,registered,true,
RG06104,ST1083,EV0087,2026-09-06T01:00:00,attended,false,
RG06105,ST1083,EV0130,2026-10-18T10:30:00,registered,false,
RG06106,ST1084,EV0003,2026-09-03T01:00:00,attended,true,4
RG06107,ST1084,EV0017,2026-08-22T15:30:00,attended,true,5
RG06108,ST1084,EV0027,2026-10-02T23:30:00,registered,false,
RG06109,ST1084,EV0067,2026-10-17T17:30:00,registered,true,
RG06110,ST1084,EV0070,2026-10-23T11:00:00,registered,false,
RG06111,ST1084,EV0122,2026-08-18T00:00:00,attended,true,
RG06112,ST1084,EV0137,2026-12-05T23:30:00,registered,false,
RG06113,ST1084,EV0140,2026-09-22T19:30:00,registered,false,
RG06114,ST1084,EV0277,2026-10-30T03:30:00,registered,true,
RG06115,ST1085,EV0007,2026-09-20T07:00:00,registered,true,
RG06116,ST1085,EV0225,2026-09-07T14:30:00,attended,false,
RG06117,ST1085,EV0245,2026-10-08T08:00:00,registered,true,
RG06118,ST1085,EV0246,2026-09-14T05:00:00,attended,true,3
RG06119,ST1085,EV0247,2026-09-20T14:00:00,registered,false,
RG06120,ST1085,EV0274,2026-11-12T09:30:00,registered,true,
RG06121,ST1085,EV0275,2026-11-15T05:00:00,registered,false,
RG06122,ST1085,EV0279,2026-10-15T22:30:00,registered,false,
RG06123,ST1086,EV0001,2026-09-20T03:00:00,registered,false,
RG06124,ST1086,EV0063,2026-12-06T05:00:00,registered,true,
RG06125,ST1086,EV0234,2026-09-04T05:00:00,attended,false,4
RG06126,ST1086,EV0243,2026-10-08T07:00:00,registered,false,
RG06127,ST1086,EV0279,2026-10-16T04:30:00,registered,false,
RG06128,ST1087,EV0066,2026-10-31T03:00:00,registered,true,
RG06129,ST1087,EV0067,2026-10-16T18:30:00,registered,true,
RG06130,ST1087,EV0193,2026-08-19T05:00:00,attended,false,3
RG06131,ST1087,EV0237,2026-09-08T04:00:00,attended,true,
RG06132,ST1088,EV0221,2026-11-28T15:30:00,registered,true,
RG06133,ST1088,EV0236,2026-10-05T16:00:00,registered,true,
RG06134,ST1088,EV0260,2026-09-26T07:00:00,registered,true,
RG06135,ST1088,EV0261,2026-10-06T08:30:00,registered,true,
RG06136,ST1089,EV0220,2026-08-28T11:30:00,attended,false,3
RG06137,ST1089,EV0221,2026-11-25T10:30:00,registered,false,
RG06138,ST1089,EV0234,2026-09-02T02:00:00,attended,false,5
RG06139,ST1089,EV0235,2026-08-22T17:00:00,attended,true,
RG06140,ST1089,EV0236,2026-10-04T05:00:00,registered,true,
RG06141,ST1089,EV0256,2026-11-05T23:00:00,registered,false,
RG06142,ST1090,EV0027,2026-10-11T10:30:00,registered,true,
RG06143,ST1090,EV0059,2026-10-20T11:30:00,registered,false,
RG06144,ST1090,EV0113,2026-10-12T03:00:00,registered,false,
RG06145,ST1090,EV0167,2026-09-27T13:00:00,registered,false,
RG06146,ST1091,EV0051,2026-10-29T18:00:00,registered,true,
RG06147,ST1091,EV0054,2026-10-22T05:00:00,registered,true,
RG06148,ST1091,EV0111,2026-10-23T10:30:00,registered,true,
RG06149,ST1091,EV0119,2026-10-28T01:30:00,registered,false,
RG06150,ST1091,EV0120,2026-09-19T15:30:00,registered,false,
RG06151,ST1091,EV0279,2026-10-15T11:30:00,registered,false,
RG06152,ST1092,EV0062,2026-09-18T22:00:00,registered,false,
RG06153,ST1092,EV0194,2026-11-29T22:30:00,registered,false,
RG06154,ST1092,EV0195,2026-08-27T01:30:00,no_show,false,
RG06155,ST1092,EV0197,2026-11-13T04:30:00,registered,false,
RG06156,ST1092,EV0200,2026-09-16T08:30:00,registered,false,
RG06157,ST1092,EV0267,2026-10-28T22:00:00,registered,false,
RG06158,ST1092,EV0268,2026-09-11T13:00:00,attended,false,4
RG06159,ST1092,EV0272,2026-11-12T00:30:00,registered,false,
RG06160,ST1093,EV0003,2026-09-13T06:00:00,attended,false,5
RG06161,ST1093,EV0034,2026-08-30T23:30:00,no_show,true,
RG06162,ST1093,EV0043,2026-12-08T03:30:00,registered,true,
RG06163,ST1093,EV0263,2026-11-15T22:30:00,registered,false,
RG06164,ST1093,EV0267,2026-11-03T03:00:00,registered,true,
RG06165,ST1093,EV0268,2026-09-05T20:00:00,attended,true,
RG06166,ST1093,EV0276,2026-08-19T12:00:00,attended,true,4
RG06167,ST1094,EV0016,2026-09-22T10:00:00,registered,false,
RG06168,ST1094,EV0022,2026-09-30T08:00:00,registered,false,
RG06169,ST1094,EV0070,2026-10-23T06:00:00,registered,true,
RG06170,ST1094,EV0139,2026-10-21T13:30:00,registered,false,
RG06171,ST1094,EV0268,2026-09-09T20:00:00,attended,false,
RG06172,ST1094,EV0278,2026-11-26T00:30:00,registered,false,
RG06173,ST1095,EV0212,2026-10-20T12:30:00,registered,true,
RG06174,ST1095,EV0246,2026-09-09T11:00:00,no_show,true,
RG06175,ST1095,EV0250,2026-09-10T11:00:00,registered,false,
RG06176,ST1095,EV0274,2026-11-15T20:30:00,registered,true,
RG06177,ST1096,EV0037,2026-09-07T22:00:00,registered,true,
RG06178,ST1096,EV0077,2026-09-02T11:00:00,attended,false,
RG06179,ST1096,EV0207,2026-09-24T14:00:00,registered,true,
RG06180,ST1096,EV0232,2026-10-26T11:00:00,registered,false,
RG06181,ST1096,EV0234,2026-09-09T10:00:00,no_show,false,
RG06182,ST1097,EV0095,2026-10-06T04:00:00,registered,false,
RG06183,ST1097,EV0141,2026-09-24T13:00:00,registered,false,
RG06184,ST1097,EV0142,2026-09-19T23:00:00,registered,false,
RG06185,ST1097,EV0143,2026-08-24T08:00:00,no_show,false,
RG06186,ST1097,EV0145,2026-11-11T14:00:00,registered,false,
RG06187,ST1097,EV0160,2026-10-28T11:00:00,registered,false,
RG06188,ST1097,EV0163,2026-10-06T10:00:00,registered,false,
RG06189,ST1097,EV0174,2026-11-05T09:30:00,registered,false,
RG06190,ST1097,EV0279,2026-10-21T11:30:00,registered,true,
RG06191,ST1098,EV0071,2026-10-08T00:00:00,registered,false,
RG06192,ST1098,EV0173,2026-10-31T09:30:00,registered,true,
RG06193,ST1098,EV0193,2026-08-23T11:00:00,no_show,false,
RG06194,ST1099,EV0005,2026-11-02T02:30:00,registered,false,
RG06195,ST1099,EV0095,2026-10-03T13:00:00,registered,true,
RG06196,ST1099,EV0223,2026-10-12T10:30:00,registered,false,
RG06197,ST1099,EV0224,2026-08-15T09:30:00,no_show,true,
RG06198,ST1099,EV0244,2026-09-21T12:00:00,registered,true,
RG06199,ST1099,EV0245,2026-10-06T23:00:00,registered,false,
RG06200,ST1099,EV0246,2026-09-06T02:00:00,attended,true,
RG06201,ST1099,EV0248,2026-10-04T16:00:00,registered,true,
RG06202,ST1100,EV0018,2026-11-13T18:00:00,registered,false,
RG06203,ST1100,EV0057,2026-08-23T10:00:00,attended,true,
RG06204,ST1100,EV0248,2026-10-14T16:00:00,registered,false,
RG06205,ST1101,EV0008,2026-09-03T05:00:00,no_show,false,
RG06206,ST1101,EV0016,2026-09-26T02:00:00,registered,false,
RG06207,ST1101,EV0070,2026-10-18T04:00:00,registered,true,
RG06208,ST1101,EV0272,2026-11-13T18:30:00,registered,true,
RG06209,ST1102,EV0002,2026-09-29T01:00:00,registered,true,
RG06210,ST1102,EV0017,2026-08-25T11:30:00,attended,false,
RG06211,ST1102,EV0024,2026-08-25T06:30:00,no_show,true,
RG06212,ST1102,EV0143,2026-08-11T15:00:00,attended,true,3
RG06213,ST1102,EV0277,2026-10-22T05:30:00,registered,false,
RG06214,ST1102,EV0278,2026-12-01T05:30:00,registered,true,
RG06215,ST1103,EV0168,2026-09-07T10:00:00,registered,true,
RG06216,ST1103,EV0176,2026-10-18T18:00:00,registered,true,
RG06217,ST1103,EV0187,2026-10-14T04:00:00,registered,false,
RG06218,ST1103,EV0279,2026-10-22T14:30:00,registered,true,
RG06219,ST1104,EV0039,2026-11-10T06:00:00,registered,true,
RG06220,ST1104,EV0105,2026-11-02T16:30:00,registered,false,
RG06221,ST1104,EV0107,2026-09-24T09:30:00,registered,false,
RG06222,ST1104,EV0272,2026-11-16T04:30:00,registered,true,
RG06223,ST1104,EV0280,2026-09-18T09:30:00,registered,false,
RG06224,ST1105,EV0070,2026-10-26T02:00:00,registered,true,
RG06225,ST1105,EV0137,2026-12-05T06:30:00,registered,false,
RG06226,ST1105,EV0139,2026-10-16T10:30:00,registered,false,
RG06227,ST1105,EV0152,2026-09-09T00:30:00,registered,false,
RG06228,ST1106,EV0071,2026-10-11T22:00:00,registered,false,
RG06229,ST1106,EV0079,2026-11-20T23:00:00,registered,true,
RG06230,ST1106,EV0080,2026-11-23T04:00:00,registered,false,
RG06231,ST1106,EV0129,2026-09-15T14:30:00,attended,false,
RG06232,ST1106,EV0202,2026-11-25T15:00:00,registered,true,
RG06233,ST1106,EV0230,2026-12-01T03:00:00,registered,true,
RG06234,ST1106,EV0232,2026-10-17T01:00:00,registered,true,
RG06235,ST1107,EV0006,2026-10-11T15:00:00,registered,true,
RG06236,ST1107,EV0032,2026-09-16T05:00:00,no_show,false,
RG06237,ST1107,EV0133,2026-08-17T14:30:00,no_show,false,
RG06238,ST1107,EV0135,2026-10-26T10:30:00,registered,false,
RG06239,ST1107,EV0136,2026-10-29T16:30:00,registered,false,
RG06240,ST1107,EV0161,2026-11-16T07:00:00,registered,false,
RG06241,ST1108,EV0003,2026-09-09T17:00:00,no_show,false,
RG06242,ST1108,EV0035,2026-10-31T21:00:00,registered,false,
RG06243,ST1108,EV0127,2026-08-22T05:30:00,attended,false,3
RG06244,ST1108,EV0132,2026-09-21T13:30:00,registered,false,
RG06245,ST1108,EV0136,2026-11-07T05:30:00,registered,true,
RG06246,ST1108,EV0139,2026-10-14T06:30:00,registered,false,
RG06247,ST1108,EV0162,2026-11-22T15:00:00,registered,false,
RG06248,ST1109,EV0002,2026-09-17T10:00:00,registered,true,
RG06249,ST1109,EV0252,2026-10-23T02:30:00,registered,true,
RG06250,ST1109,EV0253,2026-09-22T06:30:00,registered,true,
RG06251,ST1109,EV0260,2026-09-26T09:00:00,registered,false,
RG06252,ST1109,EV0267,2026-10-30T00:00:00,registered,false,
RG06253,ST1109,EV0268,2026-09-11T16:00:00,attended,false,
RG06254,ST1109,EV0272,2026-11-11T12:30:00,registered,true,
RG06255,ST1110,EV0069,2026-11-12T02:30:00,registered,false,
RG06256,ST1110,EV0078,2026-11-05T19:00:00,registered,false,
RG06257,ST1110,EV0237,2026-09-05T10:00:00,attended,false,5
RG06258,ST1110,EV0261,2026-10-15T10:30:00,registered,false,
RG06259,ST1111,EV0106,2026-10-17T05:30:00,registered,true,
RG06260,ST1111,EV0110,2026-10-23T01:30:00,registered,false,
RG06261,ST1112,EV0004,2026-10-12T05:00:00,registered,true,
RG06262,ST1112,EV0007,2026-09-20T22:00:00,registered,true,
RG06263,ST1112,EV0061,2026-09-01T05:00:00,attended,false,3
RG06264,ST1112,EV0066,2026-11-12T03:00:00,registered,false,
RG06265,ST1112,EV0248,2026-10-07T15:00:00,registered,false,
RG06266,ST1113,EV0077,2026-09-05T23:00:00,attended,false,
RG06267,ST1113,EV0229,2026-08-27T10:00:00,no_show,false,
RG06268,ST1113,EV0241,2026-11-16T19:00:00,registered,true,
RG06269,ST1114,EV0097,2026-10-08T03:00:00,registered,true,
RG06270,ST1114,EV0249,2026-09-07T17:00:00,attended,false,3
RG06271,ST1114,EV0274,2026-11-13T21:30:00,registered,false,
RG06272,ST1115,EV0014,2026-11-08T13:30:00,registered,false,
RG06273,ST1115,EV0035,2026-10-30T11:00:00,registered,true,
RG06274,ST1115,EV0139,2026-10-09T09:30:00,registered,true,
RG06275,ST1115,EV0166,2026-10-01T05:00:00,registered,true,
RG06276,ST1115,EV0173,2026-10-30T16:30:00,registered,true,
RG06277,ST1115,EV0187,2026-10-11T13:00:00,registered,true,
RG06278,ST1115,EV0246,2026-09-05T03:00:00,attended,false,5
RG06279,ST1115,EV0249,2026-09-03T12:00:00,no_show,false,
RG06280,ST1116,EV0193,2026-08-22T16:00:00,attended,true,
RG06281,ST1117,EV0011,2026-10-30T13:00:00,registered,false,
RG06282,ST1117,EV0020,2026-10-29T07:00:00,registered,false,
RG06283,ST1117,EV0189,2026-09-21T00:00:00,registered,false,
RG06284,ST1118,EV0007,2026-09-13T11:00:00,registered,false,
RG06285,ST1118,EV0026,2026-11-18T23:00:00,registered,true,
RG06286,ST1118,EV0131,2026-09-30T18:30:00,registered,true,
RG06287,ST1118,EV0135,2026-10-14T00:30:00,registered,false,
RG06288,ST1118,EV0277,2026-10-25T02:30:00,registered,false,
RG06289,ST1118,EV0279,2026-10-17T16:30:00,registered,false,
RG06290,ST1119,EV0159,2026-11-23T23:00:00,registered,false,
RG06291,ST1119,EV0171,2026-09-21T08:30:00,registered,true,
RG06292,ST1119,EV0191,2026-11-14T15:00:00,registered,false,
RG06293,ST1119,EV0193,2026-08-14T08:00:00,attended,true,
RG06294,ST1120,EV0008,2026-08-25T16:00:00,no_show,false,
RG06295,ST1120,EV0017,2026-08-25T06:30:00,attended,true,
RG06296,ST1120,EV0137,2026-12-03T00:30:00,registered,false,
RG06297,ST1120,EV0277,2026-10-20T21:30:00,registered,false,
RG06298,ST1121,EV0128,2026-11-16T10:30:00,registered,false,
RG06299,ST1121,EV0129,2026-09-11T18:30:00,no_show,false,
RG06300,ST1121,EV0132,2026-09-10T16:30:00,registered,true,
RG06301,ST1121,EV0136,2026-10-31T11:30:00,registered,false,
RG06302,ST1121,EV0146,2026-10-19T04:00:00,registered,true,
RG06303,ST1121,EV0148,2026-09-28T18:00:00,registered,true,
RG06304,ST1121,EV0267,2026-10-29T21:00:00,registered,false,
RG06305,ST1121,EV0272,2026-11-09T02:30:00,registered,true,
RG06306,ST1121,EV0277,2026-10-26T16:30:00,registered,true,
RG06307,ST1122,EV0009,2026-10-19T04:00:00,registered,false,
RG06308,ST1122,EV0032,2026-09-04T20:00:00,attended,true,
RG06309,ST1122,EV0060,2026-11-24T20:00:00,registered,false,
RG06310,ST1122,EV0128,2026-11-23T02:30:00,registered,true,
RG06311,ST1122,EV0130,2026-10-26T00:30:00,registered,true,
RG06312,ST1122,EV0131,2026-09-27T03:30:00,registered,false,
RG06313,ST1122,EV0132,2026-09-18T03:30:00,registered,false,
RG06314,ST1122,EV0136,2026-10-26T23:30:00,registered,true,
RG06315,ST1122,EV0159,2026-12-06T16:00:00,registered,true,
RG06316,ST1123,EV0075,2026-09-25T04:00:00,registered,false,
RG06317,ST1123,EV0169,2026-08-16T15:30:00,no_show,false,
RG06318,ST1123,EV0170,2026-09-21T04:30:00,registered,true,
RG06319,ST1123,EV0171,2026-09-16T09:30:00,registered,false,
RG06320,ST1123,EV0172,2026-10-21T02:30:00,registered,false,
RG06321,ST1123,EV0227,2026-09-06T11:30:00,attended,true,3
RG06322,ST1123,EV0272,2026-11-07T17:30:00,registered,true,
RG06323,ST1124,EV0027,2026-10-10T16:30:00,registered,true,
RG06324,ST1124,EV0082,2026-10-22T06:00:00,registered,false,
RG06325,ST1124,EV0213,2026-09-08T01:30:00,no_show,true,
RG06326,ST1124,EV0231,2026-12-03T10:00:00,registered,true,
RG06327,ST1125,EV0005,2026-10-28T13:30:00,registered,false,
RG06328,ST1125,EV0223,2026-10-12T03:30:00,registered,false,
RG06329,ST1125,EV0246,2026-09-15T13:00:00,attended,false,
RG06330,ST1125,EV0248,2026-10-07T00:00:00,registered,true,
RG06331,ST1125,EV0280,2026-09-26T10:30:00,registered,true,
RG06332,ST1126,EV0004,2026-10-14T17:00:00,registered,true,
RG06333,ST1126,EV0223,2026-10-11T13:30:00,registered,false,
RG06334,ST1127,EV0164,2026-10-08T02:00:00,registered,false,
RG06335,ST1127,EV0183,2026-09-05T11:30:00,no_show,true,
RG06336,ST1127,EV0187,2026-10-12T23:00:00,registered,false,
RG06337,ST1127,EV0204,2026-08-23T03:00:00,attended,true,3
RG06338,ST1127,EV0247,2026-09-16T22:00:00,registered,false,
RG06339,ST1127,EV0249,2026-09-03T07:00:00,attended,false,5
RG06340,ST1128,EV0073,2026-11-10T09:00:00,registered,false,
RG06341,ST1128,EV0074,2026-11-17T13:00:00,registered,true,
RG06342,ST1128,EV0230,2026-12-04T11:00:00,registered,true,
RG06343,ST1128,EV0236,2026-09-25T23:00:00,registered,true,
RG06344,ST1128,EV0239,2026-08-18T11:00:00,attended,false,5
RG06345,ST1129,EV0107,2026-09-26T14:30:00,registered,false,
RG06346,ST1129,EV0108,2026-09-19T16:30:00,registered,false,
RG06347,ST1129,EV0113,2026-10-15T05:00:00,registered,false,
RG06348,ST1129,EV0114,2026-08-28T06:00:00,no_show,false,
RG06349,ST1129,EV0129,2026-09-09T17:30:00,attended,false,3
RG06350,ST1129,EV0148,2026-10-03T22:00:00,registered,false,
RG06351,ST1129,EV0262,2026-10-18T17:30:00,registered,false,
RG06352,ST1129,EV0271,2026-09-29T10:00:00,registered,true,
RG06353,ST1129,EV0273,2026-11-09T17:30:00,registered,false,
RG06354,ST1130,EV0006,2026-10-20T18:00:00,registered,true,
RG06355,ST1130,EV0015,2026-10-02T01:30:00,registered,false,
RG06356,ST1130,EV0030,2026-10-11T02:30:00,registered,false,
RG06357,ST1130,EV0138,2026-08-29T17:30:00,attended,true,
RG06358,ST1130,EV0160,2026-10-27T07:00:00,registered,false,
RG06359,ST1130,EV0162,2026-11-23T06:00:00,registered,false,
RG06360,ST1130,EV0272,2026-11-08T02:30:00,registered,false,
RG06361,ST1131,EV0181,2026-12-06T09:30:00,registered,false,
RG06362,ST1131,EV0278,2026-11-27T07:30:00,registered,false,
RG06363,ST1132,EV0159,2026-12-03T10:00:00,registered,false,
RG06364,ST1132,EV0170,2026-09-21T13:30:00,registered,false,
RG06365,ST1132,EV0171,2026-09-11T10:30:00,registered,false,
RG06366,ST1132,EV0191,2026-11-15T04:00:00,registered,true,
RG06367,ST1132,EV0195,2026-09-01T09:30:00,attended,true,5
RG06368,ST1132,EV0198,2026-09-17T11:30:00,registered,false,
RG06369,ST1132,EV0200,2026-09-23T09:30:00,registered,true,
RG06370,ST1133,EV0071,2026-10-10T22:00:00,registered,true,
RG06371,ST1133,EV0085,2026-10-07T21:00:00,registered,false,
RG06372,ST1133,EV0129,2026-09-12T02:30:00,no_show,false,
RG06373,ST1133,EV0199,2026-11-05T17:30:00,registered,false,
RG06374,ST1133,EV0203,2026-10-20T18:00:00,registered,false,
RG06375,ST1133,EV0235,2026-08-20T01:00:00,attended,true,4
RG06376,ST1134,EV0016,2026-09-24T21:00:00,registered,false,
RG06377,ST1134,EV0018,2026-11-02T06:00:00,registered,false,
RG06378,ST1134,EV0022,2026-10-02T17:00:00,registered,true,
RG06379,ST1134,EV0067,2026-10-17T18:30:00,registered,false,
RG06380,ST1134,EV0118,2026-11-05T15:30:00,registered,false,
RG06381,ST1134,EV0138,2026-08-28T04:30:00,attended,false,3
RG06382,ST1134,EV0139,2026-10-10T03:30:00,registered,false,
RG06383,ST1134,EV0277,2026-10-22T12:30:00,registered,true,
RG06384,ST1134,EV0278,2026-11-30T16:30:00,registered,true,
RG06385,ST1135,EV0033,2026-10-13T15:00:00,registered,false,
RG06386,ST1135,EV0165,2026-10-05T22:00:00,registered,false,
RG06387,ST1135,EV0171,2026-09-19T04:30:00,registered,true,
RG06388,ST1135,EV0187,2026-10-09T19:00:00,registered,false,
RG06389,ST1136,EV0246,2026-09-03T00:00:00,no_show,false,
RG06390,ST1136,EV0247,2026-09-12T14:00:00,registered,true,
RG06391,ST1137,EV0011,2026-10-30T11:00:00,registered,false,
RG06392,ST1137,EV0020,2026-10-25T02:00:00,registered,true,
RG06393,ST1137,EV0091,2026-11-11T00:30:00,registered,false,
RG06394,ST1137,EV0125,2026-11-22T19:00:00,registered,false,
RG06395,ST1137,EV0126,2026-08-20T10:00:00,attended,false,
RG06396,ST1138,EV0042,2026-11-01T06:30:00,registered,false,
RG06397,ST1138,EV0106,2026-10-19T10:30:00,registered,false,
RG06398,ST1138,EV0108,2026-09-21T14:30:00,registered,true,
RG06399,ST1138,EV0110,2026-10-17T14:30:00,registered,false,
RG06400,ST1138,EV0268,2026-09-13T02:00:00,attended,true,
RG06401,ST1139,EV0015,2026-10-04T14:30:00,registered,true,
RG06402,ST1139,EV0057,2026-08-14T18:00:00,attended,false,3
RG06403,ST1139,EV0206,2026-08-27T09:00:00,no_show,false,
RG06404,ST1139,EV0228,2026-09-08T02:00:00,no_show,false,
RG06405,ST1140,EV0187,2026-10-10T14:00:00,registered,true,
RG06406,ST1141,EV0114,2026-08-26T18:00:00,no_show,false,
RG06407,ST1141,EV0130,2026-10-19T12:30:00,registered,true,
RG06408,ST1141,EV0262,2026-10-14T08:30:00,registered,true,
RG06409,ST1141,EV0263,2026-11-27T17:30:00,registered,true,
RG06410,ST1141,EV0279,2026-10-22T14:30:00,registered,false,
RG06411,ST1142,EV0016,2026-09-19T13:00:00,registered,false,
RG06412,ST1142,EV0022,2026-09-26T13:00:00,registered,true,
RG06413,ST1142,EV0027,2026-10-05T15:30:00,registered,true,
RG06414,ST1142,EV0067,2026-10-21T18:30:00,registered,true,
RG06415,ST1142,EV0140,2026-09-27T00:30:00,registered,false,
RG06416,ST1142,EV0155,2026-09-18T17:30:00,registered,false,
RG06417,ST1142,EV0267,2026-10-25T16:00:00,registered,true,
RG06418,ST1142,EV0272,2026-11-07T16:30:00,registered,true,
RG06419,ST1143,EV0027,2026-10-07T09:30:00,registered,true,
RG06420,ST1143,EV0036,2026-09-29T06:00:00,registered,false,
RG06421,ST1143,EV0137,2026-11-27T00:30:00,registered,false,
RG06422,ST1143,EV0139,2026-10-09T06:30:00,registered,false,
RG06423,ST1143,EV0268,2026-09-14T01:00:00,attended,true,4
RG06424,ST1143,EV0272,2026-11-14T12:30:00,registered,true,
RG06425,ST1144,EV0095,2026-10-03T04:00:00,registered,true,
RG06426,ST1144,EV0222,2026-11-20T16:30:00,registered,true,
RG06427,ST1144,EV0248,2026-10-14T14:00:00,registered,false,
RG06428,ST1145,EV0230,2026-12-01T07:00:00,registered,true,
RG06429,ST1145,EV0243,2026-10-07T14:00:00,registered,true,
RG06430,ST1145,EV0260,2026-09-27T04:00:00,registered,false,
RG06431,ST1145,EV0263,2026-11-22T01:30:00,registered,false,
RG06432,ST1146,EV0225,2026-09-03T03:30:00,no_show,false,
RG06433,ST1146,EV0248,2026-10-06T02:00:00,registered,true,
RG06434,ST1147,EV0009,2026-10-11T00:00:00,registered,true,
RG06435,ST1147,EV0034,2026-09-07T01:30:00,attended,false,
RG06436,ST1147,EV0124,2026-09-13T14:00:00,registered,true,
RG06437,ST1147,EV0128,2026-11-17T12:30:00,registered,false,
RG06438,ST1147,EV0135,2026-10-13T23:30:00,registered,true,
RG06439,ST1147,EV0159,2026-11-28T07:00:00,registered,false,
RG06440,ST1147,EV0161,2026-11-13T15:00:00,registered,false,
RG06441,ST1148,EV0016,2026-09-25T13:00:00,registered,false,
RG06442,ST1148,EV0181,2026-12-05T12:30:00,registered,true,
RG06443,ST1148,EV0184,2026-09-10T02:30:00,registered,true,
RG06444,ST1148,EV0187,2026-10-11T09:00:00,registered,false,
RG06445,ST1149,EV0007,2026-09-23T10:00:00,registered,false,
RG06446,ST1149,EV0223,2026-10-18T18:30:00,registered,true,
RG06447,ST1149,EV0224,2026-08-25T10:30:00,attended,false,
RG06448,ST1149,EV0227,2026-09-16T14:30:00,attended,false,3
RG06449,ST1149,EV0244,2026-09-18T15:00:00,registered,true,
RG06450,ST1150,EV0185,2026-11-11T23:00:00,registered,false,
RG06451,ST1151,EV0174,2026-10-27T02:30:00,registered,true,
RG06452,ST1151,EV0197,2026-11-15T18:30:00,registered,false,
RG06453,ST1151,EV0247,2026-09-14T18:00:00,registered,false,
RG06454,ST1152,EV0100,2026-11-25T02:00:00,registered,true,
RG06455,ST1152,EV0113,2026-10-22T19:00:00,registered,true,
RG06456,ST1152,EV0260,2026-09-24T02:00:00,registered,false,
RG06457,ST1152,EV0268,2026-09-14T04:00:00,no_show,false,
RG06458,ST1153,EV0002,2026-09-17T03:00:00,registered,false,
RG06459,ST1153,EV0006,2026-10-17T13:00:00,registered,true,
RG06460,ST1153,EV0067,2026-10-14T02:30:00,registered,true,
RG06461,ST1153,EV0267,2026-10-30T23:00:00,registered,true,
RG06462,ST1153,EV0273,2026-11-06T05:30:00,registered,false,
RG06463,ST1153,EV0278,2026-12-04T03:30:00,registered,true,
RG06464,ST1154,EV0047,2026-09-03T10:30:00,attended,true,5
RG06465,ST1154,EV0200,2026-09-26T11:30:00,registered,true,
RG06466,ST1155,EV0027,2026-10-03T22:30:00,registered,true,
RG06467,ST1155,EV0059,2026-10-26T06:30:00,registered,true,
RG06468,ST1155,EV0063,2026-11-28T19:00:00,registered,true,
RG06469,ST1155,EV0072,2026-08-26T02:30:00,attended,true,4
RG06470,ST1155,EV0176,2026-10-16T14:00:00,registered,true,
RG06471,ST1155,EV0178,2026-11-21T13:00:00,registered,true,
RG06472,ST1155,EV0280,2026-09-21T07:30:00,registered,true,
RG06473,ST1156,EV0101,2026-11-21T06:00:00,registered,true,
RG06474,ST1156,EV0110,2026-10-14T11:30:00,registered,false,
RG06475,ST1156,EV0112,2026-09-12T08:30:00,registered,false,
RG06476,ST1156,EV0118,2026-10-31T19:30:00,registered,false,
RG06477,ST1156,EV0261,2026-10-06T16:30:00,registered,false,
RG06478,ST1157,EV0039,2026-11-15T07:00:00,registered,true,
RG06479,ST1157,EV0114,2026-08-29T07:00:00,no_show,false,
RG06480,ST1157,EV0115,2026-10-14T11:00:00,registered,false,
RG06481,ST1157,EV0127,2026-08-29T08:30:00,attended,false,3
RG06482,ST1157,EV0263,2026-11-28T00:30:00,registered,false,
RG06483,ST1157,EV0265,2026-08-20T02:30:00,no_show,false,
RG06484,ST1157,EV0267,2026-10-25T07:00:00,registered,true,
RG06485,ST1158,EV0171,2026-09-16T05:30:00,registered,false,
RG06486,ST1158,EV0181,2026-11-29T01:30:00,registered,false,
RG06487,ST1158,EV0237,2026-09-07T12:00:00,attended,true,3
RG06488,ST1159,EV0036,2026-10-01T05:00:00,registered,true,
RG06489,ST1159,EV0131,2026-09-24T04:30:00,registered,false,
RG06490,ST1159,EV0132,2026-09-10T13:30:00,registered,false,
RG06491,ST1159,EV0160,2026-10-24T02:00:00,registered,false,
RG06492,ST1160,EV0036,2026-09-25T23:00:00,registered,true,
RG06493,ST1160,EV0047,2026-08-30T05:30:00,no_show,false,
RG06494,ST1160,EV0068,2026-11-13T20:00:00,registered,true,
RG06495,ST1160,EV0170,2026-09-24T10:30:00,registered,false,
RG06496,ST1160,EV0174,2026-10-30T17:30:00,registered,true,
RG06497,ST1160,EV0192,2026-11-28T09:00:00,registered,false,
RG06498,ST1160,EV0201,2026-10-28T08:00:00,registered,true,
RG06499,ST1160,EV0237,2026-08-28T00:00:00,no_show,true,
RG06500,ST1160,EV0241,2026-11-18T00:00:00,registered,true,
RG06501,ST1161,EV0087,2026-09-03T02:00:00,attended,false,3
RG06502,ST1161,EV0228,2026-09-02T07:00:00,attended,true,
RG06503,ST1162,EV0185,2026-11-03T02:00:00,registered,false,
RG06504,ST1163,EV0003,2026-09-05T02:00:00,attended,true,4
RG06505,ST1163,EV0015,2026-09-27T23:30:00,registered,true,
RG06506,ST1163,EV0130,2026-10-19T04:30:00,registered,false,
RG06507,ST1163,EV0160,2026-10-28T12:00:00,registered,true,
RG06508,ST1163,EV0161,2026-11-23T10:00:00,registered,true,
RG06509,ST1163,EV0162,2026-11-28T18:00:00,registered,false,
RG06510,ST1163,EV0267,2026-10-27T03:00:00,registered,false,
RG06511,ST1163,EV0273,2026-11-05T21:30:00,registered,false,
RG06512,ST1164,EV0058,2026-10-11T21:00:00,registered,true,
RG06513,ST1164,EV0153,2026-09-17T13:30:00,attended,false,4
RG06514,ST1165,EV0004,2026-10-10T10:00:00,registered,true,
RG06515,ST1165,EV0062,2026-09-20T06:00:00,registered,true,
RG06516,ST1165,EV0194,2026-11-30T06:30:00,registered,true,
RG06517,ST1165,EV0197,2026-11-16T18:30:00,registered,false,
RG06518,ST1165,EV0200,2026-09-20T09:30:00,registered,false,
RG06519,ST1165,EV0267,2026-10-29T23:00:00,registered,false,
RG06520,ST1165,EV0273,2026-11-06T07:30:00,registered,true,
RG06521,ST1166,EV0052,2026-10-03T06:00:00,registered,false,
RG06522,ST1166,EV0110,2026-10-13T13:30:00,registered,false,
RG06523,ST1166,EV0111,2026-10-23T12:30:00,registered,false,
RG06524,ST1166,EV0112,2026-09-15T05:30:00,registered,false,
RG06525,ST1166,EV0117,2026-12-06T12:30:00,registered,true,
RG06526,ST1166,EV0231,2026-11-28T10:00:00,registered,false,
RG06527,ST1166,EV0280,2026-09-21T03:30:00,registered,false,
RG06528,ST1167,EV0043,2026-11-30T06:30:00,registered,true,
RG06529,ST1167,EV0065,2026-08-23T20:00:00,attended,true,5
RG06530,ST1167,EV0116,2026-09-11T19:30:00,no_show,false,
RG06531,ST1167,EV0267,2026-10-25T14:00:00,registered,false,
RG06532,ST1167,EV0272,2026-11-08T19:30:00,registered,true,
RG06533,ST1167,EV0273,2026-10-31T02:30:00,registered,false,
RG06534,ST1168,EV0002,2026-09-20T17:00:00,registered,false,
RG06535,ST1168,EV0021,2026-11-13T07:00:00,registered,true,
RG06536,ST1168,EV0057,2026-08-13T04:00:00,attended,true,
RG06537,ST1168,EV0121,2026-12-05T02:00:00,registered,true,
RG06538,ST1168,EV0126,2026-08-21T09:00:00,attended,true,3
RG06539,ST1168,EV0152,2026-09-15T05:30:00,registered,false,
RG06540,ST1168,EV0268,2026-09-11T09:00:00,no_show,false,
RG06541,ST1169,EV0026,2026-11-12T23:00:00,registered,false,
RG06542,ST1169,EV0093,2026-10-02T00:00:00,registered,false,
RG06543,ST1169,EV0109,2026-09-13T16:30:00,attended,true,5
RG06544,ST1169,EV0188,2026-12-02T02:00:00,registered,true,
RG06545,ST1169,EV0189,2026-09-27T17:00:00,registered,false,
RG06546,ST1169,EV0191,2026-11-19T12:00:00,registered,true,
RG06547,ST1169,EV0193,2026-08-13T10:00:00,no_show,false,
RG06548,ST1169,EV0244,2026-09-15T18:00:00,registered,false,
RG06549,ST1169,EV0247,2026-09-18T14:00:00,registered,false,
RG06550,ST1169,EV0278,2026-12-05T06:30:00,registered,true,
RG06551,ST1170,EV0004,2026-10-04T10:00:00,registered,false,
RG06552,ST1170,EV0021,2026-11-15T05:00:00,registered,true,
RG06553,ST1170,EV0062,2026-09-16T23:00:00,registered,false,
RG06554,ST1170,EV0197,2026-11-12T17:30:00,registered,true,
RG06555,ST1170,EV0272,2026-11-13T18:30:00,registered,false,
RG06556,ST1171,EV0054,2026-10-20T16:00:00,registered,true,
RG06557,ST1171,EV0112,2026-09-16T07:30:00,registered,false,
RG06558,ST1171,EV0116,2026-09-07T18:30:00,attended,true,3
RG06559,ST1171,EV0117,2026-11-25T05:30:00,registered,true,
RG06560,ST1171,EV0119,2026-10-19T14:30:00,registered,true,
RG06561,ST1171,EV0182,2026-08-26T06:30:00,attended,false,
RG06562,ST1172,EV0028,2026-09-08T13:30:00,attended,false,3
RG06563,ST1172,EV0079,2026-11-23T03:00:00,registered,true,
RG06564,ST1173,EV0026,2026-11-15T13:00:00,registered,false,
RG06565,ST1173,EV0046,2026-10-30T11:00:00,registered,false,
RG06566,ST1173,EV0179,2026-11-25T03:30:00,registered,true,
RG06567,ST1173,EV0181,2026-12-03T22:30:00,registered,false,
RG06568,ST1173,EV0250,2026-09-21T17:00:00,registered,false,
RG06569,ST1173,EV0279,2026-10-19T08:30:00,registered,false,
RG06570,ST1174,EV0172,2026-10-19T15:30:00,registered,false,
RG06571,ST1174,EV0246,2026-09-05T13:00:00,attended,true,4
RG06572,ST1175,EV0001,2026-09-25T23:00:00,registered,true,
RG06573,ST1175,EV0059,2026-10-28T14:30:00,registered,true,
RG06574,ST1175,EV0101,2026-11-24T00:00:00,registered,false,
RG06575,ST1175,EV0178,2026-11-14T18:00:00,registered,true,
RG06576,ST1175,EV0194,2026-12-01T22:30:00,registered,false,
RG06577,ST1175,EV0208,2026-11-02T12:30:00,registered,true,
RG06578,ST1175,EV0279,2026-10-16T12:30:00,registered,true,
RG06579,ST1176,EV0007,2026-09-20T08:00:00,registered,false,
RG06580,ST1176,EV0222,2026-11-21T11:30:00,registered,true,
RG06581,ST1176,EV0226,2026-08-28T17:30:00,no_show,false,
RG06582,ST1176,EV0231,2026-11-25T08:00:00,registered,true,
RG06583,ST1176,EV0245,2026-10-03T13:00:00,registered,false,
RG06584,ST1176,EV0248,2026-10-03T13:00:00,registered,false,
RG06585,ST1176,EV0249,2026-08-31T03:00:00,no_show,false,
RG06586,ST1176,EV0254,2026-11-11T06:00:00,registered,false,
RG06587,ST1176,EV0260,2026-09-22T09:00:00,registered,false,
RG06588,ST1177,EV0001,2026-09-27T23:00:00,registered,true,
RG06589,ST1177,EV0131,2026-09-20T13:30:00,registered,false,
RG06590,ST1177,EV0212,2026-10-18T08:30:00,registered,true,
RG06591,ST1177,EV0219,2026-10-15T11:30:00,registered,false,
RG06592,ST1178,EV0006,2026-10-12T21:00:00,registered,false,
RG06593,ST1178,EV0062,2026-09-11T23:00:00,registered,false,
RG06594,ST1178,EV0273,2026-11-06T07:30:00,registered,true,
RG06595,ST1179,EV0133,2026-08-11T11:30:00,no_show,false,
RG06596,ST1179,EV0159,2026-11-23T00:00:00,registered,true,
RG06597,ST1179,EV0169,2026-08-21T09:30:00,attended,true,5
RG06598,ST1179,EV0172,2026-10-17T22:30:00,registered,false,
RG06599,ST1179,EV0254,2026-11-09T16:00:00,registered,false,
RG06600,ST1179,EV0273,2026-11-09T02:30:00,registered,true,
RG06601,ST1180,EV0107,2026-09-20T06:30:00,registered,true,
RG06602,ST1180,EV0111,2026-10-24T04:30:00,registered,false,
RG06603,ST1180,EV0115,2026-10-12T05:00:00,registered,false,
RG06604,ST1180,EV0128,2026-11-21T00:30:00,registered,false,
RG06605,ST1180,EV0173,2026-10-20T15:30:00,registered,false,
RG06606,ST1180,EV0264,2026-10-19T05:30:00,registered,true,
RG06607,ST1181,EV0070,2026-10-20T02:00:00,registered,true,
RG06608,ST1181,EV0099,2026-10-24T08:00:00,registered,false,
RG06609,ST1181,EV0188,2026-12-01T23:00:00,registered,false,
RG06610,ST1181,EV0248,2026-10-06T01:00:00,registered,true,
RG06611,ST1181,EV0279,2026-10-09T04:30:00,registered,true,
RG06612,ST1182,EV0043,2026-11-30T10:30:00,registered,true,
RG06613,ST1182,EV0105,2026-11-04T08:30:00,registered,true,
RG06614,ST1182,EV0112,2026-09-24T07:30:00,registered,false,
RG06615,ST1182,EV0119,2026-10-21T00:30:00,registered,false,
RG06616,ST1182,EV0171,2026-09-23T12:30:00,registered,false,
RG06617,ST1183,EV0058,2026-10-21T04:00:00,registered,true,
RG06618,ST1183,EV0084,2026-09-19T13:00:00,registered,true,
RG06619,ST1183,EV0087,2026-09-11T23:00:00,no_show,false,
RG06620,ST1183,EV0157,2026-09-12T01:30:00,attended,false,
RG06621,ST1183,EV0276,2026-08-15T15:00:00,attended,false,3
RG06622,ST1183,EV0277,2026-10-25T18:30:00,registered,true,
RG06623,ST1184,EV0001,2026-09-26T21:00:00,registered,false,
RG06624,ST1184,EV0059,2026-10-28T02:30:00,registered,true,
RG06625,ST1184,EV0065,2026-08-25T05:00:00,attended,true,3
RG06626,ST1184,EV0174,2026-10-25T06:30:00,registered,false,
RG06627,ST1184,EV0186,2026-09-16T06:00:00,registered,true,
RG06628,ST1184,EV0246,2026-09-07T18:00:00,attended,true,
RG06629,ST1184,EV0250,2026-09-14T03:00:00,registered,true,
RG06630,ST1185,EV0002,2026-09-29T00:00:00,registered,false,
RG06631,ST1185,EV0017,2026-08-22T07:30:00,attended,false,5
RG06632,ST1185,EV0115,2026-10-15T05:00:00,registered,false,
RG06633,ST1185,EV0215,2026-12-01T19:30:00,registered,false,
RG06634,ST1186,EV0002,2026-09-21T18:00:00,registered,false,
RG06635,ST1186,EV0036,2026-09-28T08:00:00,registered,true,
RG06636,ST1186,EV0060,2026-11-14T05:00:00,registered,true,
RG06637,ST1186,EV0109,2026-09-10T12:30:00,no_show,false,
RG06638,ST1186,EV0280,2026-09-20T09:30:00,registered,false,
RG06639,ST1187,EV0006,2026-10-14T19:00:00,registered,false,
RG06640,ST1187,EV0024,2026-08-21T04:30:00,attended,false,3
RG06641,ST1187,EV0070,2026-10-21T17:00:00,registered,false,
RG06642,ST1187,EV0137,2026-12-03T23:30:00,registered,false,
RG06643,ST1187,EV0139,2026-10-13T23:30:00,registered,true,
RG06644,ST1188,EV0141,2026-09-21T04:00:00,registered,false,
RG06645,ST1188,EV0182,2026-08-31T11:30:00,attended,true,
RG06646,ST1188,EV0249,2026-09-03T07:00:00,attended,false,
RG06647,ST1188,EV0277,2026-10-22T21:30:00,registered,true,
RG06648,ST1189,EV0008,2026-09-03T01:00:00,no_show,false,
RG06649,ST1189,EV0059,2026-10-28T00:30:00,registered,false,
RG06650,ST1189,EV0101,2026-11-30T08:00:00,registered,true,
RG06651,ST1189,EV0177,2026-11-06T07:00:00,registered,false,
RG06652,ST1189,EV0178,2026-11-23T08:00:00,registered,true,
RG06653,ST1189,EV0279,2026-10-11T21:30:00,registered,true,
RG06654,ST1190,EV0042,2026-10-26T16:30:00,registered,false,
RG06655,ST1190,EV0105,2026-11-10T05:30:00,registered,false,
RG06656,ST1190,EV0110,2026-10-20T08:30:00,registered,true,
RG06657,ST1190,EV0117,2026-11-27T09:30:00,registered,true,
RG06658,ST1190,EV0199,2026-11-04T14:30:00,registered,true,
RG06659,ST1190,EV0246,2026-09-10T09:00:00,attended,false,
RG06660,ST1190,EV0262,2026-10-22T22:30:00,registered,false,
RG06661,ST1190,EV0267,2026-10-26T09:00:00,registered,true,
RG06662,ST1190,EV0276,2026-08-17T11:00:00,no_show,false,
RG06663,ST1190,EV0280,2026-09-22T05:30:00,registered,true,
RG06664,ST1191,EV0169,2026-08-22T11:30:00,no_show,false,
RG06665,ST1191,EV0235,2026-08-20T14:00:00,attended,false,3
RG06666,ST1192,EV0109,2026-09-16T04:30:00,attended,true,
RG06667,ST1192,EV0118,2026-11-07T04:30:00,registered,true,
RG06668,ST1192,EV0236,2026-10-06T00:00:00,registered,true,
RG06669,ST1192,EV0270,2026-11-26T10:00:00,registered,true,
RG06670,ST1193,EV0002,2026-09-24T02:00:00,registered,true,
RG06671,ST1193,EV0010,2026-11-26T00:00:00,registered,false,
RG06672,ST1193,EV0018,2026-11-14T20:00:00,registered,true,
RG06673,ST1193,EV0023,2026-11-06T06:00:00,registered,true,
RG06674,ST1193,EV0057,2026-08-23T02:00:00,attended,false,
RG06675,ST1193,EV0070,2026-10-25T23:00:00,registered,true,
RG06676,ST1193,EV0123,2026-11-11T02:00:00,registered,false,
RG06677,ST1193,EV0124,2026-09-08T16:00:00,registered,true,
RG06678,ST1193,EV0158,2026-10-07T09:30:00,registered,false,
RG06679,ST1194,EV0004,2026-10-11T11:00:00,registered,false,
RG06680,ST1194,EV0137,2026-11-30T19:30:00,registered,false,
RG06681,ST1194,EV0171,2026-09-21T09:30:00,registered,true,
RG06682,ST1194,EV0194,2026-11-26T23:30:00,registered,false,
RG06683,ST1194,EV0196,2026-10-01T02:30:00,registered,true,
RG06684,ST1194,EV0197,2026-11-08T10:30:00,registered,false,
RG06685,ST1194,EV0267,2026-10-25T04:00:00,registered,false,
RG06686,ST1194,EV0273,2026-11-02T23:30:00,registered,false,
RG06687,ST1195,EV0222,2026-11-16T10:30:00,registered,true,
RG06688,ST1195,EV0228,2026-08-28T03:00:00,no_show,true,
RG06689,ST1195,EV0244,2026-09-17T22:00:00,registered,false,
RG06690,ST1195,EV0247,2026-09-13T13:00:00,registered,false,
RG06691,ST1195,EV0278,2026-12-04T00:30:00,registered,false,
RG06692,ST1195,EV0279,2026-10-10T06:30:00,registered,true,
RG06693,ST1196,EV0001,2026-09-16T19:00:00,registered,false,
RG06694,ST1196,EV0183,2026-09-02T15:30:00,attended,true,
RG06695,ST1197,EV0094,2026-11-16T08:30:00,registered,false,
RG06696,ST1197,EV0132,2026-09-13T02:30:00,registered,true,
RG06697,ST1197,EV0133,2026-08-20T02:30:00,attended,true,3
RG06698,ST1197,EV0146,2026-10-16T13:00:00,registered,false,
RG06699,ST1197,EV0147,2026-08-26T00:00:00,no_show,false,
RG06700,ST1197,EV0222,2026-11-16T06:30:00,registered,true,
RG06701,ST1197,EV0237,2026-08-31T23:00:00,attended,true,5
RG06702,ST1198,EV0142,2026-09-08T14:00:00,registered,false,
RG06703,ST1198,EV0160,2026-10-19T12:00:00,registered,false,
RG06704,ST1198,EV0196,2026-10-03T22:30:00,registered,false,
RG06705,ST1198,EV0268,2026-09-02T05:00:00,attended,false,4
RG06706,ST1199,EV0002,2026-09-26T06:00:00,registered,true,
RG06707,ST1199,EV0008,2026-08-28T11:00:00,attended,true,
RG06708,ST1199,EV0031,2026-11-17T19:00:00,registered,true,
RG06709,ST1199,EV0067,2026-10-15T08:30:00,registered,true,
RG06710,ST1199,EV0137,2026-11-25T03:30:00,registered,false,
RG06711,ST1199,EV0138,2026-09-04T03:30:00,no_show,true,
RG06712,ST1199,EV0215,2026-11-27T13:30:00,registered,true,
RG06713,ST1199,EV0230,2026-11-27T17:00:00,registered,true,
RG06714,ST1199,EV0272,2026-11-14T04:30:00,registered,true,
RG06715,ST1200,EV0011,2026-10-21T16:00:00,registered,false,
RG06716,ST1200,EV0023,2026-10-31T01:00:00,registered,false,
RG06717,ST1200,EV0048,2026-11-06T06:00:00,registered,false,
RG06718,ST1200,EV0091,2026-11-19T04:30:00,registered,false,
