student_id,skill_id,skill_name,proficiency,source
ST0001,SK040,Business Strategy,beginner,resume_parse_mock
ST0001,SK029,Excel Modeling,intermediate,resume_parse_mock
ST0001,SK023,MATLAB,advanced,resume_parse_mock
ST0001,SK038,Market Sizing,intermediate,resume_parse_mock
ST0001,SK053,Project Management,beginner,resume_parse_mock
ST0001,SK014,Spark / Databricks,intermediate,resume_parse_mock
ST0001,SK017,Tableau / Power BI,beginner,resume_parse_mock
ST0002,SK040,Business Strategy,advanced,resume_parse_mock
ST0002,SK039,Case Interviewing,beginner,resume_parse_mock
ST0002,SK008,Cloud (AWS/Azure/GCP),beginner,resume_parse_mock
ST0002,SK029,Excel Modeling,intermediate,resume_parse_mock
ST0002,SK038,Market Sizing,beginner,resume_parse_mock
ST0002,SK047,Public Speaking,advanced,resume_parse_mock
ST0002,SK001,Python,intermediate,resume_parse_mock
ST0002,SK042,Supply Chain Analytics,beginner,resume_parse_mock
ST0003,SK008,Cloud (AWS/Azure/GCP),intermediate,resume_parse_mock
ST0003,SK013,LLMs & AI Agents,intermediate,resume_parse_mock
ST0003,SK050,Leadership,intermediate,resume_parse_mock
ST0003,SK019,Penetration Testing,beginner,resume_parse_mock
ST0003,SK051,Teamwork,beginner,resume_parse_mock
ST0004,SK052,Behavioral Interviewing,beginner,resume_parse_mock
ST0004,SK012,Deep Learning,intermediate,resume_parse_mock
ST0004,SK002,Java,beginner,resume_parse_mock
ST0004,SK011,Machine Learning,beginner,resume_parse_mock
ST0004,SK047,Public Speaking,beginner,resume_parse_mock
ST0004,SK028,User Research,beginner,resume_parse_mock
ST0005,SK032,Accounting Fundamentals,advanced,resume_parse_mock
ST0005,SK037,Auditing,advanced,resume_parse_mock
ST0005,SK031,DCF Valuation,beginner,resume_parse_mock
ST0005,SK036,Financial Statement Analysis,beginner,resume_parse_mock
ST0005,SK033,LBO Modeling,advanced,resume_parse_mock
ST0005,SK050,Leadership,advanced,resume_parse_mock
ST0006,SK040,Business Strategy,advanced,resume_parse_mock
ST0006,SK022,CAD (SolidWorks),intermediate,resume_parse_mock
ST0006,SK039,Case Interviewing,intermediate,resume_parse_mock
ST0006,SK029,Excel Modeling,intermediate,resume_parse_mock
ST0006,SK038,Market Sizing,intermediate,resume_parse_mock
ST0006,SK053,Project Management,beginner,resume_parse_mock
ST0006,SK025,Structural Analysis,advanced,resume_parse_mock
ST0006,SK017,Tableau / Power BI,intermediate,resume_parse_mock
ST0006,SK049,Technical Writing,intermediate,resume_parse_mock
ST0007,SK032,Accounting Fundamentals,beginner,resume_parse_mock
ST0007,SK052,Behavioral Interviewing,intermediate,resume_parse_mock
ST0007,SK040,Business Strategy,advanced,resume_parse_mock
ST0007,SK034,M&A Concepts,advanced,resume_parse_mock
ST0007,SK016,Statistics,beginner,resume_parse_mock
ST0007,SK051,Teamwork,advanced,resume_parse_mock
ST0008,SK039,Case Interviewing,beginner,resume_parse_mock
ST0008,SK031,DCF Valuation,beginner,resume_parse_mock
ST0008,SK029,Excel Modeling,beginner,resume_parse_mock
ST0008,SK033,LBO Modeling,intermediate,resume_parse_mock
ST0008,SK047,Public Speaking,advanced,resume_parse_mock
ST0008,SK051,Teamwork,intermediate,resume_parse_mock
ST0009,SK003,C/C++,advanced,resume_parse_mock
ST0009,SK009,Data Structures & Algorithms,intermediate,resume_parse_mock
ST0009,SK050,Leadership,intermediate,resume_parse_mock
ST0009,SK001,Python,beginner,resume_parse_mock
ST0009,SK016,Statistics,advanced,resume_parse_mock
ST0009,SK051,Teamwork,advanced,resume_parse_mock
ST0010,SK052,Behavioral Interviewing,advanced,resume_parse_mock
ST0010,SK039,Case Interviewing,intermediate,resume_parse_mock
ST0010,SK029,Excel Modeling,beginner,resume_parse_mock
ST0010,SK033,LBO Modeling,beginner,resume_parse_mock
ST0010,SK050,Leadership,advanced,resume_parse_mock
ST0010,SK047,Public Speaking,intermediate,resume_parse_mock
ST0010,SK001,Python,intermediate,resume_parse_mock
ST0010,SK051,Teamwork,intermediate,resume_parse_mock
ST0011,SK015,Data Visualization,advanced,resume_parse_mock
ST0011,SK043,Digital Marketing,advanced,resume_parse_mock
ST0011,SK027,Figma,advanced,resume_parse_mock
ST0011,SK004,JavaScript,advanced,resume_parse_mock
ST0011,SK028,User Research,intermediate,resume_parse_mock
ST0012,SK008,Cloud (AWS/Azure/GCP),beginner,resume_parse_mock
ST0012,SK012,Deep Learning,intermediate,resume_parse_mock
ST0012,SK027,Figma,intermediate,resume_parse_mock
ST0012,SK019,Penetration Testing,advanced,resume_parse_mock
ST0012,SK053,Project Management,intermediate,resume_parse_mock
ST0012,SK001,Python,beginner,resume_parse_mock
ST0012,SK010,System Design,intermediate,resume_parse_mock
ST0012,SK051,Teamwork,advanced,resume_parse_mock
ST0013,SK012,Deep Learning,intermediate,resume_parse_mock
ST0013,SK002,Java,advanced,resume_parse_mock
ST0013,SK013,LLMs & AI Agents,advanced,resume_parse_mock
ST0013,SK023,MATLAB,advanced,resume_parse_mock
ST0013,SK001,Python,beginner,resume_parse_mock
ST0013,SK010,System Design,advanced,resume_parse_mock
ST0014,SK052,Behavioral Interviewing,intermediate,resume_parse_mock
ST0014,SK033,LBO Modeling,intermediate,resume_parse_mock
ST0014,SK034,M&A Concepts,advanced,resume_parse_mock
ST0015,SK003,C/C++,beginner,resume_parse_mock
ST0015,SK024,Circuit Design,intermediate,resume_parse_mock
ST0015,SK021,Embedded Systems,advanced,resume_parse_mock
ST0015,SK050,Leadership,beginner,resume_parse_mock
ST0015,SK023,MATLAB,advanced,resume_parse_mock
ST0015,SK047,Public Speaking,intermediate,resume_parse_mock
ST0015,SK051,Teamwork,beginner,resume_parse_mock
ST0016,SK026,Lab Research Methods,beginner,resume_parse_mock
ST0016,SK050,Leadership,intermediate,resume_parse_mock
ST0016,SK023,MATLAB,intermediate,resume_parse_mock
ST0016,SK001,Python,beginner,resume_parse_mock
ST0016,SK016,Statistics,advanced,resume_parse_mock
ST0016,SK051,Teamwork,beginner,resume_parse_mock
ST0016,SK049,Technical Writing,beginner,resume_parse_mock
ST0017,SK007,Git,advanced,resume_parse_mock
ST0017,SK002,Java,intermediate,resume_parse_mock
ST0017,SK011,Machine Learning,beginner,resume_parse_mock
ST0017,SK041,Product Roadmapping,beginner,resume_parse_mock
ST0017,SK006,SQL,beginner,resume_parse_mock
ST0018,SK052,Behavioral Interviewing,beginner,resume_parse_mock
ST0018,SK003,C/C++,intermediate,resume_parse_mock
ST0018,SK008,Cloud (AWS/Azure/GCP),advanced,resume_parse_mock
ST0018,SK001,Python,intermediate,resume_parse_mock
ST0018,SK006,SQL,advanced,resume_parse_mock
ST0018,SK046,Stochastic Calculus,intermediate,resume_parse_mock
ST0019,SK032,Accounting Fundamentals,advanced,resume_parse_mock
ST0019,SK052,Behavioral Interviewing,beginner,resume_parse_mock
ST0019,SK039,Case Interviewing,beginner,resume_parse_mock
ST0019,SK031,DCF Valuation,intermediate,resume_parse_mock
ST0019,SK029,Excel Modeling,intermediate,resume_parse_mock
ST0019,SK034,M&A Concepts,advanced,resume_parse_mock
ST0019,SK048,Networking,advanced,resume_parse_mock
ST0019,SK047,Public Speaking,intermediate,resume_parse_mock
ST0019,SK016,Statistics,intermediate,resume_parse_mock
ST0020,SK003,C/C++,beginner,resume_parse_mock
ST0020,SK024,Circuit Design,intermediate,resume_parse_mock
ST0020,SK050,Leadership,advanced,resume_parse_mock
ST0020,SK034,M&A Concepts,intermediate,resume_parse_mock
ST0020,SK023,MATLAB,beginner,resume_parse_mock
ST0020,SK047,Public Speaking,beginner,resume_parse_mock
ST0020,SK051,Teamwork,beginner,resume_parse_mock
ST0021,SK032,Accounting Fundamentals,intermediate,resume_parse_mock
ST0021,SK030,Financial Modeling,advanced,resume_parse_mock
ST0021,SK033,LBO Modeling,advanced,resume_parse_mock
ST0021,SK050,Leadership,beginner,resume_parse_mock
ST0021,SK048,Networking,intermediate,resume_parse_mock
ST0021,SK051,Teamwork,advanced,resume_parse_mock
ST0022,SK008,Cloud (AWS/Azure/GCP),intermediate,resume_parse_mock
ST0022,SK015,Data Visualization,intermediate,resume_parse_mock
ST0022,SK007,Git,intermediate,resume_parse_mock
ST0022,SK018,Network Security,advanced,resume_parse_mock
ST0022,SK046,Stochastic Calculus,beginner,resume_parse_mock
ST0022,SK010,System Design,intermediate,resume_parse_mock
ST0023,SK032,Accounting Fundamentals,intermediate,resume_parse_mock
ST0023,SK052,Behavioral Interviewing,beginner,resume_parse_mock
ST0023,SK039,Case Interviewing,advanced,resume_parse_mock
ST0023,SK029,Excel Modeling,advanced,resume_parse_mock
ST0023,SK036,Financial Statement Analysis,intermediate,resume_parse_mock
ST0023,SK001,Python,intermediate,resume_parse_mock
ST0023,SK016,Statistics,beginner,resume_parse_mock
ST0024,SK039,Case Interviewing,intermediate,resume_parse_mock
ST0024,SK011,Machine Learning,beginner,resume_parse_mock
ST0024,SK047,Public Speaking,advanced,resume_parse_mock
ST0025,SK039,Case Interviewing,advanced,resume_parse_mock
ST0025,SK031,DCF Valuation,beginner,resume_parse_mock
ST0025,SK033,LBO Modeling,advanced,resume_parse_mock
ST0025,SK034,M&A Concepts,intermediate,resume_parse_mock
ST0025,SK038,Market Sizing,beginner,resume_parse_mock
ST0025,SK048,Networking,advanced,resume_parse_mock
ST0026,SK031,DCF Valuation,beginner,resume_parse_mock
ST0026,SK030,Financial Modeling,intermediate,resume_parse_mock
ST0026,SK033,LBO Modeling,intermediate,resume_parse_mock
ST0026,SK034,M&A Concepts,intermediate,resume_parse_mock
ST0026,SK038,Market Sizing,beginner,resume_parse_mock
ST0026,SK048,Networking,advanced,resume_parse_mock
ST0027,SK027,Figma,intermediate,resume_parse_mock
ST0027,SK013,LLMs & AI Agents,intermediate,resume_parse_mock
ST0027,SK053,Project Management,advanced,resume_parse_mock
ST0027,SK014,Spark / Databricks,intermediate,resume_parse_mock
ST0027,SK051,Teamwork,beginner,resume_parse_mock
ST0028,SK022,CAD (SolidWorks),advanced,resume_parse_mock
ST0028,SK050,Leadership,advanced,resume_parse_mock
ST0028,SK053,Project Management,beginner,resume_parse_mock
ST0028,SK047,Public Speaking,intermediate,resume_parse_mock
ST0028,SK025,Structural Analysis,beginner,resume_parse_mock
ST0028,SK051,Teamwork,advanced,resume_parse_mock
ST0028,SK049,Technical Writing,intermediate,resume_parse_mock
ST0029,SK037,Auditing,intermediate,resume_parse_mock
ST0029,SK040,Business Strategy,intermediate,resume_parse_mock
ST0029,SK030,Financial Modeling,advanced,resume_parse_mock
ST0029,SK033,LBO Modeling,advanced,resume_parse_mock
ST0029,SK034,M&A Concepts,beginner,resume_parse_mock
ST0029,SK047,Public Speaking,beginner,resume_parse_mock
ST0030,SK033,LBO Modeling,advanced,resume_parse_mock
ST0030,SK034,M&A Concepts,intermediate,resume_parse_mock
ST0030,SK011,Machine Learning,intermediate,resume_parse_mock
ST0030,SK048,Networking,advanced,resume_parse_mock
ST0030,SK054,Policy Analysis,intermediate,resume_parse_mock
ST0030,SK049,Technical Writing,beginner,resume_parse_mock
ST0031,SK008,Cloud (AWS/Azure/GCP),intermediate,resume_parse_mock
ST0031,SK041,Product Roadmapping,beginner,resume_parse_mock
ST0031,SK051,Teamwork,intermediate,resume_parse_mock
ST0031,SK028,User Research,intermediate,resume_parse_mock
ST0032,SK026,Lab Research Methods,advanced,resume_parse_mock
ST0032,SK050,Leadership,beginner,resume_parse_mock
ST0032,SK023,MATLAB,advanced,resume_parse_mock
ST0032,SK047,Public Speaking,beginner,resume_parse_mock
ST0032,SK001,Python,advanced,resume_parse_mock
ST0032,SK016,Statistics,beginner,resume_parse_mock
ST0032,SK049,Technical Writing,intermediate,resume_parse_mock
ST0033,SK037,Auditing,advanced,resume_parse_mock
ST0033,SK036,Financial Statement Analysis,advanced,resume_parse_mock
ST0033,SK033,LBO Modeling,intermediate,resume_parse_mock
ST0033,SK050,Leadership,beginner,resume_parse_mock
ST0033,SK047,Public Speaking,beginner,resume_parse_mock
ST0033,SK051,Teamwork,beginner,resume_parse_mock
ST0034,SK027,Figma,beginner,resume_parse_mock
ST0034,SK054,Policy Analysis,beginner,resume_parse_mock
ST0034,SK047,Public Speaking,beginner,resume_parse_mock
ST0034,SK049,Technical Writing,beginner,resume_parse_mock
ST0035,SK052,Behavioral Interviewing,beginner,resume_parse_mock
ST0035,SK020,Linux,advanced,resume_parse_mock
ST0035,SK011,Machine Learning,intermediate,resume_parse_mock
ST0035,SK019,Penetration Testing,intermediate,resume_parse_mock
ST0035,SK006,SQL,beginner,resume_parse_mock
ST0035,SK010,System Design,beginner,resume_parse_mock
ST0036,SK032,Accounting Fundamentals,intermediate,resume_parse_mock
ST0036,SK029,Excel Modeling,intermediate,resume_parse_mock
ST0036,SK030,Financial Modeling,advanced,resume_parse_mock
ST0036,SK011,Machine Learning,advanced,resume_parse_mock
ST0036,SK051,Teamwork,intermediate,resume_parse_mock
ST0037,SK022,CAD (SolidWorks),intermediate,resume_parse_mock
ST0037,SK053,Project Management,advanced,resume_parse_mock
ST0037,SK047,Public Speaking,beginner,resume_parse_mock
ST0037,SK025,Structural Analysis,advanced,resume_parse_mock
ST0037,SK051,Teamwork,intermediate,resume_parse_mock
ST0037,SK049,Technical Writing,intermediate,resume_parse_mock
ST0038,SK029,Excel Modeling,beginner,resume_parse_mock
ST0038,SK020,Linux,advanced,resume_parse_mock
ST0038,SK038,Market Sizing,intermediate,resume_parse_mock
ST0038,SK053,Project Management,advanced,resume_parse_mock
ST0038,SK001,Python,intermediate,resume_parse_mock
ST0038,SK014,Spark / Databricks,intermediate,resume_parse_mock
ST0039,SK022,CAD (SolidWorks),intermediate,resume_parse_mock
ST0039,SK050,Leadership,intermediate,resume_parse_mock
ST0039,SK023,MATLAB,advanced,resume_parse_mock
ST0039,SK011,Machine Learning,beginner,resume_parse_mock
ST0039,SK053,Project Management,beginner,resume_parse_mock
ST0039,SK001,Python,advanced,resume_parse_mock
ST0040,SK026,Lab Research Methods,intermediate,resume_parse_mock
ST0040,SK050,Leadership,beginner,resume_parse_mock
ST0040,SK023,MATLAB,intermediate,resume_parse_mock
ST0040,SK047,Public Speaking,intermediate,resume_parse_mock
ST0040,SK001,Python,beginner,resume_parse_mock
ST0040,SK049,Technical Writing,beginner,resume_parse_mock
ST0041,SK031,DCF Valuation,intermediate,resume_parse_mock
ST0041,SK030,Financial Modeling,advanced,resume_parse_mock
ST0041,SK048,Networking,beginner,resume_parse_mock
ST0042,SK022,CAD (SolidWorks),beginner,resume_parse_mock
ST0042,SK050,Leadership,beginner,resume_parse_mock
ST0042,SK025,Structural Analysis,intermediate,resume_parse_mock
ST0043,SK039,Case Interviewing,advanced,resume_parse_mock
ST0043,SK031,DCF Valuation,advanced,resume_parse_mock
ST0043,SK034,M&A Concepts,intermediate,resume_parse_mock
ST0043,SK011,Machine Learning,beginner,resume_parse_mock
ST0044,SK052,Behavioral Interviewing,intermediate,resume_parse_mock
ST0044,SK031,DCF Valuation,intermediate,resume_parse_mock
ST0044,SK036,Financial Statement Analysis,intermediate,resume_parse_mock
ST0044,SK054,Policy Analysis,intermediate,resume_parse_mock
ST0044,SK041,Product Roadmapping,advanced,resume_parse_mock
ST0045,SK026,Lab Research Methods,advanced,resume_parse_mock
ST0045,SK050,Leadership,beginner,resume_parse_mock
ST0045,SK023,MATLAB,beginner,resume_parse_mock
ST0045,SK001,Python,intermediate,resume_parse_mock
ST0045,SK016,Statistics,intermediate,resume_parse_mock
ST0045,SK051,Teamwork,advanced,resume_parse_mock
ST0045,SK049,Technical Writing,beginner,resume_parse_mock
ST0046,SK008,Cloud (AWS/Azure/GCP),intermediate,resume_parse_mock
ST0046,SK004,JavaScript,intermediate,resume_parse_mock
ST0046,SK011,Machine Learning,intermediate,resume_parse_mock
ST0046,SK041,Product Roadmapping,advanced,resume_parse_mock
ST0046,SK053,Project Management,intermediate,resume_parse_mock
ST0046,SK047,Public Speaking,beginner,resume_parse_mock
ST0046,SK016,Statistics,advanced,resume_parse_mock
ST0047,SK037,Auditing,beginner,resume_parse_mock
ST0047,SK052,Behavioral Interviewing,intermediate,resume_parse_mock
ST0047,SK040,Business Strategy,advanced,resume_parse_mock
ST0047,SK050,Leadership,intermediate,resume_parse_mock
ST0047,SK047,Public Speaking,beginner,resume_parse_mock
ST0048,SK003,C/C++,beginner,resume_parse_mock
ST0048,SK016,Statistics,beginner,resume_parse_mock
ST0048,SK046,Stochastic Calculus,beginner,resume_parse_mock
ST0049,SK003,C/C++,beginner,resume_parse_mock
ST0049,SK024,Circuit Design,advanced,resume_parse_mock
ST0049,SK021,Embedded Systems,advanced,resume_parse_mock
ST0049,SK050,Leadership,advanced,resume_parse_mock
ST0049,SK023,MATLAB,intermediate,resume_parse_mock
ST0049,SK047,Public Speaking,beginner,resume_parse_mock
ST0049,SK051,Teamwork,beginner,resume_parse_mock
ST0050,SK015,Data Visualization,advanced,resume_parse_mock
ST0050,SK043,Digital Marketing,advanced,resume_parse_mock
ST0050,SK050,Leadership,beginner,resume_parse_mock
ST0050,SK044,Market Research,advanced,resume_parse_mock
ST0050,SK047,Public Speaking,intermediate,resume_parse_mock
ST0050,SK051,Teamwork,advanced,resume_parse_mock
ST0051,SK039,Case Interviewing,intermediate,resume_parse_mock
ST0051,SK008,Cloud (AWS/Azure/GCP),beginner,resume_parse_mock
ST0051,SK007,Git,advanced,resume_parse_mock
ST0051,SK002,Java,advanced,resume_parse_mock
ST0051,SK004,JavaScript,beginner,resume_parse_mock
ST0051,SK013,LLMs & AI Agents,intermediate,resume_parse_mock
ST0051,SK011,Machine Learning,beginner,resume_parse_mock
ST0051,SK041,Product Roadmapping,beginner,resume_parse_mock
ST0051,SK014,Spark / Databricks,beginner,resume_parse_mock
ST0052,SK003,C/C++,advanced,resume_parse_mock
ST0052,SK024,Circuit Design,beginner,resume_parse_mock
ST0052,SK021,Embedded Systems,intermediate,resume_parse_mock
ST0052,SK050,Leadership,beginner,resume_parse_mock
ST0052,SK023,MATLAB,advanced,resume_parse_mock
ST0052,SK047,Public Speaking,beginner,resume_parse_mock
ST0052,SK051,Teamwork,intermediate,resume_parse_mock
ST0053,SK039,Case Interviewing,intermediate,resume_parse_mock
ST0053,SK008,Cloud (AWS/Azure/GCP),beginner,resume_parse_mock
ST0053,SK019,Penetration Testing,intermediate,resume_parse_mock
ST0053,SK047,Public Speaking,advanced,resume_parse_mock
ST0053,SK006,SQL,intermediate,resume_parse_mock
ST0053,SK042,Supply Chain Analytics,intermediate,resume_parse_mock
ST0053,SK017,Tableau / Power BI,intermediate,resume_parse_mock
ST0054,SK016,Statistics,advanced,resume_parse_mock
ST0054,SK051,Teamwork,beginner,resume_parse_mock
ST0054,SK049,Technical Writing,advanced,resume_parse_mock
ST0055,SK015,Data Visualization,intermediate,resume_parse_mock
ST0055,SK044,Market Research,beginner,resume_parse_mock
ST0055,SK054,Policy Analysis,intermediate,resume_parse_mock
ST0055,SK016,Statistics,advanced,resume_parse_mock
ST0055,SK049,Technical Writing,beginner,resume_parse_mock
ST0056,SK022,CAD (SolidWorks),intermediate,resume_parse_mock
ST0056,SK023,MATLAB,intermediate,resume_parse_mock
ST0056,SK047,Public Speaking,advanced,resume_parse_mock
ST0056,SK051,Teamwork,beginner,resume_parse_mock
ST0056,SK049,Technical Writing,beginner,resume_parse_mock
ST0057,SK040,Business Strategy,intermediate,resume_parse_mock
ST0057,SK050,Leadership,advanced,resume_parse_mock
ST0057,SK023,MATLAB,advanced,resume_parse_mock
ST0057,SK053,Project Management,beginner,resume_parse_mock
ST0057,SK047,Public Speaking,beginner,resume_parse_mock
ST0057,SK025,Structural Analysis,beginner,resume_parse_mock
ST0057,SK051,Teamwork,beginner,resume_parse_mock
ST0057,SK028,User Research,advanced,resume_parse_mock
ST0058,SK022,CAD (SolidWorks),advanced,resume_parse_mock
ST0058,SK015,Data Visualization,beginner,resume_parse_mock
ST0058,SK050,Leadership,intermediate,resume_parse_mock
ST0058,SK053,Project Management,intermediate,resume_parse_mock
ST0058,SK047,Public Speaking,intermediate,resume_parse_mock
ST0058,SK025,Structural Analysis,intermediate,resume_parse_mock
ST0058,SK051,Teamwork,advanced,resume_parse_mock
ST0058,SK049,Technical Writing,beginner,resume_parse_mock
ST0059,SK040,Business Strategy,beginner,resume_parse_mock
ST0059,SK039,Case Interviewing,beginner,resume_parse_mock
ST0059,SK015,Data Visualization,intermediate,resume_parse_mock
ST0059,SK041,Product Roadmapping,advanced,resume_parse_mock
ST0059,SK017,Tableau / Power BI,advanced,resume_parse_mock
ST0059,SK051,Teamwork,beginner,resume_parse_mock
ST0059,SK028,User Research,intermediate,resume_parse_mock
ST0060,SK015,Data Visualization,advanced,resume_parse_mock
ST0060,SK043,Digital Marketing,intermediate,resume_parse_mock
ST0060,SK050,Leadership,intermediate,resume_parse_mock
ST0060,SK044,Market Research,intermediate,resume_parse_mock
ST0060,SK019,Penetration Testing,intermediate,resume_parse_mock
ST0060,SK047,Public Speaking,intermediate,resume_parse_mock
ST0060,SK001,Python,intermediate,resume_parse_mock
ST0060,SK051,Teamwork,advanced,resume_parse_mock
ST0061,SK026,Lab Research Methods,advanced,resume_parse_mock
ST0061,SK050,Leadership,intermediate,resume_parse_mock
ST0061,SK047,Public Speaking,beginner,resume_parse_mock
ST0061,SK001,Python,intermediate,resume_parse_mock
ST0061,SK016,Statistics,beginner,resume_parse_mock
ST0061,SK051,Teamwork,beginner,resume_parse_mock
ST0061,SK049,Technical Writing,intermediate,resume_parse_mock
ST0062,SK015,Data Visualization,advanced,resume_parse_mock
ST0062,SK043,Digital Marketing,beginner,resume_parse_mock
ST0062,SK050,Leadership,beginner,resume_parse_mock
ST0063,SK004,JavaScript,advanced,resume_parse_mock
ST0063,SK044,Market Research,intermediate,resume_parse_mock
ST0063,SK054,Policy Analysis,advanced,resume_parse_mock
ST0063,SK016,Statistics,advanced,resume_parse_mock
ST0064,SK040,Business Strategy,intermediate,resume_parse_mock
ST0064,SK043,Digital Marketing,intermediate,resume_parse_mock
ST0064,SK050,Leadership,advanced,resume_parse_mock
ST0064,SK047,Public Speaking,intermediate,resume_parse_mock
ST0064,SK006,SQL,intermediate,resume_parse_mock
ST0064,SK017,Tableau / Power BI,intermediate,resume_parse_mock
ST0064,SK028,User Research,advanced,resume_parse_mock
ST0065,SK008,Cloud (AWS/Azure/GCP),beginner,resume_parse_mock
ST0065,SK012,Deep Learning,intermediate,resume_parse_mock
ST0065,SK007,Git,intermediate,resume_parse_mock
ST0065,SK004,JavaScript,intermediate,resume_parse_mock
ST0065,SK011,Machine Learning,advanced,resume_parse_mock
ST0066,SK043,Digital Marketing,intermediate,resume_parse_mock
ST0066,SK004,JavaScript,advanced,resume_parse_mock
ST0066,SK001,Python,intermediate,resume_parse_mock
ST0066,SK028,User Research,advanced,resume_parse_mock
ST0067,SK032,Accounting Fundamentals,intermediate,resume_parse_mock
ST0067,SK031,DCF Valuation,advanced,resume_parse_mock
ST0067,SK029,Excel Modeling,intermediate,resume_parse_mock
ST0068,SK052,Behavioral Interviewing,beginner,resume_parse_mock
ST0068,SK004,JavaScript,intermediate,resume_parse_mock
ST0068,SK053,Project Management,advanced,resume_parse_mock
ST0068,SK006,SQL,advanced,resume_parse_mock
ST0068,SK010,System Design,beginner,resume_parse_mock
ST0069,SK050,Leadership,beginner,resume_parse_mock
ST0069,SK023,MATLAB,advanced,resume_parse_mock
ST0069,SK047,Public Speaking,beginner,resume_parse_mock
ST0069,SK025,Structural Analysis,intermediate,resume_parse_mock
ST0069,SK051,Teamwork,intermediate,resume_parse_mock
ST0069,SK049,Technical Writing,intermediate,resume_parse_mock
ST0070,SK037,Auditing,advanced,resume_parse_mock
ST0070,SK039,Case Interviewing,beginner,resume_parse_mock
ST0070,SK036,Financial Statement Analysis,intermediate,resume_parse_mock
ST0071,SK003,C/C++,advanced,resume_parse_mock
ST0071,SK009,Data Structures & Algorithms,advanced,resume_parse_mock
ST0071,SK048,Networking,beginner,resume_parse_mock
ST0071,SK047,Public Speaking,intermediate,resume_parse_mock
ST0071,SK001,Python,intermediate,resume_parse_mock
ST0071,SK014,Spark / Databricks,beginner,resume_parse_mock
ST0071,SK010,System Design,intermediate,resume_parse_mock
ST0072,SK040,Business Strategy,advanced,resume_parse_mock
ST0072,SK012,Deep Learning,beginner,resume_parse_mock
ST0072,SK033,LBO Modeling,intermediate,resume_parse_mock
ST0072,SK048,Networking,advanced,resume_parse_mock
ST0072,SK001,Python,intermediate,resume_parse_mock
ST0073,SK022,CAD (SolidWorks),advanced,resume_parse_mock
ST0073,SK023,MATLAB,beginner,resume_parse_mock
ST0073,SK053,Project Management,beginner,resume_parse_mock
ST0073,SK047,Public Speaking,intermediate,resume_parse_mock
ST0073,SK025,Structural Analysis,advanced,resume_parse_mock
ST0073,SK051,Teamwork,advanced,resume_parse_mock
ST0073,SK049,Technical Writing,advanced,resume_parse_mock
ST0074,SK040,Business Strategy,intermediate,resume_parse_mock
ST0074,SK027,Figma,beginner,resume_parse_mock
ST0074,SK004,JavaScript,intermediate,resume_parse_mock
ST0074,SK047,Public Speaking,beginner,resume_parse_mock
ST0074,SK006,SQL,beginner,resume_parse_mock
ST0074,SK051,Teamwork,advanced,resume_parse_mock
ST0075,SK008,Cloud (AWS/Azure/GCP),beginner,resume_parse_mock
ST0075,SK012,Deep Learning,intermediate,resume_parse_mock
ST0075,SK013,LLMs & AI Agents,intermediate,resume_parse_mock
ST0075,SK001,Python,intermediate,resume_parse_mock
ST0075,SK046,Stochastic Calculus,beginner,resume_parse_mock
ST0076,SK001,Python,intermediate,resume_parse_mock
ST0076,SK016,Statistics,advanced,resume_parse_mock
ST0076,SK049,Technical Writing,intermediate,resume_parse_mock
ST0077,SK008,Cloud (AWS/Azure/GCP),intermediate,resume_parse_mock
ST0077,SK007,Git,advanced,resume_parse_mock
ST0077,SK004,JavaScript,beginner,resume_parse_mock
ST0077,SK013,LLMs & AI Agents,advanced,resume_parse_mock
ST0078,SK003,C/C++,intermediate,resume_parse_mock
ST0078,SK024,Circuit Design,beginner,resume_parse_mock
ST0078,SK021,Embedded Systems,advanced,resume_parse_mock
ST0078,SK050,Leadership,beginner,resume_parse_mock
ST0078,SK051,Teamwork,beginner,resume_parse_mock
ST0079,SK039,Case Interviewing,intermediate,resume_parse_mock
ST0079,SK029,Excel Modeling,beginner,resume_parse_mock
ST0079,SK014,Spark / Databricks,intermediate,resume_parse_mock
ST0079,SK028,User Research,advanced,resume_parse_mock
ST0080,SK039,Case Interviewing,advanced,resume_parse_mock
ST0080,SK008,Cloud (AWS/Azure/GCP),beginner,resume_parse_mock
ST0080,SK007,Git,intermediate,resume_parse_mock
ST0080,SK018,Network Security,beginner,resume_parse_mock
ST0080,SK019,Penetration Testing,beginner,resume_parse_mock
ST0080,SK014,Spark / Databricks,intermediate,resume_parse_mock
ST0080,SK016,Statistics,beginner,resume_parse_mock
ST0081,SK039,Case Interviewing,beginner,resume_parse_mock
ST0081,SK038,Market Sizing,advanced,resume_parse_mock
ST0081,SK042,Supply Chain Analytics,advanced,resume_parse_mock
ST0081,SK017,Tableau / Power BI,intermediate,resume_parse_mock
ST0081,SK028,User Research,advanced,resume_parse_mock
ST0082,SK003,C/C++,advanced,resume_parse_mock
ST0082,SK020,Linux,intermediate,resume_parse_mock
ST0082,SK018,Network Security,beginner,resume_parse_mock
ST0083,SK003,C/C++,advanced,resume_parse_mock
ST0083,SK024,Circuit Design,advanced,resume_parse_mock
ST0083,SK021,Embedded Systems,beginner,resume_parse_mock
ST0083,SK023,MATLAB,intermediate,resume_parse_mock
ST0083,SK047,Public Speaking,beginner,resume_parse_mock
ST0083,SK051,Teamwork,advanced,resume_parse_mock
ST0084,SK015,Data Visualization,beginner,resume_parse_mock
ST0084,SK043,Digital Marketing,beginner,resume_parse_mock
ST0084,SK041,Product Roadmapping,intermediate,resume_parse_mock
ST0084,SK047,Public Speaking,intermediate,resume_parse_mock
ST0084,SK051,Teamwork,advanced,resume_parse_mock
ST0085,SK044,Market Research,advanced,resume_parse_mock
ST0085,SK038,Market Sizing,intermediate,resume_parse_mock
ST0085,SK041,Product Roadmapping,advanced,resume_parse_mock
ST0085,SK047,Public Speaking,beginner,resume_parse_mock
ST0085,SK006,SQL,advanced,resume_parse_mock
ST0085,SK028,User Research,intermediate,resume_parse_mock
ST0086,SK022,CAD (SolidWorks),intermediate,resume_parse_mock
ST0086,SK039,Case Interviewing,beginner,resume_parse_mock
ST0086,SK008,Cloud (AWS/Azure/GCP),beginner,resume_parse_mock
ST0086,SK050,Leadership,beginner,resume_parse_mock
ST0086,SK047,Public Speaking,beginner,resume_parse_mock
ST0086,SK025,Structural Analysis,intermediate,resume_parse_mock
ST0086,SK049,Technical Writing,beginner,resume_parse_mock
ST0087,SK009,Data Structures & Algorithms,beginner,resume_parse_mock
ST0087,SK050,Leadership,advanced,resume_parse_mock
ST0087,SK001,Python,intermediate,resume_parse_mock
ST0087,SK014,Spark / Databricks,intermediate,resume_parse_mock
ST0087,SK016,Statistics,beginner,resume_parse_mock
ST0087,SK046,Stochastic Calculus,intermediate,resume_parse_mock
ST0088,SK015,Data Visualization,intermediate,resume_parse_mock
ST0088,SK043,Digital Marketing,beginner,resume_parse_mock
ST0088,SK027,Figma,intermediate,resume_parse_mock
ST0088,SK004,JavaScript,advanced,resume_parse_mock
ST0088,SK050,Leadership,beginner,resume_parse_mock
ST0088,SK044,Market Research,beginner,resume_parse_mock
ST0088,SK051,Teamwork,intermediate,resume_parse_mock
ST0088,SK028,User Research,beginner,resume_parse_mock
ST0089,SK026,Lab Research Methods,intermediate,resume_parse_mock
ST0089,SK050,Leadership,advanced,resume_parse_mock
ST0089,SK023,MATLAB,intermediate,resume_parse_mock
ST0089,SK047,Public Speaking,advanced,resume_parse_mock
ST0089,SK001,Python,beginner,resume_parse_mock
ST0089,SK016,Statistics,intermediate,resume_parse_mock
ST0089,SK051,Teamwork,advanced,resume_parse_mock
ST0089,SK049,Technical Writing,intermediate,resume_parse_mock
ST0090,SK022,CAD (SolidWorks),advanced,resume_parse_mock
ST0090,SK004,JavaScript,beginner,resume_parse_mock
ST0090,SK050,Leadership,beginner,resume_parse_mock
ST0090,SK053,Project Management,beginner,resume_parse_mock
ST0090,SK047,Public Speaking,advanced,resume_parse_mock
ST0090,SK025,Structural Analysis,intermediate,resume_parse_mock
ST0090,SK051,Teamwork,advanced,resume_parse_mock
ST0090,SK049,Technical Writing,beginner,resume_parse_mock
ST0091,SK052,Behavioral Interviewing,beginner,resume_parse_mock
ST0091,SK031,DCF Valuation,intermediate,resume_parse_mock
ST0091,SK029,Excel Modeling,beginner,resume_parse_mock
ST0091,SK030,Financial Modeling,advanced,resume_parse_mock
ST0091,SK036,Financial Statement Analysis,intermediate,resume_parse_mock
ST0091,SK051,Teamwork,beginner,resume_parse_mock
ST0092,SK015,Data Visualization,beginner,resume_parse_mock
ST0092,SK002,Java,advanced,resume_parse_mock
ST0092,SK011,Machine Learning,advanced,resume_parse_mock
ST0092,SK047,Public Speaking,beginner,resume_parse_mock
ST0093,SK032,Accounting Fundamentals,advanced,resume_parse_mock
ST0093,SK040,Business Strategy,intermediate,resume_parse_mock
ST0093,SK030,Financial Modeling,intermediate,resume_parse_mock
ST0093,SK047,Public Speaking,intermediate,resume_parse_mock
ST0094,SK026,Lab Research Methods,intermediate,resume_parse_mock
ST0094,SK023,MATLAB,intermediate,resume_parse_mock
ST0094,SK047,Public Speaking,beginner,resume_parse_mock
ST0094,SK001,Python,beginner,resume_parse_mock
ST0094,SK051,Teamwork,beginner,resume_parse_mock
ST0094,SK049,Technical Writing,advanced,resume_parse_mock
ST0095,SK004,JavaScript,advanced,resume_parse_mock
ST0095,SK050,Leadership,intermediate,resume_parse_mock
ST0095,SK054,Policy Analysis,beginner,resume_parse_mock
ST0095,SK016,Statistics,advanced,resume_parse_mock
ST0095,SK049,Technical Writing,beginner,resume_parse_mock
ST0096,SK032,Accounting Fundamentals,intermediate,resume_parse_mock
ST0096,SK040,Business Strategy,intermediate,resume_parse_mock
ST0096,SK031,DCF Valuation,advanced,resume_parse_mock
ST0096,SK048,Networking,beginner,resume_parse_mock
ST0096,SK041,Product Roadmapping,beginner,resume_parse_mock
ST0096,SK001,Python,advanced,resume_parse_mock
ST0097,SK023,MATLAB,beginner,resume_parse_mock
ST0097,SK025,Structural Analysis,beginner,resume_parse_mock
ST0097,SK042,Supply Chain Analytics,advanced,resume_parse_mock
ST0097,SK017,Tableau / Power BI,intermediate,resume_parse_mock
ST0097,SK051,Teamwork,intermediate,resume_parse_mock
ST0098,SK022,CAD (SolidWorks),beginner,resume_parse_mock
ST0098,SK023,MATLAB,beginner,resume_parse_mock
ST0098,SK053,Project Management,intermediate,resume_parse_mock
ST0098,SK047,Public Speaking,beginner,resume_parse_mock
ST0098,SK025,Structural Analysis,advanced,resume_parse_mock
ST0098,SK051,Teamwork,beginner,resume_parse_mock
ST0098,SK049,Technical Writing,advanced,resume_parse_mock
ST0099,SK040,Business Strategy,beginner,resume_parse_mock
ST0099,SK039,Case Interviewing,intermediate,resume_parse_mock
ST0099,SK009,Data Structures & Algorithms,intermediate,resume_parse_mock
ST0099,SK027,Figma,beginner,resume_parse_mock
ST0099,SK004,JavaScript,intermediate,resume_parse_mock
ST0099,SK018,Network Security,intermediate,resume_parse_mock
ST0099,SK016,Statistics,intermediate,resume_parse_mock
ST0100,SK052,Behavioral Interviewing,advanced,resume_parse_mock
ST0100,SK003,C/C++,intermediate,resume_parse_mock
ST0100,SK009,Data Structures & Algorithms,advanced,resume_parse_mock
ST0100,SK012,Deep Learning,advanced,resume_parse_mock
ST0100,SK007,Git,beginner,resume_parse_mock
ST0100,SK004,JavaScript,beginner,resume_parse_mock
ST0100,SK001,Python,intermediate,resume_parse_mock
ST0100,SK006,SQL,intermediate,resume_parse_mock
ST0100,SK010,System Design,advanced,resume_parse_mock
ST0101,SK039,Case Interviewing,intermediate,resume_parse_mock
ST0101,SK015,Data Visualization,intermediate,resume_parse_mock
ST0101,SK007,Git,intermediate,resume_parse_mock
ST0101,SK020,Linux,beginner,resume_parse_mock
ST0101,SK018,Network Security,advanced,resume_parse_mock
ST0101,SK041,Product Roadmapping,beginner,resume_parse_mock
ST0101,SK047,Public Speaking,intermediate,resume_parse_mock
ST0102,SK022,CAD (SolidWorks),advanced,resume_parse_mock
ST0102,SK050,Leadership,advanced,resume_parse_mock
ST0102,SK023,MATLAB,intermediate,resume_parse_mock
ST0102,SK025,Structural Analysis,advanced,resume_parse_mock
ST0102,SK049,Technical Writing,intermediate,resume_parse_mock
ST0103,SK047,Public Speaking,advanced,resume_parse_mock
ST0103,SK025,Structural Analysis,beginner,resume_parse_mock
ST0103,SK042,Supply Chain Analytics,intermediate,resume_parse_mock
ST0103,SK017,Tableau / Power BI,beginner,resume_parse_mock
ST0103,SK051,Teamwork,advanced,resume_parse_mock
ST0104,SK009,Data Structures & Algorithms,advanced,resume_parse_mock
ST0104,SK027,Figma,advanced,resume_parse_mock
ST0104,SK007,Git,advanced,resume_parse_mock
ST0104,SK020,Linux,intermediate,resume_parse_mock
ST0104,SK006,SQL,intermediate,resume_parse_mock
ST0104,SK014,Spark / Databricks,intermediate,resume_parse_mock
ST0104,SK016,Statistics,beginner,resume_parse_mock
ST0104,SK028,User Research,advanced,resume_parse_mock
ST0105,SK050,Leadership,beginner,resume_parse_mock
ST0105,SK044,Market Research,intermediate,resume_parse_mock
ST0105,SK016,Statistics,beginner,resume_parse_mock
ST0105,SK051,Teamwork,beginner,resume_parse_mock
ST0105,SK049,Technical Writing,intermediate,resume_parse_mock
ST0106,SK015,Data Visualization,advanced,resume_parse_mock
ST0106,SK027,Figma,intermediate,resume_parse_mock
ST0106,SK044,Market Research,beginner,resume_parse_mock
ST0106,SK054,Policy Analysis,beginner,resume_parse_mock
ST0106,SK016,Statistics,advanced,resume_parse_mock
ST0106,SK051,Teamwork,beginner,resume_parse_mock
ST0106,SK028,User Research,beginner,resume_parse_mock
ST0107,SK026,Lab Research Methods,beginner,resume_parse_mock
ST0107,SK047,Public Speaking,intermediate,resume_parse_mock
ST0107,SK001,Python,advanced,resume_parse_mock
ST0107,SK016,Statistics,advanced,resume_parse_mock
ST0107,SK051,Teamwork,intermediate,resume_parse_mock
ST0107,SK049,Technical Writing,beginner,resume_parse_mock
ST0108,SK003,C/C++,advanced,resume_parse_mock
ST0108,SK009,Data Structures & Algorithms,advanced,resume_parse_mock
ST0108,SK050,Leadership,intermediate,resume_parse_mock
ST0108,SK006,SQL,beginner,resume_parse_mock
ST0108,SK051,Teamwork,intermediate,resume_parse_mock
ST0109,SK008,Cloud (AWS/Azure/GCP),advanced,resume_parse_mock
ST0109,SK029,Excel Modeling,advanced,resume_parse_mock
ST0109,SK038,Market Sizing,beginner,resume_parse_mock
ST0109,SK047,Public Speaking,intermediate,resume_parse_mock
ST0109,SK001,Python,beginner,resume_parse_mock
ST0110,SK027,Figma,intermediate,resume_parse_mock
ST0110,SK004,JavaScript,beginner,resume_parse_mock
ST0110,SK044,Market Research,beginner,resume_parse_mock
ST0110,SK054,Policy Analysis,intermediate,resume_parse_mock
ST0110,SK016,Statistics,intermediate,resume_parse_mock
ST0110,SK049,Technical Writing,advanced,resume_parse_mock
ST0110,SK028,User Research,intermediate,resume_parse_mock
ST0111,SK040,Business Strategy,intermediate,resume_parse_mock
ST0111,SK039,Case Interviewing,intermediate,resume_parse_mock
ST0111,SK036,Financial Statement Analysis,advanced,resume_parse_mock
ST0111,SK050,Leadership,intermediate,resume_parse_mock
ST0111,SK048,Networking,intermediate,resume_parse_mock
ST0111,SK047,Public Speaking,advanced,resume_parse_mock
ST0111,SK016,Statistics,beginner,resume_parse_mock
ST0112,SK003,C/C++,beginner,resume_parse_mock
ST0112,SK024,Circuit Design,advanced,resume_parse_mock
ST0112,SK021,Embedded Systems,advanced,resume_parse_mock
ST0112,SK023,MATLAB,beginner,resume_parse_mock
ST0112,SK047,Public Speaking,advanced,resume_parse_mock
ST0112,SK051,Teamwork,beginner,resume_parse_mock
ST0113,SK029,Excel Modeling,advanced,resume_parse_mock
ST0113,SK023,MATLAB,advanced,resume_parse_mock
ST0113,SK047,Public Speaking,intermediate,resume_parse_mock
ST0113,SK042,Supply Chain Analytics,beginner,resume_parse_mock
ST0113,SK049,Technical Writing,intermediate,resume_parse_mock
ST0114,SK026,Lab Research Methods,beginner,resume_parse_mock
ST0114,SK050,Leadership,advanced,resume_parse_mock
ST0114,SK047,Public Speaking,intermediate,resume_parse_mock
ST0114,SK001,Python,beginner,resume_parse_mock
ST0114,SK051,Teamwork,advanced,resume_parse_mock
ST0114,SK049,Technical Writing,beginner,resume_parse_mock
ST0115,SK022,CAD (SolidWorks),advanced,resume_parse_mock
ST0115,SK050,Leadership,intermediate,resume_parse_mock
ST0115,SK053,Project Management,intermediate,resume_parse_mock
ST0115,SK047,Public Speaking,intermediate,resume_parse_mock
ST0115,SK025,Structural Analysis,beginner,resume_parse_mock
ST0115,SK051,Teamwork,advanced,resume_parse_mock
ST0115,SK049,Technical Writing,intermediate,resume_parse_mock
ST0116,SK003,C/C++,advanced,resume_parse_mock
ST0116,SK024,Circuit Design,beginner,resume_parse_mock
ST0116,SK021,Embedded Systems,intermediate,resume_parse_mock
ST0116,SK050,Leadership,advanced,resume_parse_mock
ST0116,SK023,MATLAB,beginner,resume_parse_mock
ST0116,SK047,Public Speaking,beginner,resume_parse_mock
ST0116,SK051,Teamwork,advanced,resume_parse_mock
ST0117,SK040,Business Strategy,intermediate,resume_parse_mock
ST0117,SK050,Leadership,intermediate,resume_parse_mock
ST0117,SK001,Python,beginner,resume_parse_mock
ST0117,SK016,Statistics,intermediate,resume_parse_mock
ST0118,SK050,Leadership,advanced,resume_parse_mock
ST0118,SK023,MATLAB,advanced,resume_parse_mock
ST0118,SK016,Statistics,beginner,resume_parse_mock
ST0118,SK051,Teamwork,beginner,resume_parse_mock
ST0118,SK049,Technical Writing,advanced,resume_parse_mock
ST0119,SK008,Cloud (AWS/Azure/GCP),intermediate,resume_parse_mock
ST0119,SK009,Data Structures & Algorithms,advanced,resume_parse_mock
ST0119,SK012,Deep Learning,intermediate,resume_parse_mock
ST0119,SK011,Machine Learning,beginner,resume_parse_mock
ST0119,SK010,System Design,beginner,resume_parse_mock
ST0120,SK026,Lab Research Methods,advanced,resume_parse_mock
ST0120,SK050,Leadership,beginner,resume_parse_mock
ST0120,SK023,MATLAB,beginner,resume_parse_mock
ST0120,SK047,Public Speaking,beginner,resume_parse_mock
ST0120,SK016,Statistics,intermediate,resume_parse_mock
ST0120,SK051,Teamwork,advanced,resume_parse_mock
ST0120,SK049,Technical Writing,beginner,resume_parse_mock
ST0121,SK008,Cloud (AWS/Azure/GCP),intermediate,resume_parse_mock
ST0121,SK047,Public Speaking,beginner,resume_parse_mock
ST0121,SK006,SQL,advanced,resume_parse_mock
ST0121,SK014,Spark / Databricks,beginner,resume_parse_mock
ST0121,SK017,Tableau / Power BI,advanced,resume_parse_mock
ST0121,SK051,Teamwork,advanced,resume_parse_mock
ST0122,SK007,Git,beginner,resume_parse_mock
ST0122,SK013,LLMs & AI Agents,advanced,resume_parse_mock
ST0122,SK011,Machine Learning,intermediate,resume_parse_mock
ST0122,SK018,Network Security,beginner,resume_parse_mock
ST0122,SK053,Project Management,intermediate,resume_parse_mock
ST0122,SK010,System Design,advanced,resume_parse_mock
ST0122,SK028,User Research,beginner,resume_parse_mock
ST0123,SK032,Accounting Fundamentals,intermediate,resume_parse_mock
ST0123,SK036,Financial Statement Analysis,advanced,resume_parse_mock
ST0123,SK034,M&A Concepts,intermediate,resume_parse_mock
ST0124,SK003,C/C++,advanced,resume_parse_mock
ST0124,SK024,Circuit Design,beginner,resume_parse_mock
ST0124,SK021,Embedded Systems,intermediate,resume_parse_mock
ST0124,SK050,Leadership,advanced,resume_parse_mock
ST0124,SK023,MATLAB,advanced,resume_parse_mock
ST0124,SK047,Public Speaking,intermediate,resume_parse_mock
ST0124,SK051,Teamwork,advanced,resume_parse_mock
ST0125,SK001,Python,intermediate,resume_parse_mock
ST0125,SK042,Supply Chain Analytics,beginner,resume_parse_mock
ST0125,SK017,Tableau / Power BI,beginner,resume_parse_mock
ST0126,SK043,Digital Marketing,advanced,resume_parse_mock
ST0126,SK027,Figma,intermediate,resume_parse_mock
ST0126,SK044,Market Research,beginner,resume_parse_mock
ST0126,SK047,Public Speaking,beginner,resume_parse_mock
ST0126,SK051,Teamwork,intermediate,resume_parse_mock
ST0127,SK003,C/C++,beginner,resume_parse_mock
ST0127,SK011,Machine Learning,beginner,resume_parse_mock
ST0127,SK047,Public Speaking,advanced,resume_parse_mock
ST0127,SK001,Python,advanced,resume_parse_mock
ST0127,SK014,Spark / Databricks,advanced,resume_parse_mock
ST0127,SK016,Statistics,beginner,resume_parse_mock
ST0128,SK022,CAD (SolidWorks),advanced,resume_parse_mock
ST0128,SK050,Leadership,advanced,resume_parse_mock
ST0128,SK053,Project Management,beginner,resume_parse_mock
ST0128,SK047,Public Speaking,beginner,resume_parse_mock
ST0128,SK025,Structural Analysis,beginner,resume_parse_mock
ST0128,SK051,Teamwork,beginner,resume_parse_mock
ST0128,SK049,Technical Writing,beginner,resume_parse_mock
ST0129,SK032,Accounting Fundamentals,intermediate,resume_parse_mock
ST0129,SK037,Auditing,beginner,resume_parse_mock
ST0129,SK031,DCF Valuation,advanced,resume_parse_mock
ST0129,SK029,Excel Modeling,intermediate,resume_parse_mock
ST0129,SK030,Financial Modeling,advanced,resume_parse_mock
ST0129,SK036,Financial Statement Analysis,advanced,resume_parse_mock
ST0129,SK050,Leadership,intermediate,resume_parse_mock
ST0129,SK034,M&A Concepts,advanced,resume_parse_mock
ST0129,SK048,Networking,beginner,resume_parse_mock
ST0130,SK032,Accounting Fundamentals,intermediate,resume_parse_mock
ST0130,SK052,Behavioral Interviewing,beginner,resume_parse_mock
ST0130,SK031,DCF Valuation,beginner,resume_parse_mock
ST0130,SK033,LBO Modeling,advanced,resume_parse_mock
ST0130,SK047,Public Speaking,advanced,resume_parse_mock
ST0131,SK022,CAD (SolidWorks),intermediate,resume_parse_mock
ST0131,SK050,Leadership,intermediate,resume_parse_mock
ST0131,SK053,Project Management,intermediate,resume_parse_mock
ST0131,SK047,Public Speaking,beginner,resume_parse_mock
ST0131,SK025,Structural Analysis,beginner,resume_parse_mock
ST0131,SK049,Technical Writing,advanced,resume_parse_mock
ST0132,SK022,CAD (SolidWorks),beginner,resume_parse_mock
ST0132,SK050,Leadership,intermediate,resume_parse_mock
ST0132,SK053,Project Management,advanced,resume_parse_mock
ST0132,SK047,Public Speaking,beginner,resume_parse_mock
ST0132,SK025,Structural Analysis,beginner,resume_parse_mock
ST0132,SK049,Technical Writing,advanced,resume_parse_mock
ST0133,SK022,CAD (SolidWorks),beginner,resume_parse_mock
ST0133,SK050,Leadership,advanced,resume_parse_mock
ST0133,SK023,MATLAB,intermediate,resume_parse_mock
ST0133,SK053,Project Management,intermediate,resume_parse_mock
ST0133,SK025,Structural Analysis,beginner,resume_parse_mock
ST0133,SK051,Teamwork,advanced,resume_parse_mock
ST0133,SK049,Technical Writing,beginner,resume_parse_mock
ST0134,SK009,Data Structures & Algorithms,advanced,resume_parse_mock
ST0134,SK007,Git,advanced,resume_parse_mock
ST0134,SK050,Leadership,intermediate,resume_parse_mock
ST0134,SK038,Market Sizing,intermediate,resume_parse_mock
ST0134,SK048,Networking,advanced,resume_parse_mock
ST0134,SK014,Spark / Databricks,beginner,resume_parse_mock
ST0135,SK052,Behavioral Interviewing,beginner,resume_parse_mock
ST0135,SK003,C/C++,beginner,resume_parse_mock
ST0135,SK039,Case Interviewing,intermediate,resume_parse_mock
ST0135,SK027,Figma,advanced,resume_parse_mock
ST0135,SK001,Python,intermediate,resume_parse_mock
ST0135,SK014,Spark / Databricks,advanced,resume_parse_mock
ST0136,SK001,Python,beginner,resume_parse_mock
ST0136,SK046,Stochastic Calculus,advanced,resume_parse_mock
ST0136,SK051,Teamwork,advanced,resume_parse_mock
ST0137,SK052,Behavioral Interviewing,beginner,resume_parse_mock
ST0137,SK040,Business Strategy,advanced,resume_parse_mock
ST0137,SK013,LLMs & AI Agents,beginner,resume_parse_mock
ST0137,SK050,Leadership,advanced,resume_parse_mock
ST0137,SK018,Network Security,intermediate,resume_parse_mock
ST0137,SK001,Python,advanced,resume_parse_mock
ST0137,SK014,Spark / Databricks,advanced,resume_parse_mock
ST0138,SK024,Circuit Design,beginner,resume_parse_mock
ST0138,SK021,Embedded Systems,beginner,resume_parse_mock
ST0138,SK050,Leadership,advanced,resume_parse_mock
ST0138,SK023,MATLAB,advanced,resume_parse_mock
ST0138,SK019,Penetration Testing,advanced,resume_parse_mock
ST0138,SK047,Public Speaking,intermediate,resume_parse_mock
ST0139,SK008,Cloud (AWS/Azure/GCP),beginner,resume_parse_mock
ST0139,SK013,LLMs & AI Agents,advanced,resume_parse_mock
ST0139,SK050,Leadership,advanced,resume_parse_mock
ST0139,SK001,Python,intermediate,resume_parse_mock
ST0140,SK032,Accounting Fundamentals,advanced,resume_parse_mock
ST0140,SK029,Excel Modeling,intermediate,resume_parse_mock
ST0140,SK033,LBO Modeling,intermediate,resume_parse_mock
ST0140,SK034,M&A Concepts,advanced,resume_parse_mock
ST0140,SK001,Python,beginner,resume_parse_mock
ST0140,SK016,Statistics,advanced,resume_parse_mock
ST0140,SK051,Teamwork,beginner,resume_parse_mock
ST0141,SK026,Lab Research Methods,intermediate,resume_parse_mock
ST0141,SK023,MATLAB,advanced,resume_parse_mock
ST0141,SK011,Machine Learning,intermediate,resume_parse_mock
ST0141,SK001,Python,beginner,resume_parse_mock
ST0141,SK049,Technical Writing,intermediate,resume_parse_mock
ST0142,SK015,Data Visualization,advanced,resume_parse_mock
ST0142,SK043,Digital Marketing,intermediate,resume_parse_mock
ST0142,SK050,Leadership,beginner,resume_parse_mock
ST0142,SK047,Public Speaking,advanced,resume_parse_mock
ST0142,SK051,Teamwork,beginner,resume_parse_mock
ST0142,SK028,User Research,intermediate,resume_parse_mock
ST0143,SK039,Case Interviewing,advanced,resume_parse_mock
ST0143,SK008,Cloud (AWS/Azure/GCP),advanced,resume_parse_mock
ST0143,SK041,Product Roadmapping,intermediate,resume_parse_mock
ST0143,SK014,Spark / Databricks,intermediate,resume_parse_mock
ST0143,SK051,Teamwork,beginner,resume_parse_mock
ST0144,SK039,Case Interviewing,advanced,resume_parse_mock
ST0144,SK012,Deep Learning,intermediate,resume_parse_mock
ST0144,SK011,Machine Learning,advanced,resume_parse_mock
ST0144,SK006,SQL,intermediate,resume_parse_mock
ST0144,SK016,Statistics,beginner,resume_parse_mock
ST0144,SK010,System Design,intermediate,resume_parse_mock
ST0144,SK051,Teamwork,beginner,resume_parse_mock
ST0145,SK022,CAD (SolidWorks),beginner,resume_parse_mock
ST0145,SK050,Leadership,intermediate,resume_parse_mock
ST0145,SK023,MATLAB,beginner,resume_parse_mock
ST0145,SK053,Project Management,intermediate,resume_parse_mock
ST0145,SK025,Structural Analysis,beginner,resume_parse_mock
ST0145,SK051,Teamwork,intermediate,resume_parse_mock
ST0145,SK049,Technical Writing,intermediate,resume_parse_mock
ST0146,SK032,Accounting Fundamentals,intermediate,resume_parse_mock
ST0146,SK039,Case Interviewing,beginner,resume_parse_mock
ST0146,SK004,JavaScript,intermediate,resume_parse_mock
ST0146,SK034,M&A Concepts,advanced,resume_parse_mock
ST0146,SK038,Market Sizing,advanced,resume_parse_mock
ST0146,SK047,Public Speaking,advanced,resume_parse_mock
ST0147,SK050,Leadership,advanced,resume_parse_mock
ST0147,SK001,Python,beginner,resume_parse_mock
ST0147,SK051,Teamwork,beginner,resume_parse_mock
ST0148,SK050,Leadership,advanced,resume_parse_mock
ST0148,SK047,Public Speaking,intermediate,resume_parse_mock
ST0148,SK001,Python,intermediate,resume_parse_mock
ST0148,SK006,SQL,advanced,resume_parse_mock
ST0148,SK016,Statistics,beginner,resume_parse_mock
ST0148,SK051,Teamwork,beginner,resume_parse_mock
ST0149,SK052,Behavioral Interviewing,intermediate,resume_parse_mock
ST0149,SK002,Java,intermediate,resume_parse_mock
ST0149,SK020,Linux,advanced,resume_parse_mock
ST0149,SK019,Penetration Testing,advanced,resume_parse_mock
ST0149,SK014,Spark / Databricks,beginner,resume_parse_mock
ST0150,SK024,Circuit Design,beginner,resume_parse_mock
ST0150,SK012,Deep Learning,intermediate,resume_parse_mock
ST0150,SK021,Embedded Systems,beginner,resume_parse_mock
ST0150,SK007,Git,beginner,resume_parse_mock
ST0150,SK013,LLMs & AI Agents,advanced,resume_parse_mock
ST0150,SK050,Leadership,advanced,resume_parse_mock
ST0150,SK020,Linux,intermediate,resume_parse_mock
ST0150,SK023,MATLAB,advanced,resume_parse_mock
ST0150,SK010,System Design,advanced,resume_parse_mock
ST0151,SK054,Policy Analysis,beginner,resume_parse_mock
ST0151,SK047,Public Speaking,intermediate,resume_parse_mock
ST0151,SK016,Statistics,beginner,resume_parse_mock
ST0151,SK051,Teamwork,intermediate,resume_parse_mock
ST0152,SK037,Auditing,beginner,resume_parse_mock
ST0152,SK036,Financial Statement Analysis,advanced,resume_parse_mock
ST0152,SK001,Python,advanced,resume_parse_mock
ST0153,SK029,Excel Modeling,advanced,resume_parse_mock
ST0153,SK020,Linux,intermediate,resume_parse_mock
ST0153,SK011,Machine Learning,advanced,resume_parse_mock
ST0153,SK018,Network Security,advanced,resume_parse_mock
ST0153,SK028,User Research,advanced,resume_parse_mock
ST0154,SK032,Accounting Fundamentals,intermediate,resume_parse_mock
ST0154,SK031,DCF Valuation,advanced,resume_parse_mock
ST0154,SK033,LBO Modeling,beginner,resume_parse_mock
ST0154,SK050,Leadership,beginner,resume_parse_mock
ST0154,SK034,M&A Concepts,beginner,resume_parse_mock
ST0154,SK011,Machine Learning,intermediate,resume_parse_mock
ST0154,SK054,Policy Analysis,beginner,resume_parse_mock
ST0154,SK016,Statistics,beginner,resume_parse_mock
ST0155,SK032,Accounting Fundamentals,advanced,resume_parse_mock
ST0155,SK052,Behavioral Interviewing,beginner,resume_parse_mock
ST0155,SK031,DCF Valuation,advanced,resume_parse_mock
ST0155,SK033,LBO Modeling,advanced,resume_parse_mock
ST0155,SK038,Market Sizing,intermediate,resume_parse_mock
ST0155,SK016,Statistics,beginner,resume_parse_mock
ST0156,SK023,MATLAB,advanced,resume_parse_mock
ST0156,SK001,Python,advanced,resume_parse_mock
ST0156,SK016,Statistics,advanced,resume_parse_mock
ST0156,SK051,Teamwork,intermediate,resume_parse_mock
ST0157,SK039,Case Interviewing,intermediate,resume_parse_mock
ST0157,SK029,Excel Modeling,advanced,resume_parse_mock
ST0157,SK030,Financial Modeling,intermediate,resume_parse_mock
ST0157,SK036,Financial Statement Analysis,advanced,resume_parse_mock
ST0157,SK034,M&A Concepts,advanced,resume_parse_mock
ST0157,SK047,Public Speaking,advanced,resume_parse_mock
ST0157,SK016,Statistics,intermediate,resume_parse_mock
ST0158,SK008,Cloud (AWS/Azure/GCP),intermediate,resume_parse_mock
ST0158,SK013,LLMs & AI Agents,advanced,resume_parse_mock
ST0158,SK016,Statistics,advanced,resume_parse_mock
ST0158,SK028,User Research,intermediate,resume_parse_mock
ST0159,SK040,Business Strategy,intermediate,resume_parse_mock
ST0159,SK018,Network Security,advanced,resume_parse_mock
ST0159,SK019,Penetration Testing,intermediate,resume_parse_mock
ST0159,SK006,SQL,advanced,resume_parse_mock
ST0160,SK022,CAD (SolidWorks),beginner,resume_parse_mock
ST0160,SK023,MATLAB,advanced,resume_parse_mock
ST0160,SK053,Project Management,beginner,resume_parse_mock
ST0160,SK047,Public Speaking,advanced,resume_parse_mock
ST0160,SK025,Structural Analysis,advanced,resume_parse_mock
ST0160,SK051,Teamwork,intermediate,resume_parse_mock
ST0160,SK049,Technical Writing,beginner,resume_parse_mock
ST0161,SK052,Behavioral Interviewing,advanced,resume_parse_mock
ST0161,SK029,Excel Modeling,advanced,resume_parse_mock
ST0161,SK007,Git,beginner,resume_parse_mock
ST0161,SK050,Leadership,advanced,resume_parse_mock
ST0161,SK051,Teamwork,intermediate,resume_parse_mock
ST0162,SK023,MATLAB,intermediate,resume_parse_mock
ST0162,SK053,Project Management,intermediate,resume_parse_mock
ST0162,SK025,Structural Analysis,beginner,resume_parse_mock
ST0162,SK051,Teamwork,advanced,resume_parse_mock
ST0162,SK049,Technical Writing,beginner,resume_parse_mock
ST0163,SK032,Accounting Fundamentals,beginner,resume_parse_mock
ST0163,SK037,Auditing,beginner,resume_parse_mock
ST0163,SK052,Behavioral Interviewing,beginner,resume_parse_mock
ST0163,SK031,DCF Valuation,beginner,resume_parse_mock
ST0163,SK029,Excel Modeling,intermediate,resume_parse_mock
ST0163,SK033,LBO Modeling,beginner,resume_parse_mock
ST0163,SK034,M&A Concepts,intermediate,resume_parse_mock
ST0163,SK001,Python,advanced,resume_parse_mock
ST0164,SK052,Behavioral Interviewing,advanced,resume_parse_mock
ST0164,SK003,C/C++,beginner,resume_parse_mock
ST0164,SK024,Circuit Design,advanced,resume_parse_mock
ST0164,SK021,Embedded Systems,intermediate,resume_parse_mock
ST0164,SK047,Public Speaking,advanced,resume_parse_mock
ST0164,SK051,Teamwork,advanced,resume_parse_mock
ST0165,SK040,Business Strategy,intermediate,resume_parse_mock
ST0165,SK022,CAD (SolidWorks),beginner,resume_parse_mock
ST0165,SK030,Financial Modeling,advanced,resume_parse_mock
ST0165,SK051,Teamwork,intermediate,resume_parse_mock
ST0165,SK049,Technical Writing,intermediate,resume_parse_mock
ST0166,SK022,CAD (SolidWorks),beginner,resume_parse_mock
ST0166,SK050,Leadership,advanced,resume_parse_mock
ST0166,SK053,Project Management,beginner,resume_parse_mock
ST0166,SK047,Public Speaking,intermediate,resume_parse_mock
ST0166,SK025,Structural Analysis,advanced,resume_parse_mock
ST0166,SK051,Teamwork,intermediate,resume_parse_mock
ST0166,SK049,Technical Writing,intermediate,resume_parse_mock
ST0167,SK040,Business Strategy,intermediate,resume_parse_mock
ST0167,SK029,Excel Modeling,advanced,resume_parse_mock
ST0167,SK050,Leadership,beginner,resume_parse_mock
ST0167,SK038,Market Sizing,beginner,resume_parse_mock
ST0168,SK030,Financial Modeling,beginner,resume_parse_mock
ST0168,SK050,Leadership,intermediate,resume_parse_mock
ST0168,SK023,MATLAB,beginner,resume_parse_mock
ST0168,SK048,Networking,beginner,resume_parse_mock
ST0168,SK047,Public Speaking,beginner,resume_parse_mock
ST0168,SK016,Statistics,advanced,resume_parse_mock
ST0168,SK051,Teamwork,beginner,resume_parse_mock
ST0168,SK049,Technical Writing,advanced,resume_parse_mock
ST0169,SK024,Circuit Design,intermediate,resume_parse_mock
ST0169,SK009,Data Structures & Algorithms,beginner,resume_parse_mock
ST0169,SK018,Network Security,beginner,resume_parse_mock
ST0169,SK010,System Design,intermediate,resume_parse_mock
ST0170,SK052,Behavioral Interviewing,advanced,resume_parse_mock
ST0170,SK008,Cloud (AWS/Azure/GCP),beginner,resume_parse_mock
ST0170,SK012,Deep Learning,intermediate,resume_parse_mock
ST0170,SK013,LLMs & AI Agents,advanced,resume_parse_mock
ST0170,SK011,Machine Learning,intermediate,resume_parse_mock
ST0170,SK019,Penetration Testing,beginner,resume_parse_mock
ST0170,SK001,Python,intermediate,resume_parse_mock
ST0171,SK022,CAD (SolidWorks),advanced,resume_parse_mock
ST0171,SK029,Excel Modeling,advanced,resume_parse_mock
ST0171,SK050,Leadership,advanced,resume_parse_mock
ST0171,SK023,MATLAB,beginner,resume_parse_mock
ST0171,SK053,Project Management,intermediate,resume_parse_mock
ST0171,SK047,Public Speaking,beginner,resume_parse_mock
ST0171,SK025,Structural Analysis,beginner,resume_parse_mock
ST0172,SK022,CAD (SolidWorks),intermediate,resume_parse_mock
ST0172,SK050,Leadership,advanced,resume_parse_mock
ST0172,SK053,Project Management,beginner,resume_parse_mock
ST0172,SK047,Public Speaking,advanced,resume_parse_mock
ST0172,SK025,Structural Analysis,intermediate,resume_parse_mock
ST0172,SK051,Teamwork,intermediate,resume_parse_mock
ST0172,SK049,Technical Writing,intermediate,resume_parse_mock
ST0173,SK032,Accounting Fundamentals,advanced,resume_parse_mock
ST0173,SK037,Auditing,beginner,resume_parse_mock
ST0173,SK052,Behavioral Interviewing,advanced,resume_parse_mock
ST0173,SK039,Case Interviewing,beginner,resume_parse_mock
ST0173,SK031,DCF Valuation,intermediate,resume_parse_mock
ST0173,SK030,Financial Modeling,beginner,resume_parse_mock
ST0173,SK034,M&A Concepts,advanced,resume_parse_mock
ST0173,SK038,Market Sizing,advanced,resume_parse_mock
ST0174,SK031,DCF Valuation,advanced,resume_parse_mock
ST0174,SK029,Excel Modeling,intermediate,resume_parse_mock
ST0174,SK020,Linux,intermediate,resume_parse_mock
ST0174,SK006,SQL,intermediate,resume_parse_mock
ST0174,SK014,Spark / Databricks,advanced,resume_parse_mock
ST0174,SK051,Teamwork,beginner,resume_parse_mock
ST0175,SK039,Case Interviewing,beginner,resume_parse_mock
ST0175,SK029,Excel Modeling,beginner,resume_parse_mock
ST0175,SK030,Financial Modeling,intermediate,resume_parse_mock
ST0175,SK050,Leadership,intermediate,resume_parse_mock
ST0175,SK048,Networking,beginner,resume_parse_mock
ST0175,SK047,Public Speaking,advanced,resume_parse_mock
ST0175,SK016,Statistics,intermediate,resume_parse_mock
ST0176,SK015,Data Visualization,intermediate,resume_parse_mock
ST0176,SK043,Digital Marketing,beginner,resume_parse_mock
ST0176,SK050,Leadership,advanced,resume_parse_mock
ST0176,SK044,Market Research,advanced,resume_parse_mock
ST0176,SK047,Public Speaking,beginner,resume_parse_mock
ST0176,SK051,Teamwork,beginner,resume_parse_mock
ST0177,SK022,CAD (SolidWorks),intermediate,resume_parse_mock
ST0177,SK050,Leadership,advanced,resume_parse_mock
ST0177,SK053,Project Management,advanced,resume_parse_mock
ST0177,SK047,Public Speaking,advanced,resume_parse_mock
ST0177,SK025,Structural Analysis,beginner,resume_parse_mock
ST0177,SK051,Teamwork,intermediate,resume_parse_mock
ST0177,SK049,Technical Writing,advanced,resume_parse_mock
ST0178,SK036,Financial Statement Analysis,intermediate,resume_parse_mock
ST0178,SK034,M&A Concepts,intermediate,resume_parse_mock
ST0178,SK051,Teamwork,advanced,resume_parse_mock
ST0179,SK032,Accounting Fundamentals,intermediate,resume_parse_mock
ST0179,SK040,Business Strategy,intermediate,resume_parse_mock
ST0179,SK054,Policy Analysis,intermediate,resume_parse_mock
ST0179,SK001,Python,advanced,resume_parse_mock
ST0179,SK014,Spark / Databricks,beginner,resume_parse_mock
ST0180,SK008,Cloud (AWS/Azure/GCP),advanced,resume_parse_mock
ST0180,SK015,Data Visualization,advanced,resume_parse_mock
ST0180,SK043,Digital Marketing,intermediate,resume_parse_mock
ST0180,SK050,Leadership,intermediate,resume_parse_mock
ST0180,SK044,Market Research,beginner,resume_parse_mock
ST0180,SK047,Public Speaking,beginner,resume_parse_mock
ST0180,SK051,Teamwork,beginner,resume_parse_mock
ST0181,SK023,MATLAB,intermediate,resume_parse_mock
ST0181,SK047,Public Speaking,beginner,resume_parse_mock
ST0181,SK025,Structural Analysis,advanced,resume_parse_mock
ST0182,SK037,Auditing,advanced,resume_parse_mock
ST0182,SK052,Behavioral Interviewing,beginner,resume_parse_mock
ST0182,SK036,Financial Statement Analysis,beginner,resume_parse_mock
ST0183,SK026,Lab Research Methods,intermediate,resume_parse_mock
ST0183,SK047,Public Speaking,advanced,resume_parse_mock
ST0183,SK001,Python,beginner,resume_parse_mock
ST0183,SK016,Statistics,intermediate,resume_parse_mock
ST0183,SK051,Teamwork,advanced,resume_parse_mock
ST0183,SK049,Technical Writing,beginner,resume_parse_mock
ST0184,SK015,Data Visualization,intermediate,resume_parse_mock
ST0184,SK044,Market Research,advanced,resume_parse_mock
ST0184,SK054,Policy Analysis,advanced,resume_parse_mock
ST0184,SK047,Public Speaking,beginner,resume_parse_mock
ST0184,SK049,Technical Writing,intermediate,resume_parse_mock
ST0185,SK008,Cloud (AWS/Azure/GCP),beginner,resume_parse_mock
ST0185,SK018,Network Security,advanced,resume_parse_mock
ST0185,SK019,Penetration Testing,intermediate,resume_parse_mock
ST0185,SK053,Project Management,intermediate,resume_parse_mock
ST0185,SK042,Supply Chain Analytics,beginner,resume_parse_mock
ST0185,SK017,Tableau / Power BI,intermediate,resume_parse_mock
ST0186,SK052,Behavioral Interviewing,advanced,resume_parse_mock
ST0186,SK003,C/C++,intermediate,resume_parse_mock
ST0186,SK021,Embedded Systems,intermediate,resume_parse_mock
ST0186,SK018,Network Security,beginner,resume_parse_mock
ST0186,SK047,Public Speaking,advanced,resume_parse_mock
ST0186,SK001,Python,advanced,resume_parse_mock
ST0187,SK039,Case Interviewing,beginner,resume_parse_mock
ST0187,SK038,Market Sizing,intermediate,resume_parse_mock
ST0187,SK053,Project Management,intermediate,resume_parse_mock
ST0187,SK047,Public Speaking,intermediate,resume_parse_mock
ST0187,SK014,Spark / Databricks,intermediate,resume_parse_mock
ST0187,SK017,Tableau / Power BI,beginner,resume_parse_mock
ST0187,SK051,Teamwork,intermediate,resume_parse_mock
ST0188,SK008,Cloud (AWS/Azure/GCP),advanced,resume_parse_mock
ST0188,SK012,Deep Learning,intermediate,resume_parse_mock
ST0188,SK047,Public Speaking,intermediate,resume_parse_mock
ST0188,SK014,Spark / Databricks,beginner,resume_parse_mock
ST0189,SK015,Data Visualization,advanced,resume_parse_mock
ST0189,SK043,Digital Marketing,advanced,resume_parse_mock
ST0189,SK027,Figma,intermediate,resume_parse_mock
ST0189,SK047,Public Speaking,intermediate,resume_parse_mock
ST0189,SK016,Statistics,intermediate,resume_parse_mock
ST0189,SK051,Teamwork,advanced,resume_parse_mock
ST0189,SK028,User Research,intermediate,resume_parse_mock
ST0190,SK012,Deep Learning,intermediate,resume_parse_mock
ST0190,SK011,Machine Learning,advanced,resume_parse_mock
ST0190,SK053,Project Management,advanced,resume_parse_mock
ST0190,SK014,Spark / Databricks,advanced,resume_parse_mock
ST0191,SK022,CAD (SolidWorks),advanced,resume_parse_mock
ST0191,SK050,Leadership,advanced,resume_parse_mock
ST0191,SK023,MATLAB,beginner,resume_parse_mock
ST0191,SK053,Project Management,intermediate,resume_parse_mock
ST0191,SK025,Structural Analysis,advanced,resume_parse_mock
ST0191,SK049,Technical Writing,advanced,resume_parse_mock
ST0192,SK026,Lab Research Methods,advanced,resume_parse_mock
ST0192,SK050,Leadership,beginner,resume_parse_mock
ST0192,SK023,MATLAB,beginner,resume_parse_mock
ST0192,SK051,Teamwork,advanced,resume_parse_mock
ST0193,SK029,Excel Modeling,intermediate,resume_parse_mock
ST0193,SK020,Linux,advanced,resume_parse_mock
ST0193,SK018,Network Security,advanced,resume_parse_mock
ST0193,SK019,Penetration Testing,beginner,resume_parse_mock
ST0193,SK041,Product Roadmapping,advanced,resume_parse_mock
ST0193,SK053,Project Management,advanced,resume_parse_mock
ST0193,SK047,Public Speaking,intermediate,resume_parse_mock
ST0193,SK001,Python,advanced,resume_parse_mock
ST0193,SK014,Spark / Databricks,beginner,resume_parse_mock
ST0194,SK026,Lab Research Methods,beginner,resume_parse_mock
ST0194,SK050,Leadership,intermediate,resume_parse_mock
ST0194,SK023,MATLAB,beginner,resume_parse_mock
ST0194,SK001,Python,advanced,resume_parse_mock
ST0194,SK016,Statistics,intermediate,resume_parse_mock
ST0194,SK051,Teamwork,beginner,resume_parse_mock
ST0195,SK022,CAD (SolidWorks),advanced,resume_parse_mock
ST0195,SK050,Leadership,advanced,resume_parse_mock
ST0195,SK023,MATLAB,intermediate,resume_parse_mock
ST0195,SK025,Structural Analysis,beginner,resume_parse_mock
ST0195,SK051,Teamwork,beginner,resume_parse_mock
ST0195,SK049,Technical Writing,advanced,resume_parse_mock
ST0196,SK032,Accounting Fundamentals,beginner,resume_parse_mock
ST0196,SK039,Case Interviewing,beginner,resume_parse_mock
ST0196,SK033,LBO Modeling,beginner,resume_parse_mock
ST0196,SK050,Leadership,advanced,resume_parse_mock
ST0197,SK026,Lab Research Methods,beginner,resume_parse_mock
ST0197,SK050,Leadership,beginner,resume_parse_mock
ST0197,SK001,Python,advanced,resume_parse_mock
ST0197,SK016,Statistics,intermediate,resume_parse_mock
ST0197,SK051,Teamwork,advanced,resume_parse_mock
ST0198,SK003,C/C++,advanced,resume_parse_mock
ST0198,SK015,Data Visualization,intermediate,resume_parse_mock
ST0198,SK047,Public Speaking,advanced,resume_parse_mock
ST0198,SK001,Python,intermediate,resume_parse_mock
ST0198,SK006,SQL,beginner,resume_parse_mock
ST0198,SK014,Spark / Databricks,beginner,resume_parse_mock
ST0198,SK051,Teamwork,advanced,resume_parse_mock
ST0199,SK052,Behavioral Interviewing,intermediate,resume_parse_mock
ST0199,SK029,Excel Modeling,beginner,resume_parse_mock
ST0199,SK034,M&A Concepts,beginner,resume_parse_mock
ST0199,SK048,Networking,intermediate,resume_parse_mock
ST0199,SK054,Policy Analysis,intermediate,resume_parse_mock
ST0200,SK050,Leadership,beginner,resume_parse_mock
ST0200,SK023,MATLAB,advanced,resume_parse_mock
ST0200,SK053,Project Management,advanced,resume_parse_mock
ST0200,SK047,Public Speaking,advanced,resume_parse_mock
ST0200,SK025,Structural Analysis,beginner,resume_parse_mock
ST0200,SK049,Technical Writing,intermediate,resume_parse_mock
ST0201,SK031,DCF Valuation,intermediate,resume_parse_mock
ST0201,SK038,Market Sizing,intermediate,resume_parse_mock
ST0201,SK048,Networking,advanced,resume_parse_mock
ST0201,SK054,Policy Analysis,intermediate,resume_parse_mock
ST0201,SK047,Public Speaking,advanced,resume_parse_mock
ST0201,SK049,Technical Writing,intermediate,resume_parse_mock
ST0202,SK022,CAD (SolidWorks),intermediate,resume_parse_mock
ST0202,SK050,Leadership,intermediate,resume_parse_mock
ST0202,SK023,MATLAB,beginner,resume_parse_mock
ST0202,SK053,Project Management,beginner,resume_parse_mock
ST0202,SK047,Public Speaking,advanced,resume_parse_mock
ST0202,SK051,Teamwork,advanced,resume_parse_mock
ST0202,SK049,Technical Writing,intermediate,resume_parse_mock
ST0203,SK008,Cloud (AWS/Azure/GCP),intermediate,resume_parse_mock
ST0203,SK004,JavaScript,beginner,resume_parse_mock
ST0203,SK013,LLMs & AI Agents,intermediate,resume_parse_mock
ST0203,SK011,Machine Learning,intermediate,resume_parse_mock
ST0203,SK018,Network Security,beginner,resume_parse_mock
ST0203,SK010,System Design,intermediate,resume_parse_mock
ST0203,SK051,Teamwork,advanced,resume_parse_mock
ST0204,SK022,CAD (SolidWorks),advanced,resume_parse_mock
ST0204,SK029,Excel Modeling,intermediate,resume_parse_mock
ST0204,SK023,MATLAB,intermediate,resume_parse_mock
ST0204,SK038,Market Sizing,beginner,resume_parse_mock
ST0204,SK047,Public Speaking,beginner,resume_parse_mock
ST0204,SK014,Spark / Databricks,beginner,resume_parse_mock
ST0204,SK051,Teamwork,advanced,resume_parse_mock
ST0205,SK052,Behavioral Interviewing,intermediate,resume_parse_mock
ST0205,SK039,Case Interviewing,advanced,resume_parse_mock
ST0205,SK033,LBO Modeling,intermediate,resume_parse_mock
ST0205,SK050,Leadership,beginner,resume_parse_mock
ST0205,SK034,M&A Concepts,advanced,resume_parse_mock
ST0205,SK048,Networking,beginner,resume_parse_mock
ST0205,SK047,Public Speaking,beginner,resume_parse_mock
ST0205,SK001,Python,beginner,resume_parse_mock
ST0205,SK016,Statistics,beginner,resume_parse_mock
ST0206,SK040,Business Strategy,beginner,resume_parse_mock
ST0206,SK009,Data Structures & Algorithms,beginner,resume_parse_mock
ST0206,SK014,Spark / Databricks,advanced,resume_parse_mock
ST0206,SK016,Statistics,advanced,resume_parse_mock
ST0206,SK046,Stochastic Calculus,beginner,resume_parse_mock
ST0206,SK010,System Design,advanced,resume_parse_mock
ST0207,SK008,Cloud (AWS/Azure/GCP),beginner,resume_parse_mock
ST0207,SK012,Deep Learning,advanced,resume_parse_mock
ST0207,SK041,Product Roadmapping,intermediate,resume_parse_mock
ST0207,SK001,Python,beginner,resume_parse_mock
ST0207,SK006,SQL,beginner,resume_parse_mock
ST0207,SK014,Spark / Databricks,beginner,resume_parse_mock
ST0207,SK016,Statistics,advanced,resume_parse_mock
ST0207,SK028,User Research,advanced,resume_parse_mock
ST0208,SK039,Case Interviewing,advanced,resume_parse_mock
ST0208,SK008,Cloud (AWS/Azure/GCP),beginner,resume_parse_mock
ST0208,SK001,Python,advanced,resume_parse_mock
ST0208,SK014,Spark / Databricks,beginner,resume_parse_mock
ST0208,SK042,Supply Chain Analytics,beginner,resume_parse_mock
ST0208,SK028,User Research,advanced,resume_parse_mock
ST0209,SK013,LLMs & AI Agents,beginner,resume_parse_mock
ST0209,SK011,Machine Learning,intermediate,resume_parse_mock
ST0209,SK047,Public Speaking,advanced,resume_parse_mock
ST0209,SK006,SQL,beginner,resume_parse_mock
ST0209,SK014,Spark / Databricks,advanced,resume_parse_mock
ST0209,SK016,Statistics,beginner,resume_parse_mock
ST0210,SK050,Leadership,intermediate,resume_parse_mock
ST0210,SK054,Policy Analysis,advanced,resume_parse_mock
ST0210,SK016,Statistics,beginner,resume_parse_mock
ST0210,SK051,Teamwork,intermediate,resume_parse_mock
ST0210,SK049,Technical Writing,advanced,resume_parse_mock
ST0211,SK002,Java,intermediate,resume_parse_mock
ST0211,SK053,Project Management,beginner,resume_parse_mock
ST0211,SK047,Public Speaking,advanced,resume_parse_mock
ST0211,SK014,Spark / Databricks,beginner,resume_parse_mock
ST0211,SK016,Statistics,beginner,resume_parse_mock
ST0211,SK046,Stochastic Calculus,beginner,resume_parse_mock
ST0211,SK010,System Design,intermediate,resume_parse_mock
ST0212,SK022,CAD (SolidWorks),advanced,resume_parse_mock
ST0212,SK053,Project Management,intermediate,resume_parse_mock
ST0212,SK047,Public Speaking,beginner,resume_parse_mock
ST0212,SK051,Teamwork,intermediate,resume_parse_mock
ST0213,SK026,Lab Research Methods,intermediate,resume_parse_mock
ST0213,SK050,Leadership,intermediate,resume_parse_mock
ST0213,SK023,MATLAB,intermediate,resume_parse_mock
ST0213,SK001,Python,advanced,resume_parse_mock
ST0213,SK006,SQL,intermediate,resume_parse_mock
ST0213,SK049,Technical Writing,advanced,resume_parse_mock
ST0214,SK003,C/C++,intermediate,resume_parse_mock
ST0214,SK027,Figma,beginner,resume_parse_mock
ST0214,SK019,Penetration Testing,intermediate,resume_parse_mock
ST0214,SK047,Public Speaking,intermediate,resume_parse_mock
ST0214,SK001,Python,intermediate,resume_parse_mock
ST0214,SK046,Stochastic Calculus,beginner,resume_parse_mock
ST0215,SK032,Accounting Fundamentals,intermediate,resume_parse_mock
ST0215,SK037,Auditing,advanced,resume_parse_mock
ST0215,SK052,Behavioral Interviewing,advanced,resume_parse_mock
ST0215,SK029,Excel Modeling,intermediate,resume_parse_mock
ST0215,SK036,Financial Statement Analysis,beginner,resume_parse_mock
ST0216,SK008,Cloud (AWS/Azure/GCP),beginner,resume_parse_mock
ST0216,SK020,Linux,beginner,resume_parse_mock
ST0216,SK019,Penetration Testing,advanced,resume_parse_mock
ST0216,SK053,Project Management,advanced,resume_parse_mock
ST0216,SK047,Public Speaking,advanced,resume_parse_mock
ST0216,SK051,Teamwork,beginner,resume_parse_mock
ST0217,SK026,Lab Research Methods,intermediate,resume_parse_mock
ST0217,SK050,Leadership,intermediate,resume_parse_mock
ST0217,SK047,Public Speaking,beginner,resume_parse_mock
ST0217,SK001,Python,beginner,resume_parse_mock
ST0218,SK022,CAD (SolidWorks),intermediate,resume_parse_mock
ST0218,SK050,Leadership,advanced,resume_parse_mock
ST0218,SK053,Project Management,intermediate,resume_parse_mock
ST0218,SK047,Public Speaking,beginner,resume_parse_mock
ST0218,SK051,Teamwork,intermediate,resume_parse_mock
ST0218,SK049,Technical Writing,beginner,resume_parse_mock
ST0219,SK040,Business Strategy,advanced,resume_parse_mock
ST0219,SK001,Python,advanced,resume_parse_mock
ST0219,SK014,Spark / Databricks,advanced,resume_parse_mock
ST0220,SK003,C/C++,advanced,resume_parse_mock
ST0220,SK024,Circuit Design,beginner,resume_parse_mock
ST0220,SK021,Embedded Systems,advanced,resume_parse_mock
ST0220,SK050,Leadership,beginner,resume_parse_mock
ST0220,SK047,Public Speaking,advanced,resume_parse_mock
ST0220,SK051,Teamwork,intermediate,resume_parse_mock
ST0221,SK008,Cloud (AWS/Azure/GCP),beginner,resume_parse_mock
ST0221,SK009,Data Structures & Algorithms,beginner,resume_parse_mock
ST0221,SK007,Git,intermediate,resume_parse_mock
ST0221,SK002,Java,advanced,resume_parse_mock
ST0221,SK050,Leadership,beginner,resume_parse_mock
ST0221,SK001,Python,beginner,resume_parse_mock
ST0222,SK024,Circuit Design,intermediate,resume_parse_mock
ST0222,SK050,Leadership,beginner,resume_parse_mock
ST0222,SK023,MATLAB,intermediate,resume_parse_mock
ST0222,SK047,Public Speaking,advanced,resume_parse_mock
ST0222,SK051,Teamwork,intermediate,resume_parse_mock
ST0223,SK022,CAD (SolidWorks),advanced,resume_parse_mock
ST0223,SK023,MATLAB,advanced,resume_parse_mock
ST0223,SK053,Project Management,intermediate,resume_parse_mock
ST0223,SK049,Technical Writing,beginner,resume_parse_mock
ST0224,SK022,CAD (SolidWorks),beginner,resume_parse_mock
ST0224,SK050,Leadership,advanced,resume_parse_mock
ST0224,SK047,Public Speaking,advanced,resume_parse_mock
ST0224,SK025,Structural Analysis,advanced,resume_parse_mock
ST0224,SK051,Teamwork,beginner,resume_parse_mock
ST0225,SK052,Behavioral Interviewing,intermediate,resume_parse_mock
ST0225,SK008,Cloud (AWS/Azure/GCP),intermediate,resume_parse_mock
ST0225,SK007,Git,beginner,resume_parse_mock
ST0225,SK050,Leadership,intermediate,resume_parse_mock
ST0225,SK023,MATLAB,beginner,resume_parse_mock
ST0225,SK018,Network Security,beginner,resume_parse_mock
ST0225,SK047,Public Speaking,beginner,resume_parse_mock
ST0225,SK001,Python,beginner,resume_parse_mock
ST0226,SK050,Leadership,advanced,resume_parse_mock
ST0226,SK053,Project Management,beginner,resume_parse_mock
ST0226,SK047,Public Speaking,beginner,resume_parse_mock
ST0226,SK049,Technical Writing,beginner,resume_parse_mock
ST0227,SK050,Leadership,intermediate,resume_parse_mock
ST0227,SK023,MATLAB,advanced,resume_parse_mock
ST0227,SK053,Project Management,intermediate,resume_parse_mock
ST0227,SK047,Public Speaking,beginner,resume_parse_mock
ST0227,SK025,Structural Analysis,beginner,resume_parse_mock
ST0227,SK051,Teamwork,intermediate,resume_parse_mock
ST0227,SK049,Technical Writing,intermediate,resume_parse_mock
ST0228,SK052,Behavioral Interviewing,intermediate,resume_parse_mock
ST0228,SK040,Business Strategy,intermediate,resume_parse_mock
ST0228,SK039,Case Interviewing,advanced,resume_parse_mock
ST0228,SK030,Financial Modeling,advanced,resume_parse_mock
ST0228,SK033,LBO Modeling,advanced,resume_parse_mock
ST0228,SK001,Python,advanced,resume_parse_mock
ST0229,SK032,Accounting Fundamentals,beginner,resume_parse_mock
ST0229,SK037,Auditing,beginner,resume_parse_mock
ST0229,SK036,Financial Statement Analysis,intermediate,resume_parse_mock
ST0229,SK033,LBO Modeling,beginner,resume_parse_mock
ST0229,SK050,Leadership,intermediate,resume_parse_mock
ST0229,SK016,Statistics,intermediate,resume_parse_mock
ST0229,SK051,Teamwork,intermediate,resume_parse_mock
ST0230,SK003,C/C++,advanced,resume_parse_mock
ST0230,SK050,Leadership,beginner,resume_parse_mock
ST0230,SK048,Networking,beginner,resume_parse_mock
ST0230,SK006,SQL,beginner,resume_parse_mock
ST0230,SK016,Statistics,advanced,resume_parse_mock
ST0230,SK046,Stochastic Calculus,intermediate,resume_parse_mock
ST0230,SK010,System Design,advanced,resume_parse_mock
ST0231,SK015,Data Visualization,advanced,resume_parse_mock
ST0231,SK050,Leadership,beginner,resume_parse_mock
ST0231,SK044,Market Research,intermediate,resume_parse_mock
ST0231,SK038,Market Sizing,intermediate,resume_parse_mock
ST0231,SK041,Product Roadmapping,beginner,resume_parse_mock
ST0231,SK006,SQL,beginner,resume_parse_mock
ST0231,SK014,Spark / Databricks,advanced,resume_parse_mock
ST0231,SK042,Supply Chain Analytics,intermediate,resume_parse_mock
ST0231,SK051,Teamwork,beginner,resume_parse_mock
ST0232,SK008,Cloud (AWS/Azure/GCP),advanced,resume_parse_mock
ST0232,SK012,Deep Learning,intermediate,resume_parse_mock
ST0232,SK002,Java,advanced,resume_parse_mock
ST0232,SK020,Linux,intermediate,resume_parse_mock
ST0232,SK023,MATLAB,advanced,resume_parse_mock
ST0232,SK011,Machine Learning,intermediate,resume_parse_mock
ST0232,SK001,Python,beginner,resume_parse_mock
ST0233,SK040,Business Strategy,intermediate,resume_parse_mock
ST0233,SK039,Case Interviewing,advanced,resume_parse_mock
ST0233,SK029,Excel Modeling,advanced,resume_parse_mock
ST0233,SK036,Financial Statement Analysis,intermediate,resume_parse_mock
ST0233,SK038,Market Sizing,beginner,resume_parse_mock
ST0233,SK048,Networking,beginner,resume_parse_mock
ST0233,SK047,Public Speaking,beginner,resume_parse_mock
ST0233,SK016,Statistics,beginner,resume_parse_mock
ST0234,SK040,Business Strategy,beginner,resume_parse_mock
ST0234,SK039,Case Interviewing,beginner,resume_parse_mock
ST0234,SK015,Data Visualization,advanced,resume_parse_mock
ST0234,SK012,Deep Learning,beginner,resume_parse_mock
ST0234,SK027,Figma,advanced,resume_parse_mock
ST0234,SK013,LLMs & AI Agents,intermediate,resume_parse_mock
ST0234,SK011,Machine Learning,intermediate,resume_parse_mock
ST0235,SK052,Behavioral Interviewing,intermediate,resume_parse_mock
ST0235,SK029,Excel Modeling,advanced,resume_parse_mock
ST0235,SK001,Python,beginner,resume_parse_mock
ST0236,SK015,Data Visualization,intermediate,resume_parse_mock
ST0236,SK043,Digital Marketing,intermediate,resume_parse_mock
ST0236,SK050,Leadership,advanced,resume_parse_mock
ST0236,SK044,Market Research,beginner,resume_parse_mock
ST0236,SK047,Public Speaking,advanced,resume_parse_mock
ST0236,SK051,Teamwork,beginner,resume_parse_mock
ST0237,SK050,Leadership,intermediate,resume_parse_mock
ST0237,SK023,MATLAB,beginner,resume_parse_mock
ST0237,SK047,Public Speaking,advanced,resume_parse_mock
ST0237,SK001,Python,intermediate,resume_parse_mock
ST0237,SK016,Statistics,beginner,resume_parse_mock
ST0237,SK051,Teamwork,advanced,resume_parse_mock
ST0237,SK049,Technical Writing,advanced,resume_parse_mock
ST0238,SK015,Data Visualization,advanced,resume_parse_mock
ST0238,SK043,Digital Marketing,beginner,resume_parse_mock
ST0238,SK050,Leadership,advanced,resume_parse_mock
ST0238,SK047,Public Speaking,beginner,resume_parse_mock
ST0238,SK001,Python,intermediate,resume_parse_mock
ST0239,SK003,C/C++,beginner,resume_parse_mock
ST0239,SK024,Circuit Design,beginner,resume_parse_mock
ST0239,SK021,Embedded Systems,advanced,resume_parse_mock
ST0239,SK050,Leadership,advanced,resume_parse_mock
ST0239,SK023,MATLAB,intermediate,resume_parse_mock
ST0239,SK051,Teamwork,intermediate,resume_parse_mock
ST0240,SK022,CAD (SolidWorks),beginner,resume_parse_mock
ST0240,SK023,MATLAB,intermediate,resume_parse_mock
ST0240,SK053,Project Management,beginner,resume_parse_mock
ST0240,SK042,Supply Chain Analytics,intermediate,resume_parse_mock
ST0241,SK015,Data Visualization,beginner,resume_parse_mock
ST0241,SK043,Digital Marketing,beginner,resume_parse_mock
ST0241,SK050,Leadership,advanced,resume_parse_mock
ST0241,SK044,Market Research,advanced,resume_parse_mock
ST0241,SK047,Public Speaking,beginner,resume_parse_mock
ST0241,SK051,Teamwork,advanced,resume_parse_mock
ST0242,SK015,Data Visualization,advanced,resume_parse_mock
ST0242,SK043,Digital Marketing,advanced,resume_parse_mock
ST0242,SK029,Excel Modeling,intermediate,resume_parse_mock
ST0242,SK044,Market Research,beginner,resume_parse_mock
ST0242,SK048,Networking,advanced,resume_parse_mock
ST0242,SK047,Public Speaking,beginner,resume_parse_mock
ST0243,SK011,Machine Learning,beginner,resume_parse_mock
ST0243,SK001,Python,intermediate,resume_parse_mock
ST0243,SK016,Statistics,beginner,resume_parse_mock
ST0243,SK046,Stochastic Calculus,intermediate,resume_parse_mock
ST0244,SK015,Data Visualization,intermediate,resume_parse_mock
ST0244,SK043,Digital Marketing,intermediate,resume_parse_mock
ST0244,SK004,JavaScript,advanced,resume_parse_mock
ST0244,SK050,Leadership,beginner,resume_parse_mock
ST0244,SK047,Public Speaking,beginner,resume_parse_mock
ST0244,SK016,Statistics,beginner,resume_parse_mock
ST0244,SK028,User Research,intermediate,resume_parse_mock
ST0245,SK015,Data Visualization,beginner,resume_parse_mock
ST0245,SK043,Digital Marketing,beginner,resume_parse_mock
ST0245,SK050,Leadership,advanced,resume_parse_mock
ST0245,SK044,Market Research,beginner,resume_parse_mock
ST0245,SK047,Public Speaking,advanced,resume_parse_mock
ST0245,SK051,Teamwork,beginner,resume_parse_mock
ST0246,SK031,DCF Valuation,intermediate,resume_parse_mock
ST0246,SK050,Leadership,beginner,resume_parse_mock
ST0246,SK047,Public Speaking,beginner,resume_parse_mock
ST0247,SK039,Case Interviewing,intermediate,resume_parse_mock
ST0247,SK023,MATLAB,intermediate,resume_parse_mock
ST0247,SK025,Structural Analysis,beginner,resume_parse_mock
ST0247,SK017,Tableau / Power BI,beginner,resume_parse_mock
ST0247,SK051,Teamwork,advanced,resume_parse_mock
ST0248,SK032,Accounting Fundamentals,advanced,resume_parse_mock
ST0248,SK052,Behavioral Interviewing,intermediate,resume_parse_mock
ST0248,SK040,Business Strategy,beginner,resume_parse_mock
ST0248,SK039,Case Interviewing,advanced,resume_parse_mock
ST0248,SK031,DCF Valuation,intermediate,resume_parse_mock
ST0248,SK051,Teamwork,intermediate,resume_parse_mock
ST0249,SK024,Circuit Design,intermediate,resume_parse_mock
ST0249,SK007,Git,intermediate,resume_parse_mock
ST0249,SK002,Java,beginner,resume_parse_mock
ST0249,SK047,Public Speaking,intermediate,resume_parse_mock
ST0250,SK027,Figma,intermediate,resume_parse_mock
ST0250,SK013,LLMs & AI Agents,advanced,resume_parse_mock
ST0250,SK050,Leadership,beginner,resume_parse_mock
ST0250,SK018,Network Security,advanced,resume_parse_mock
ST0250,SK001,Python,intermediate,resume_parse_mock
ST0250,SK006,SQL,beginner,resume_parse_mock
ST0251,SK032,Accounting Fundamentals,beginner,resume_parse_mock
ST0251,SK029,Excel Modeling,intermediate,resume_parse_mock
ST0251,SK030,Financial Modeling,advanced,resume_parse_mock
ST0251,SK036,Financial Statement Analysis,beginner,resume_parse_mock
ST0251,SK033,LBO Modeling,advanced,resume_parse_mock
ST0251,SK034,M&A Concepts,beginner,resume_parse_mock
ST0251,SK048,Networking,advanced,resume_parse_mock
ST0251,SK047,Public Speaking,intermediate,resume_parse_mock
ST0251,SK051,Teamwork,advanced,resume_parse_mock
ST0252,SK003,C/C++,beginner,resume_parse_mock
ST0252,SK039,Case Interviewing,advanced,resume_parse_mock
ST0252,SK009,Data Structures & Algorithms,intermediate,resume_parse_mock
ST0252,SK002,Java,advanced,resume_parse_mock
ST0252,SK050,Leadership,intermediate,resume_parse_mock
ST0252,SK023,MATLAB,intermediate,resume_parse_mock
ST0252,SK011,Machine Learning,advanced,resume_parse_mock
ST0252,SK019,Penetration Testing,advanced,resume_parse_mock
ST0253,SK040,Business Strategy,intermediate,resume_parse_mock
ST0253,SK039,Case Interviewing,intermediate,resume_parse_mock
ST0253,SK015,Data Visualization,advanced,resume_parse_mock
ST0253,SK050,Leadership,advanced,resume_parse_mock
ST0253,SK038,Market Sizing,intermediate,resume_parse_mock
ST0253,SK028,User Research,beginner,resume_parse_mock
ST0254,SK008,Cloud (AWS/Azure/GCP),intermediate,resume_parse_mock
ST0254,SK012,Deep Learning,advanced,resume_parse_mock
ST0254,SK007,Git,intermediate,resume_parse_mock
ST0254,SK013,LLMs & AI Agents,intermediate,resume_parse_mock
ST0254,SK011,Machine Learning,advanced,resume_parse_mock
ST0254,SK018,Network Security,advanced,resume_parse_mock
ST0254,SK047,Public Speaking,advanced,resume_parse_mock
ST0254,SK001,Python,beginner,resume_parse_mock
ST0255,SK026,Lab Research Methods,beginner,resume_parse_mock
ST0255,SK050,Leadership,intermediate,resume_parse_mock
ST0255,SK047,Public Speaking,beginner,resume_parse_mock
ST0255,SK016,Statistics,advanced,resume_parse_mock
ST0255,SK051,Teamwork,advanced,resume_parse_mock
ST0256,SK003,C/C++,beginner,resume_parse_mock
ST0256,SK008,Cloud (AWS/Azure/GCP),intermediate,resume_parse_mock
ST0256,SK009,Data Structures & Algorithms,beginner,resume_parse_mock
ST0256,SK021,Embedded Systems,advanced,resume_parse_mock
ST0256,SK023,MATLAB,intermediate,resume_parse_mock
ST0256,SK011,Machine Learning,intermediate,resume_parse_mock
ST0256,SK019,Penetration Testing,advanced,resume_parse_mock
ST0256,SK014,Spark / Databricks,beginner,resume_parse_mock
ST0257,SK052,Behavioral Interviewing,beginner,resume_parse_mock
ST0257,SK015,Data Visualization,advanced,resume_parse_mock
ST0257,SK033,LBO Modeling,advanced,resume_parse_mock
ST0257,SK034,M&A Concepts,advanced,resume_parse_mock
ST0257,SK048,Networking,beginner,resume_parse_mock
ST0258,SK026,Lab Research Methods,advanced,resume_parse_mock
ST0258,SK050,Leadership,intermediate,resume_parse_mock
ST0258,SK023,MATLAB,advanced,resume_parse_mock
ST0258,SK016,Statistics,intermediate,resume_parse_mock
ST0258,SK051,Teamwork,advanced,resume_parse_mock
ST0258,SK049,Technical Writing,beginner,resume_parse_mock
ST0259,SK015,Data Visualization,advanced,resume_parse_mock
ST0259,SK043,Digital Marketing,beginner,resume_parse_mock
ST0259,SK047,Public Speaking,advanced,resume_parse_mock
ST0259,SK042,Supply Chain Analytics,intermediate,resume_parse_mock
ST0259,SK051,Teamwork,advanced,resume_parse_mock
ST0260,SK003,C/C++,advanced,resume_parse_mock
ST0260,SK002,Java,advanced,resume_parse_mock
ST0260,SK018,Network Security,advanced,resume_parse_mock
ST0260,SK014,Spark / Databricks,advanced,resume_parse_mock
ST0260,SK016,Statistics,advanced,resume_parse_mock
ST0260,SK010,System Design,beginner,resume_parse_mock
ST0260,SK051,Teamwork,intermediate,resume_parse_mock
ST0261,SK008,Cloud (AWS/Azure/GCP),advanced,resume_parse_mock
ST0261,SK038,Market Sizing,beginner,resume_parse_mock
ST0261,SK006,SQL,beginner,resume_parse_mock
ST0261,SK014,Spark / Databricks,beginner,resume_parse_mock
ST0261,SK017,Tableau / Power BI,advanced,resume_parse_mock
ST0262,SK052,Behavioral Interviewing,advanced,resume_parse_mock
ST0262,SK039,Case Interviewing,beginner,resume_parse_mock
ST0262,SK031,DCF Valuation,beginner,resume_parse_mock
ST0262,SK030,Financial Modeling,intermediate,resume_parse_mock
ST0262,SK036,Financial Statement Analysis,advanced,resume_parse_mock
ST0262,SK050,Leadership,beginner,resume_parse_mock
ST0262,SK038,Market Sizing,advanced,resume_parse_mock
ST0262,SK048,Networking,intermediate,resume_parse_mock
ST0263,SK015,Data Visualization,intermediate,resume_parse_mock
ST0263,SK027,Figma,beginner,resume_parse_mock
ST0263,SK044,Market Research,advanced,resume_parse_mock
ST0263,SK054,Policy Analysis,intermediate,resume_parse_mock
ST0263,SK047,Public Speaking,intermediate,resume_parse_mock
ST0263,SK051,Teamwork,beginner,resume_parse_mock
ST0263,SK049,Technical Writing,intermediate,resume_parse_mock
ST0264,SK053,Project Management,advanced,resume_parse_mock
ST0264,SK006,SQL,beginner,resume_parse_mock
ST0264,SK046,Stochastic Calculus,intermediate,resume_parse_mock
ST0264,SK051,Teamwork,beginner,resume_parse_mock
ST0265,SK036,Financial Statement Analysis,advanced,resume_parse_mock
ST0265,SK033,LBO Modeling,beginner,resume_parse_mock
ST0265,SK050,Leadership,beginner,resume_parse_mock
ST0265,SK034,M&A Concepts,intermediate,resume_parse_mock
ST0265,SK051,Teamwork,beginner,resume_parse_mock
ST0266,SK052,Behavioral Interviewing,intermediate,resume_parse_mock
ST0266,SK031,DCF Valuation,intermediate,resume_parse_mock
ST0266,SK033,LBO Modeling,beginner,resume_parse_mock
ST0266,SK048,Networking,beginner,resume_parse_mock
ST0267,SK052,Behavioral Interviewing,advanced,resume_parse_mock
ST0267,SK040,Business Strategy,intermediate,resume_parse_mock
ST0267,SK015,Data Visualization,advanced,resume_parse_mock
ST0267,SK011,Machine Learning,advanced,resume_parse_mock
ST0267,SK038,Market Sizing,beginner,resume_parse_mock
ST0267,SK048,Networking,advanced,resume_parse_mock
ST0267,SK001,Python,advanced,resume_parse_mock
ST0268,SK040,Business Strategy,advanced,resume_parse_mock
ST0268,SK036,Financial Statement Analysis,intermediate,resume_parse_mock
ST0268,SK033,LBO Modeling,intermediate,resume_parse_mock
ST0268,SK050,Leadership,intermediate,resume_parse_mock
ST0268,SK049,Technical Writing,beginner,resume_parse_mock
ST0269,SK022,CAD (SolidWorks),beginner,resume_parse_mock
ST0269,SK050,Leadership,beginner,resume_parse_mock
ST0269,SK023,MATLAB,intermediate,resume_parse_mock
ST0269,SK053,Project Management,intermediate,resume_parse_mock
ST0269,SK047,Public Speaking,beginner,resume_parse_mock
ST0269,SK051,Teamwork,advanced,resume_parse_mock
ST0269,SK049,Technical Writing,beginner,resume_parse_mock
ST0270,SK032,Accounting Fundamentals,advanced,resume_parse_mock
ST0270,SK029,Excel Modeling,intermediate,resume_parse_mock
ST0270,SK030,Financial Modeling,advanced,resume_parse_mock
ST0270,SK036,Financial Statement Analysis,beginner,resume_parse_mock
ST0270,SK050,Leadership,beginner,resume_parse_mock
ST0270,SK034,M&A Concepts,intermediate,resume_parse_mock
ST0270,SK047,Public Speaking,intermediate,resume_parse_mock
ST0270,SK001,Python,beginner,resume_parse_mock
ST0271,SK015,Data Visualization,beginner,resume_parse_mock
ST0271,SK043,Digital Marketing,advanced,resume_parse_mock
ST0271,SK047,Public Speaking,beginner,resume_parse_mock
ST0272,SK022,CAD (SolidWorks),intermediate,resume_parse_mock
ST0272,SK047,Public Speaking,advanced,resume_parse_mock
ST0272,SK025,Structural Analysis,intermediate,resume_parse_mock
ST0272,SK051,Teamwork,beginner,resume_parse_mock
ST0272,SK049,Technical Writing,beginner,resume_parse_mock
ST0273,SK052,Behavioral Interviewing,beginner,resume_parse_mock
ST0273,SK015,Data Visualization,beginner,resume_parse_mock
ST0273,SK012,Deep Learning,beginner,resume_parse_mock
ST0273,SK047,Public Speaking,beginner,resume_parse_mock
ST0273,SK016,Statistics,advanced,resume_parse_mock
ST0274,SK050,Leadership,intermediate,resume_parse_mock
ST0274,SK023,MATLAB,beginner,resume_parse_mock
ST0274,SK047,Public Speaking,intermediate,resume_parse_mock
ST0274,SK001,Python,intermediate,resume_parse_mock
ST0274,SK016,Statistics,advanced,resume_parse_mock
ST0274,SK049,Technical Writing,beginner,resume_parse_mock
ST0275,SK003,C/C++,beginner,resume_parse_mock
ST0275,SK002,Java,advanced,resume_parse_mock
ST0275,SK020,Linux,intermediate,resume_parse_mock
ST0275,SK001,Python,beginner,resume_parse_mock
ST0275,SK006,SQL,intermediate,resume_parse_mock
ST0275,SK014,Spark / Databricks,intermediate,resume_parse_mock
ST0275,SK046,Stochastic Calculus,advanced,resume_parse_mock
ST0275,SK010,System Design,intermediate,resume_parse_mock
ST0275,SK051,Teamwork,beginner,resume_parse_mock
ST0276,SK008,Cloud (AWS/Azure/GCP),beginner,resume_parse_mock
ST0276,SK050,Leadership,intermediate,resume_parse_mock
ST0276,SK053,Project Management,intermediate,resume_parse_mock
ST0276,SK001,Python,intermediate,resume_parse_mock
ST0277,SK029,Excel Modeling,intermediate,resume_parse_mock
ST0277,SK033,LBO Modeling,beginner,resume_parse_mock
ST0277,SK048,Networking,intermediate,resume_parse_mock
ST0277,SK047,Public Speaking,beginner,resume_parse_mock
ST0277,SK014,Spark / Databricks,advanced,resume_parse_mock
ST0277,SK016,Statistics,advanced,resume_parse_mock
ST0277,SK051,Teamwork,intermediate,resume_parse_mock
ST0278,SK040,Business Strategy,beginner,resume_parse_mock
ST0278,SK007,Git,intermediate,resume_parse_mock
ST0278,SK004,JavaScript,advanced,resume_parse_mock
ST0278,SK020,Linux,beginner,resume_parse_mock
ST0278,SK019,Penetration Testing,beginner,resume_parse_mock
ST0279,SK032,Accounting Fundamentals,beginner,resume_parse_mock
ST0279,SK052,Behavioral Interviewing,intermediate,resume_parse_mock
ST0279,SK001,Python,advanced,resume_parse_mock
ST0279,SK016,Statistics,intermediate,resume_parse_mock
ST0279,SK051,Teamwork,advanced,resume_parse_mock
ST0280,SK037,Auditing,intermediate,resume_parse_mock
ST0280,SK047,Public Speaking,advanced,resume_parse_mock
ST0280,SK001,Python,intermediate,resume_parse_mock
ST0280,SK016,Statistics,intermediate,resume_parse_mock
ST0280,SK051,Teamwork,advanced,resume_parse_mock
ST0281,SK037,Auditing,intermediate,resume_parse_mock
ST0281,SK039,Case Interviewing,advanced,resume_parse_mock
ST0281,SK031,DCF Valuation,advanced,resume_parse_mock
ST0281,SK033,LBO Modeling,beginner,resume_parse_mock
ST0281,SK047,Public Speaking,beginner,resume_parse_mock
ST0282,SK003,C/C++,advanced,resume_parse_mock
ST0282,SK024,Circuit Design,intermediate,resume_parse_mock
ST0282,SK021,Embedded Systems,advanced,resume_parse_mock
ST0282,SK050,Leadership,intermediate,resume_parse_mock
ST0282,SK023,MATLAB,beginner,resume_parse_mock
ST0282,SK047,Public Speaking,advanced,resume_parse_mock
ST0282,SK051,Teamwork,advanced,resume_parse_mock
ST0283,SK052,Behavioral Interviewing,beginner,resume_parse_mock
ST0283,SK030,Financial Modeling,beginner,resume_parse_mock
ST0283,SK036,Financial Statement Analysis,beginner,resume_parse_mock
ST0283,SK048,Networking,advanced,resume_parse_mock
ST0283,SK047,Public Speaking,advanced,resume_parse_mock
ST0283,SK001,Python,advanced,resume_parse_mock
ST0284,SK039,Case Interviewing,advanced,resume_parse_mock
ST0284,SK008,Cloud (AWS/Azure/GCP),intermediate,resume_parse_mock
ST0284,SK004,JavaScript,advanced,resume_parse_mock
ST0284,SK013,LLMs & AI Agents,intermediate,resume_parse_mock
ST0284,SK020,Linux,advanced,resume_parse_mock
ST0285,SK026,Lab Research Methods,advanced,resume_parse_mock
ST0285,SK023,MATLAB,beginner,resume_parse_mock
ST0285,SK047,Public Speaking,beginner,resume_parse_mock
ST0285,SK001,Python,advanced,resume_parse_mock
ST0285,SK016,Statistics,intermediate,resume_parse_mock
ST0285,SK051,Teamwork,beginner,resume_parse_mock
ST0285,SK049,Technical Writing,intermediate,resume_parse_mock
ST0286,SK015,Data Visualization,beginner,resume_parse_mock
ST0286,SK043,Digital Marketing,intermediate,resume_parse_mock
ST0286,SK050,Leadership,advanced,resume_parse_mock
ST0286,SK051,Teamwork,advanced,resume_parse_mock
ST0287,SK003,C/C++,beginner,resume_parse_mock
ST0287,SK039,Case Interviewing,advanced,resume_parse_mock
ST0287,SK050,Leadership,intermediate,resume_parse_mock
ST0287,SK051,Teamwork,beginner,resume_parse_mock
ST0288,SK021,Embedded Systems,advanced,resume_parse_mock
ST0288,SK013,LLMs & AI Agents,beginner,resume_parse_mock
ST0288,SK011,Machine Learning,beginner,resume_parse_mock
ST0289,SK023,MATLAB,beginner,resume_parse_mock
ST0289,SK038,Market Sizing,intermediate,resume_parse_mock
ST0289,SK025,Structural Analysis,advanced,resume_parse_mock
ST0289,SK017,Tableau / Power BI,beginner,resume_parse_mock
ST0289,SK051,Teamwork,advanced,resume_parse_mock
ST0289,SK049,Technical Writing,advanced,resume_parse_mock
ST0290,SK009,Data Structures & Algorithms,advanced,resume_parse_mock
ST0290,SK002,Java,intermediate,resume_parse_mock
ST0290,SK050,Leadership,advanced,resume_parse_mock
ST0290,SK047,Public Speaking,intermediate,resume_parse_mock
ST0290,SK001,Python,advanced,resume_parse_mock
ST0290,SK016,Statistics,beginner,resume_parse_mock
ST0290,SK046,Stochastic Calculus,beginner,resume_parse_mock
ST0291,SK040,Business Strategy,advanced,resume_parse_mock
ST0291,SK039,Case Interviewing,beginner,resume_parse_mock
ST0291,SK012,Deep Learning,intermediate,resume_parse_mock
ST0291,SK013,LLMs & AI Agents,advanced,resume_parse_mock
ST0291,SK020,Linux,beginner,resume_parse_mock
ST0291,SK053,Project Management,advanced,resume_parse_mock
ST0291,SK014,Spark / Databricks,intermediate,resume_parse_mock
ST0291,SK016,Statistics,beginner,resume_parse_mock
ST0292,SK050,Leadership,intermediate,resume_parse_mock
ST0292,SK023,MATLAB,intermediate,resume_parse_mock
ST0292,SK047,Public Speaking,intermediate,resume_parse_mock
ST0292,SK001,Python,intermediate,resume_parse_mock
ST0292,SK051,Teamwork,advanced,resume_parse_mock
ST0292,SK049,Technical Writing,beginner,resume_parse_mock
ST0293,SK008,Cloud (AWS/Azure/GCP),beginner,resume_parse_mock
ST0293,SK009,Data Structures & Algorithms,advanced,resume_parse_mock
ST0293,SK007,Git,intermediate,resume_parse_mock
ST0293,SK013,LLMs & AI Agents,beginner,resume_parse_mock
ST0293,SK001,Python,beginner,resume_parse_mock
ST0293,SK014,Spark / Databricks,intermediate,resume_parse_mock
ST0294,SK040,Business Strategy,advanced,resume_parse_mock
ST0294,SK031,DCF Valuation,advanced,resume_parse_mock
ST0294,SK036,Financial Statement Analysis,beginner,resume_parse_mock
ST0294,SK016,Statistics,beginner,resume_parse_mock
ST0295,SK039,Case Interviewing,intermediate,resume_parse_mock
ST0295,SK029,Excel Modeling,beginner,resume_parse_mock
ST0295,SK050,Leadership,beginner,resume_parse_mock
ST0295,SK044,Market Research,advanced,resume_parse_mock
ST0295,SK038,Market Sizing,advanced,resume_parse_mock
ST0295,SK041,Product Roadmapping,beginner,resume_parse_mock
ST0295,SK053,Project Management,beginner,resume_parse_mock
ST0295,SK006,SQL,beginner,resume_parse_mock
ST0296,SK052,Behavioral Interviewing,intermediate,resume_parse_mock
ST0296,SK009,Data Structures & Algorithms,intermediate,resume_parse_mock
ST0296,SK050,Leadership,intermediate,resume_parse_mock
ST0296,SK001,Python,beginner,resume_parse_mock
ST0296,SK010,System Design,advanced,resume_parse_mock
ST0297,SK052,Behavioral Interviewing,advanced,resume_parse_mock
ST0297,SK039,Case Interviewing,intermediate,resume_parse_mock
ST0297,SK012,Deep Learning,intermediate,resume_parse_mock
ST0297,SK047,Public Speaking,advanced,resume_parse_mock
ST0297,SK006,SQL,intermediate,resume_parse_mock
ST0297,SK014,Spark / Databricks,advanced,resume_parse_mock
ST0297,SK046,Stochastic Calculus,beginner,resume_parse_mock
ST0298,SK015,Data Visualization,advanced,resume_parse_mock
ST0298,SK043,Digital Marketing,intermediate,resume_parse_mock
ST0298,SK004,JavaScript,advanced,resume_parse_mock
ST0298,SK050,Leadership,intermediate,resume_parse_mock
ST0298,SK044,Market Research,intermediate,resume_parse_mock
ST0298,SK047,Public Speaking,intermediate,resume_parse_mock
ST0298,SK051,Teamwork,advanced,resume_parse_mock
ST0299,SK052,Behavioral Interviewing,beginner,resume_parse_mock
ST0299,SK029,Excel Modeling,intermediate,resume_parse_mock
ST0299,SK050,Leadership,intermediate,resume_parse_mock
ST0299,SK047,Public Speaking,beginner,resume_parse_mock
ST0299,SK016,Statistics,advanced,resume_parse_mock
ST0300,SK022,CAD (SolidWorks),intermediate,resume_parse_mock
ST0300,SK023,MATLAB,beginner,resume_parse_mock
ST0300,SK053,Project Management,beginner,resume_parse_mock
ST0300,SK025,Structural Analysis,beginner,resume_parse_mock
ST0300,SK051,Teamwork,beginner,resume_parse_mock
ST0300,SK049,Technical Writing,advanced,resume_parse_mock
ST0301,SK022,CAD (SolidWorks),beginner,resume_parse_mock
ST0301,SK050,Leadership,beginner,resume_parse_mock
ST0301,SK023,MATLAB,intermediate,resume_parse_mock
ST0301,SK047,Public Speaking,beginner,resume_parse_mock
ST0301,SK051,Teamwork,beginner,resume_parse_mock
ST0301,SK049,Technical Writing,intermediate,resume_parse_mock
ST0302,SK040,Business Strategy,advanced,resume_parse_mock
ST0302,SK039,Case Interviewing,advanced,resume_parse_mock
ST0302,SK050,Leadership,advanced,resume_parse_mock
ST0302,SK047,Public Speaking,advanced,resume_parse_mock
ST0302,SK006,SQL,beginner,resume_parse_mock
ST0302,SK042,Supply Chain Analytics,intermediate,resume_parse_mock
ST0302,SK017,Tableau / Power BI,intermediate,resume_parse_mock
ST0303,SK015,Data Visualization,advanced,resume_parse_mock
ST0303,SK043,Digital Marketing,advanced,resume_parse_mock
ST0303,SK044,Market Research,intermediate,resume_parse_mock
ST0303,SK047,Public Speaking,intermediate,resume_parse_mock
ST0304,SK006,SQL,advanced,resume_parse_mock
ST0304,SK025,Structural Analysis,beginner,resume_parse_mock
ST0304,SK017,Tableau / Power BI,intermediate,resume_parse_mock
ST0305,SK006,SQL,advanced,resume_parse_mock
ST0305,SK042,Supply Chain Analytics,intermediate,resume_parse_mock
ST0305,SK028,User Research,beginner,resume_parse_mock
ST0306,SK015,Data Visualization,intermediate,resume_parse_mock
ST0306,SK043,Digital Marketing,advanced,resume_parse_mock
ST0306,SK044,Market Research,advanced,resume_parse_mock
ST0306,SK041,Product Roadmapping,beginner,resume_parse_mock
ST0306,SK047,Public Speaking,beginner,resume_parse_mock
ST0307,SK040,Business Strategy,intermediate,resume_parse_mock
ST0307,SK003,C/C++,intermediate,resume_parse_mock
ST0307,SK009,Data Structures & Algorithms,advanced,resume_parse_mock
ST0307,SK015,Data Visualization,advanced,resume_parse_mock
ST0307,SK050,Leadership,intermediate,resume_parse_mock
ST0307,SK041,Product Roadmapping,intermediate,resume_parse_mock
ST0307,SK053,Project Management,intermediate,resume_parse_mock
ST0307,SK047,Public Speaking,advanced,resume_parse_mock
ST0307,SK014,Spark / Databricks,beginner,resume_parse_mock
ST0308,SK003,C/C++,intermediate,resume_parse_mock
ST0308,SK024,Circuit Design,advanced,resume_parse_mock
ST0308,SK012,Deep Learning,beginner,resume_parse_mock
ST0308,SK007,Git,advanced,resume_parse_mock
ST0308,SK018,Network Security,advanced,resume_parse_mock
ST0308,SK047,Public Speaking,advanced,resume_parse_mock
ST0309,SK040,Business Strategy,advanced,resume_parse_mock
ST0309,SK047,Public Speaking,intermediate,resume_parse_mock
ST0309,SK014,Spark / Databricks,beginner,resume_parse_mock
ST0309,SK049,Technical Writing,advanced,resume_parse_mock
ST0310,SK040,Business Strategy,advanced,resume_parse_mock
ST0310,SK015,Data Visualization,intermediate,resume_parse_mock
ST0310,SK027,Figma,advanced,resume_parse_mock
ST0310,SK004,JavaScript,advanced,resume_parse_mock
ST0310,SK011,Machine Learning,advanced,resume_parse_mock
ST0310,SK041,Product Roadmapping,advanced,resume_parse_mock
ST0310,SK006,SQL,beginner,resume_parse_mock
ST0311,SK030,Financial Modeling,advanced,resume_parse_mock
ST0311,SK033,LBO Modeling,advanced,resume_parse_mock
ST0311,SK050,Leadership,beginner,resume_parse_mock
ST0311,SK011,Machine Learning,intermediate,resume_parse_mock
ST0311,SK001,Python,beginner,resume_parse_mock
ST0311,SK006,SQL,advanced,resume_parse_mock
ST0311,SK014,Spark / Databricks,beginner,resume_parse_mock
ST0312,SK050,Leadership,beginner,resume_parse_mock
ST0312,SK054,Policy Analysis,intermediate,resume_parse_mock
ST0312,SK051,Teamwork,intermediate,resume_parse_mock
ST0313,SK018,Network Security,beginner,resume_parse_mock
ST0313,SK016,Statistics,intermediate,resume_parse_mock
ST0313,SK051,Teamwork,beginner,resume_parse_mock
ST0314,SK040,Business Strategy,advanced,resume_parse_mock
ST0314,SK027,Figma,beginner,resume_parse_mock
ST0314,SK004,JavaScript,beginner,resume_parse_mock
ST0314,SK050,Leadership,beginner,resume_parse_mock
ST0314,SK047,Public Speaking,beginner,resume_parse_mock
ST0314,SK028,User Research,beginner,resume_parse_mock
ST0315,SK031,DCF Valuation,intermediate,resume_parse_mock
ST0315,SK015,Data Visualization,beginner,resume_parse_mock
ST0315,SK033,LBO Modeling,beginner,resume_parse_mock
ST0315,SK050,Leadership,beginner,resume_parse_mock
ST0315,SK054,Policy Analysis,intermediate,resume_parse_mock
ST0315,SK014,Spark / Databricks,intermediate,resume_parse_mock
ST0316,SK039,Case Interviewing,beginner,resume_parse_mock
ST0316,SK015,Data Visualization,beginner,resume_parse_mock
ST0316,SK043,Digital Marketing,advanced,resume_parse_mock
ST0316,SK050,Leadership,beginner,resume_parse_mock
ST0316,SK053,Project Management,intermediate,resume_parse_mock
ST0316,SK047,Public Speaking,beginner,resume_parse_mock
ST0316,SK017,Tableau / Power BI,intermediate,resume_parse_mock
ST0317,SK021,Embedded Systems,beginner,resume_parse_mock
ST0317,SK050,Leadership,advanced,resume_parse_mock
ST0317,SK047,Public Speaking,intermediate,resume_parse_mock
ST0317,SK051,Teamwork,intermediate,resume_parse_mock
ST0318,SK008,Cloud (AWS/Azure/GCP),beginner,resume_parse_mock
ST0318,SK009,Data Structures & Algorithms,beginner,resume_parse_mock
ST0318,SK012,Deep Learning,beginner,resume_parse_mock
ST0318,SK007,Git,advanced,resume_parse_mock
ST0318,SK047,Public Speaking,beginner,resume_parse_mock
ST0318,SK046,Stochastic Calculus,beginner,resume_parse_mock
ST0318,SK010,System Design,advanced,resume_parse_mock
ST0318,SK028,User Research,intermediate,resume_parse_mock
ST0319,SK015,Data Visualization,advanced,resume_parse_mock
ST0319,SK029,Excel Modeling,intermediate,resume_parse_mock
ST0319,SK033,LBO Modeling,advanced,resume_parse_mock
ST0319,SK050,Leadership,intermediate,resume_parse_mock
ST0319,SK034,M&A Concepts,intermediate,resume_parse_mock
ST0319,SK048,Networking,intermediate,resume_parse_mock
ST0319,SK001,Python,intermediate,resume_parse_mock
ST0319,SK016,Statistics,advanced,resume_parse_mock
ST0319,SK051,Teamwork,advanced,resume_parse_mock
ST0320,SK032,Accounting Fundamentals,advanced,resume_parse_mock
ST0320,SK052,Behavioral Interviewing,beginner,resume_parse_mock
ST0320,SK050,Leadership,intermediate,resume_parse_mock
ST0321,SK032,Accounting Fundamentals,advanced,resume_parse_mock
ST0321,SK029,Excel Modeling,advanced,resume_parse_mock
ST0321,SK036,Financial Statement Analysis,beginner,resume_parse_mock
ST0321,SK034,M&A Concepts,advanced,resume_parse_mock
ST0321,SK038,Market Sizing,intermediate,resume_parse_mock
ST0321,SK048,Networking,advanced,resume_parse_mock
ST0321,SK016,Statistics,advanced,resume_parse_mock
ST0322,SK015,Data Visualization,advanced,resume_parse_mock
ST0322,SK043,Digital Marketing,beginner,resume_parse_mock
ST0322,SK044,Market Research,intermediate,resume_parse_mock
ST0322,SK051,Teamwork,intermediate,resume_parse_mock
ST0323,SK037,Auditing,beginner,resume_parse_mock
ST0323,SK040,Business Strategy,advanced,resume_parse_mock
ST0323,SK036,Financial Statement Analysis,advanced,resume_parse_mock
ST0323,SK033,LBO Modeling,beginner,resume_parse_mock
ST0323,SK048,Networking,advanced,resume_parse_mock
ST0323,SK047,Public Speaking,advanced,resume_parse_mock
ST0323,SK001,Python,intermediate,resume_parse_mock
ST0323,SK051,Teamwork,intermediate,resume_parse_mock
ST0324,SK009,Data Structures & Algorithms,beginner,resume_parse_mock
ST0324,SK012,Deep Learning,intermediate,resume_parse_mock
ST0324,SK007,Git,intermediate,resume_parse_mock
ST0324,SK002,Java,advanced,resume_parse_mock
ST0324,SK020,Linux,intermediate,resume_parse_mock
ST0324,SK001,Python,intermediate,resume_parse_mock
ST0324,SK010,System Design,advanced,resume_parse_mock
ST0324,SK051,Teamwork,beginner,resume_parse_mock
ST0325,SK043,Digital Marketing,beginner,resume_parse_mock
ST0325,SK050,Leadership,intermediate,resume_parse_mock
ST0325,SK016,Statistics,advanced,resume_parse_mock
ST0325,SK051,Teamwork,beginner,resume_parse_mock
ST0325,SK028,User Research,intermediate,resume_parse_mock
ST0326,SK004,JavaScript,intermediate,resume_parse_mock
ST0326,SK050,Leadership,beginner,resume_parse_mock
ST0326,SK047,Public Speaking,beginner,resume_parse_mock
ST0326,SK028,User Research,beginner,resume_parse_mock
ST0327,SK043,Digital Marketing,advanced,resume_parse_mock
ST0327,SK029,Excel Modeling,beginner,resume_parse_mock
ST0327,SK041,Product Roadmapping,beginner,resume_parse_mock
ST0327,SK053,Project Management,advanced,resume_parse_mock
ST0327,SK006,SQL,beginner,resume_parse_mock
ST0327,SK017,Tableau / Power BI,beginner,resume_parse_mock
ST0327,SK051,Teamwork,advanced,resume_parse_mock
ST0327,SK028,User Research,advanced,resume_parse_mock
ST0328,SK009,Data Structures & Algorithms,beginner,resume_parse_mock
ST0328,SK029,Excel Modeling,intermediate,resume_parse_mock
ST0328,SK050,Leadership,advanced,resume_parse_mock
ST0328,SK001,Python,intermediate,resume_parse_mock
ST0328,SK051,Teamwork,intermediate,resume_parse_mock
ST0329,SK052,Behavioral Interviewing,beginner,resume_parse_mock
ST0329,SK012,Deep Learning,intermediate,resume_parse_mock
ST0329,SK014,Spark / Databricks,beginner,resume_parse_mock
ST0329,SK016,Statistics,advanced,resume_parse_mock
ST0329,SK010,System Design,beginner,resume_parse_mock
ST0330,SK039,Case Interviewing,intermediate,resume_parse_mock
ST0330,SK008,Cloud (AWS/Azure/GCP),intermediate,resume_parse_mock
ST0330,SK029,Excel Modeling,advanced,resume_parse_mock
ST0330,SK038,Market Sizing,advanced,resume_parse_mock
ST0330,SK018,Network Security,advanced,resume_parse_mock
ST0330,SK053,Project Management,advanced,resume_parse_mock
ST0330,SK017,Tableau / Power BI,beginner,resume_parse_mock
ST0330,SK051,Teamwork,advanced,resume_parse_mock
ST0331,SK027,Figma,intermediate,resume_parse_mock
ST0331,SK002,Java,beginner,resume_parse_mock
ST0331,SK001,Python,advanced,resume_parse_mock
ST0331,SK028,User Research,advanced,resume_parse_mock
ST0332,SK050,Leadership,intermediate,resume_parse_mock
ST0332,SK044,Market Research,advanced,resume_parse_mock
ST0332,SK053,Project Management,advanced,resume_parse_mock
ST0332,SK047,Public Speaking,intermediate,resume_parse_mock
ST0332,SK025,Structural Analysis,advanced,resume_parse_mock
ST0332,SK051,Teamwork,advanced,resume_parse_mock
ST0332,SK049,Technical Writing,advanced,resume_parse_mock
ST0333,SK015,Data Visualization,advanced,resume_parse_mock
ST0333,SK043,Digital Marketing,beginner,resume_parse_mock
ST0333,SK050,Leadership,advanced,resume_parse_mock
ST0333,SK044,Market Research,beginner,resume_parse_mock
ST0333,SK047,Public Speaking,intermediate,resume_parse_mock
ST0333,SK051,Teamwork,intermediate,resume_parse_mock
ST0334,SK040,Business Strategy,advanced,resume_parse_mock
ST0334,SK039,Case Interviewing,advanced,resume_parse_mock
ST0334,SK029,Excel Modeling,beginner,resume_parse_mock
ST0334,SK050,Leadership,advanced,resume_parse_mock
ST0334,SK038,Market Sizing,intermediate,resume_parse_mock
ST0334,SK048,Networking,beginner,resume_parse_mock
ST0334,SK054,Policy Analysis,beginner,resume_parse_mock
ST0334,SK047,Public Speaking,advanced,resume_parse_mock
ST0334,SK049,Technical Writing,advanced,resume_parse_mock
ST0335,SK040,Business Strategy,beginner,resume_parse_mock
ST0335,SK039,Case Interviewing,advanced,resume_parse_mock
ST0335,SK008,Cloud (AWS/Azure/GCP),beginner,resume_parse_mock
ST0335,SK050,Leadership,beginner,resume_parse_mock
ST0335,SK053,Project Management,beginner,resume_parse_mock
ST0335,SK042,Supply Chain Analytics,intermediate,resume_parse_mock
ST0335,SK017,Tableau / Power BI,intermediate,resume_parse_mock
ST0335,SK051,Teamwork,intermediate,resume_parse_mock
ST0336,SK052,Behavioral Interviewing,intermediate,resume_parse_mock
ST0336,SK015,Data Visualization,intermediate,resume_parse_mock
ST0336,SK007,Git,advanced,resume_parse_mock
ST0336,SK002,Java,intermediate,resume_parse_mock
ST0336,SK013,LLMs & AI Agents,beginner,resume_parse_mock
ST0336,SK016,Statistics,beginner,resume_parse_mock
ST0336,SK046,Stochastic Calculus,advanced,resume_parse_mock
ST0336,SK051,Teamwork,intermediate,resume_parse_mock
ST0337,SK003,C/C++,intermediate,resume_parse_mock
ST0337,SK024,Circuit Design,intermediate,resume_parse_mock
ST0337,SK021,Embedded Systems,advanced,resume_parse_mock
ST0337,SK050,Leadership,advanced,resume_parse_mock
ST0337,SK023,MATLAB,beginner,resume_parse_mock
ST0337,SK047,Public Speaking,advanced,resume_parse_mock
ST0338,SK050,Leadership,advanced,resume_parse_mock
ST0338,SK047,Public Speaking,intermediate,resume_parse_mock
ST0338,SK010,System Design,beginner,resume_parse_mock
ST0338,SK051,Teamwork,advanced,resume_parse_mock
ST0338,SK049,Technical Writing,advanced,resume_parse_mock
ST0339,SK009,Data Structures & Algorithms,advanced,resume_parse_mock
ST0339,SK027,Figma,beginner,resume_parse_mock
ST0339,SK011,Machine Learning,intermediate,resume_parse_mock
ST0339,SK053,Project Management,advanced,resume_parse_mock
ST0339,SK006,SQL,beginner,resume_parse_mock
ST0339,SK046,Stochastic Calculus,intermediate,resume_parse_mock
ST0340,SK012,Deep Learning,advanced,resume_parse_mock
ST0340,SK007,Git,intermediate,resume_parse_mock
ST0340,SK020,Linux,advanced,resume_parse_mock
ST0340,SK041,Product Roadmapping,beginner,resume_parse_mock
ST0340,SK014,Spark / Databricks,advanced,resume_parse_mock
ST0340,SK016,Statistics,intermediate,resume_parse_mock
ST0340,SK051,Teamwork,beginner,resume_parse_mock
ST0341,SK022,CAD (SolidWorks),intermediate,resume_parse_mock
ST0341,SK050,Leadership,advanced,resume_parse_mock
ST0341,SK023,MATLAB,advanced,resume_parse_mock
ST0341,SK047,Public Speaking,intermediate,resume_parse_mock
ST0341,SK049,Technical Writing,intermediate,resume_parse_mock
ST0342,SK026,Lab Research Methods,advanced,resume_parse_mock
ST0342,SK023,MATLAB,intermediate,resume_parse_mock
ST0342,SK016,Statistics,advanced,resume_parse_mock
ST0342,SK051,Teamwork,intermediate,resume_parse_mock
ST0342,SK049,Technical Writing,advanced,resume_parse_mock
ST0343,SK039,Case Interviewing,beginner,resume_parse_mock
ST0343,SK029,Excel Modeling,intermediate,resume_parse_mock
ST0343,SK033,LBO Modeling,intermediate,resume_parse_mock
ST0343,SK050,Leadership,beginner,resume_parse_mock
ST0343,SK034,M&A Concepts,intermediate,resume_parse_mock
ST0343,SK048,Networking,advanced,resume_parse_mock
ST0343,SK047,Public Speaking,intermediate,resume_parse_mock
ST0344,SK027,Figma,beginner,resume_parse_mock
ST0344,SK050,Leadership,advanced,resume_parse_mock
ST0344,SK044,Market Research,intermediate,resume_parse_mock
ST0344,SK054,Policy Analysis,advanced,resume_parse_mock
ST0344,SK006,SQL,beginner,resume_parse_mock
ST0344,SK051,Teamwork,beginner,resume_parse_mock
ST0345,SK015,Data Visualization,beginner,resume_parse_mock
ST0345,SK043,Digital Marketing,intermediate,resume_parse_mock
ST0345,SK050,Leadership,advanced,resume_parse_mock
ST0345,SK044,Market Research,beginner,resume_parse_mock
ST0345,SK047,Public Speaking,advanced,resume_parse_mock
ST0345,SK051,Teamwork,advanced,resume_parse_mock
ST0346,SK052,Behavioral Interviewing,advanced,resume_parse_mock
ST0346,SK039,Case Interviewing,intermediate,resume_parse_mock
ST0346,SK012,Deep Learning,intermediate,resume_parse_mock
ST0346,SK036,Financial Statement Analysis,beginner,resume_parse_mock
ST0346,SK034,M&A Concepts,beginner,resume_parse_mock
ST0346,SK038,Market Sizing,advanced,resume_parse_mock
ST0346,SK016,Statistics,beginner,resume_parse_mock
ST0346,SK010,System Design,advanced,resume_parse_mock
ST0346,SK051,Teamwork,beginner,resume_parse_mock
ST0347,SK003,C/C++,beginner,resume_parse_mock
ST0347,SK024,Circuit Design,beginner,resume_parse_mock
ST0347,SK021,Embedded Systems,advanced,resume_parse_mock
ST0347,SK050,Leadership,advanced,resume_parse_mock
ST0347,SK023,MATLAB,intermediate,resume_parse_mock
ST0347,SK047,Public Speaking,advanced,resume_parse_mock
ST0347,SK051,Teamwork,intermediate,resume_parse_mock
ST0348,SK009,Data Structures & Algorithms,advanced,resume_parse_mock
ST0348,SK015,Data Visualization,intermediate,resume_parse_mock
ST0348,SK012,Deep Learning,intermediate,resume_parse_mock
ST0348,SK002,Java,intermediate,resume_parse_mock
ST0348,SK013,LLMs & AI Agents,beginner,resume_parse_mock
ST0348,SK053,Project Management,beginner,resume_parse_mock
ST0348,SK051,Teamwork,beginner,resume_parse_mock
ST0349,SK009,Data Structures & Algorithms,advanced,resume_parse_mock
ST0349,SK012,Deep Learning,intermediate,resume_parse_mock
ST0349,SK013,LLMs & AI Agents,intermediate,resume_parse_mock
ST0349,SK011,Machine Learning,advanced,resume_parse_mock
ST0349,SK051,Teamwork,intermediate,resume_parse_mock
ST0350,SK039,Case Interviewing,intermediate,resume_parse_mock
ST0350,SK008,Cloud (AWS/Azure/GCP),beginner,resume_parse_mock
ST0350,SK012,Deep Learning,beginner,resume_parse_mock
ST0350,SK001,Python,intermediate,resume_parse_mock
ST0350,SK014,Spark / Databricks,beginner,resume_parse_mock
ST0351,SK052,Behavioral Interviewing,intermediate,resume_parse_mock
ST0351,SK040,Business Strategy,advanced,resume_parse_mock
ST0351,SK031,DCF Valuation,beginner,resume_parse_mock
ST0351,SK011,Machine Learning,beginner,resume_parse_mock
ST0351,SK038,Market Sizing,beginner,resume_parse_mock
ST0351,SK048,Networking,intermediate,resume_parse_mock
ST0351,SK047,Public Speaking,beginner,resume_parse_mock
ST0352,SK052,Behavioral Interviewing,advanced,resume_parse_mock
ST0352,SK009,Data Structures & Algorithms,intermediate,resume_parse_mock
ST0352,SK053,Project Management,intermediate,resume_parse_mock
ST0352,SK046,Stochastic Calculus,intermediate,resume_parse_mock
ST0353,SK029,Excel Modeling,advanced,resume_parse_mock
ST0353,SK050,Leadership,advanced,resume_parse_mock
ST0353,SK053,Project Management,advanced,resume_parse_mock
ST0353,SK047,Public Speaking,advanced,resume_parse_mock
ST0354,SK039,Case Interviewing,beginner,resume_parse_mock
ST0354,SK050,Leadership,beginner,resume_parse_mock
ST0354,SK053,Project Management,intermediate,resume_parse_mock
ST0354,SK051,Teamwork,beginner,resume_parse_mock
ST0355,SK003,C/C++,advanced,resume_parse_mock
ST0355,SK012,Deep Learning,advanced,resume_parse_mock
ST0355,SK050,Leadership,advanced,resume_parse_mock
ST0355,SK019,Penetration Testing,intermediate,resume_parse_mock
ST0355,SK001,Python,intermediate,resume_parse_mock
ST0355,SK014,Spark / Databricks,advanced,resume_parse_mock
ST0355,SK016,Statistics,beginner,resume_parse_mock
ST0355,SK051,Teamwork,intermediate,resume_parse_mock
ST0355,SK028,User Research,advanced,resume_parse_mock
ST0356,SK043,Digital Marketing,beginner,resume_parse_mock
ST0356,SK027,Figma,beginner,resume_parse_mock
ST0356,SK004,JavaScript,intermediate,resume_parse_mock
ST0356,SK044,Market Research,advanced,resume_parse_mock
ST0356,SK054,Policy Analysis,beginner,resume_parse_mock
ST0356,SK047,Public Speaking,beginner,resume_parse_mock
ST0356,SK016,Statistics,advanced,resume_parse_mock
ST0356,SK051,Teamwork,advanced,resume_parse_mock
ST0356,SK028,User Research,intermediate,resume_parse_mock
ST0357,SK040,Business Strategy,beginner,resume_parse_mock
ST0357,SK008,Cloud (AWS/Azure/GCP),intermediate,resume_parse_mock
ST0357,SK050,Leadership,beginner,resume_parse_mock
ST0357,SK020,Linux,beginner,resume_parse_mock
ST0357,SK047,Public Speaking,advanced,resume_parse_mock
ST0357,SK014,Spark / Databricks,intermediate,resume_parse_mock
ST0357,SK051,Teamwork,intermediate,resume_parse_mock
ST0358,SK050,Leadership,advanced,resume_parse_mock
ST0358,SK047,Public Speaking,advanced,resume_parse_mock
ST0358,SK016,Statistics,intermediate,resume_parse_mock
ST0358,SK046,Stochastic Calculus,intermediate,resume_parse_mock
ST0359,SK022,CAD (SolidWorks),advanced,resume_parse_mock
ST0359,SK050,Leadership,intermediate,resume_parse_mock
ST0359,SK023,MATLAB,advanced,resume_parse_mock
ST0359,SK053,Project Management,advanced,resume_parse_mock
ST0359,SK025,Structural Analysis,advanced,resume_parse_mock
ST0359,SK051,Teamwork,advanced,resume_parse_mock
ST0359,SK049,Technical Writing,advanced,resume_parse_mock
ST0360,SK009,Data Structures & Algorithms,intermediate,resume_parse_mock
ST0360,SK011,Machine Learning,intermediate,resume_parse_mock
ST0360,SK053,Project Management,advanced,resume_parse_mock
ST0360,SK006,SQL,intermediate,resume_parse_mock
ST0360,SK014,Spark / Databricks,advanced,resume_parse_mock
ST0360,SK046,Stochastic Calculus,intermediate,resume_parse_mock
ST0360,SK051,Teamwork,beginner,resume_parse_mock
ST0361,SK024,Circuit Design,intermediate,resume_parse_mock
ST0361,SK021,Embedded Systems,intermediate,resume_parse_mock
ST0361,SK050,Leadership,beginner,resume_parse_mock
ST0361,SK023,MATLAB,intermediate,resume_parse_mock
ST0361,SK051,Teamwork,intermediate,resume_parse_mock
ST0362,SK050,Leadership,intermediate,resume_parse_mock
ST0362,SK053,Project Management,intermediate,resume_parse_mock
ST0362,SK047,Public Speaking,advanced,resume_parse_mock
ST0362,SK051,Teamwork,intermediate,resume_parse_mock
ST0362,SK049,Technical Writing,intermediate,resume_parse_mock
ST0363,SK022,CAD (SolidWorks),advanced,resume_parse_mock
ST0363,SK050,Leadership,intermediate,resume_parse_mock
ST0363,SK023,MATLAB,intermediate,resume_parse_mock
ST0363,SK053,Project Management,advanced,resume_parse_mock
ST0363,SK047,Public Speaking,beginner,resume_parse_mock
ST0363,SK025,Structural Analysis,intermediate,resume_parse_mock
ST0363,SK051,Teamwork,intermediate,resume_parse_mock
ST0364,SK008,Cloud (AWS/Azure/GCP),beginner,resume_parse_mock
ST0364,SK029,Excel Modeling,advanced,resume_parse_mock
ST0364,SK050,Leadership,advanced,resume_parse_mock
ST0364,SK011,Machine Learning,intermediate,resume_parse_mock
ST0364,SK048,Networking,beginner,resume_parse_mock
ST0364,SK006,SQL,beginner,resume_parse_mock
ST0364,SK014,Spark / Databricks,intermediate,resume_parse_mock
ST0365,SK039,Case Interviewing,advanced,resume_parse_mock
ST0365,SK015,Data Visualization,advanced,resume_parse_mock
ST0365,SK038,Market Sizing,beginner,resume_parse_mock
ST0365,SK047,Public Speaking,beginner,resume_parse_mock
ST0365,SK016,Statistics,beginner,resume_parse_mock
ST0366,SK003,C/C++,beginner,resume_parse_mock
ST0366,SK024,Circuit Design,intermediate,resume_parse_mock
ST0366,SK021,Embedded Systems,advanced,resume_parse_mock
ST0366,SK050,Leadership,advanced,resume_parse_mock
ST0367,SK022,CAD (SolidWorks),beginner,resume_parse_mock
ST0367,SK050,Leadership,intermediate,resume_parse_mock
ST0367,SK053,Project Management,advanced,resume_parse_mock
ST0367,SK025,Structural Analysis,intermediate,resume_parse_mock
ST0367,SK051,Teamwork,advanced,resume_parse_mock
ST0367,SK049,Technical Writing,advanced,resume_parse_mock
ST0368,SK008,Cloud (AWS/Azure/GCP),advanced,resume_parse_mock
ST0368,SK026,Lab Research Methods,intermediate,resume_parse_mock
ST0368,SK047,Public Speaking,intermediate,resume_parse_mock
ST0368,SK016,Statistics,beginner,resume_parse_mock
ST0368,SK051,Teamwork,beginner,resume_parse_mock
ST0369,SK052,Behavioral Interviewing,beginner,resume_parse_mock
ST0369,SK024,Circuit Design,advanced,resume_parse_mock
ST0369,SK009,Data Structures & Algorithms,advanced,resume_parse_mock
ST0369,SK012,Deep Learning,beginner,resume_parse_mock
ST0369,SK007,Git,beginner,resume_parse_mock
ST0369,SK019,Penetration Testing,advanced,resume_parse_mock
ST0369,SK010,System Design,beginner,resume_parse_mock
ST0370,SK026,Lab Research Methods,intermediate,resume_parse_mock
ST0370,SK050,Leadership,intermediate,resume_parse_mock
ST0370,SK047,Public Speaking,beginner,resume_parse_mock
ST0370,SK001,Python,beginner,resume_parse_mock
ST0370,SK051,Teamwork,advanced,resume_parse_mock
ST0371,SK039,Case Interviewing,intermediate,resume_parse_mock
ST0371,SK029,Excel Modeling,beginner,resume_parse_mock
ST0371,SK034,M&A Concepts,beginner,resume_parse_mock
ST0371,SK038,Market Sizing,beginner,resume_parse_mock
ST0371,SK048,Networking,advanced,resume_parse_mock
ST0371,SK051,Teamwork,advanced,resume_parse_mock
ST0372,SK026,Lab Research Methods,intermediate,resume_parse_mock
ST0372,SK023,MATLAB,beginner,resume_parse_mock
ST0372,SK047,Public Speaking,beginner,resume_parse_mock
ST0372,SK001,Python,advanced,resume_parse_mock
ST0372,SK016,Statistics,intermediate,resume_parse_mock
ST0372,SK051,Teamwork,intermediate,resume_parse_mock
ST0372,SK049,Technical Writing,intermediate,resume_parse_mock
ST0373,SK022,CAD (SolidWorks),intermediate,resume_parse_mock
ST0373,SK050,Leadership,intermediate,resume_parse_mock
ST0373,SK023,MATLAB,intermediate,resume_parse_mock
ST0373,SK047,Public Speaking,beginner,resume_parse_mock
ST0373,SK025,Structural Analysis,advanced,resume_parse_mock
ST0373,SK051,Teamwork,advanced,resume_parse_mock
ST0373,SK049,Technical Writing,intermediate,resume_parse_mock
ST0374,SK052,Behavioral Interviewing,intermediate,resume_parse_mock
ST0374,SK029,Excel Modeling,beginner,resume_parse_mock
ST0374,SK050,Leadership,intermediate,resume_parse_mock
ST0374,SK038,Market Sizing,intermediate,resume_parse_mock
ST0374,SK048,Networking,beginner,resume_parse_mock
ST0374,SK047,Public Speaking,beginner,resume_parse_mock
ST0374,SK016,Statistics,intermediate,resume_parse_mock
ST0375,SK022,CAD (SolidWorks),intermediate,resume_parse_mock
ST0375,SK023,MATLAB,intermediate,resume_parse_mock
ST0375,SK025,Structural Analysis,intermediate,resume_parse_mock
ST0375,SK051,Teamwork,beginner,resume_parse_mock
ST0375,SK049,Technical Writing,intermediate,resume_parse_mock
ST0376,SK050,Leadership,beginner,resume_parse_mock
ST0376,SK023,MATLAB,advanced,resume_parse_mock
ST0376,SK053,Project Management,advanced,resume_parse_mock
ST0376,SK047,Public Speaking,advanced,resume_parse_mock
ST0377,SK009,Data Structures & Algorithms,advanced,resume_parse_mock
ST0377,SK002,Java,beginner,resume_parse_mock
ST0377,SK011,Machine Learning,intermediate,resume_parse_mock
ST0377,SK047,Public Speaking,advanced,resume_parse_mock
ST0377,SK051,Teamwork,advanced,resume_parse_mock
ST0377,SK028,User Research,intermediate,resume_parse_mock
ST0378,SK015,Data Visualization,advanced,resume_parse_mock
ST0378,SK043,Digital Marketing,advanced,resume_parse_mock
ST0378,SK004,JavaScript,advanced,resume_parse_mock
ST0378,SK050,Leadership,advanced,resume_parse_mock
ST0378,SK044,Market Research,beginner,resume_parse_mock
ST0378,SK047,Public Speaking,intermediate,resume_parse_mock
ST0378,SK028,User Research,advanced,resume_parse_mock
ST0379,SK040,Business Strategy,beginner,resume_parse_mock
ST0379,SK029,Excel Modeling,intermediate,resume_parse_mock
ST0379,SK030,Financial Modeling,intermediate,resume_parse_mock
ST0379,SK033,LBO Modeling,intermediate,resume_parse_mock
ST0380,SK012,Deep Learning,beginner,resume_parse_mock
ST0380,SK020,Linux,intermediate,resume_parse_mock
ST0380,SK041,Product Roadmapping,advanced,resume_parse_mock
ST0380,SK006,SQL,advanced,resume_parse_mock
ST0380,SK014,Spark / Databricks,advanced,resume_parse_mock
ST0380,SK051,Teamwork,intermediate,resume_parse_mock
ST0380,SK028,User Research,advanced,resume_parse_mock
ST0381,SK043,Digital Marketing,beginner,resume_parse_mock
ST0381,SK027,Figma,advanced,resume_parse_mock
ST0381,SK004,JavaScript,advanced,resume_parse_mock
ST0381,SK050,Leadership,advanced,resume_parse_mock
ST0381,SK051,Teamwork,beginner,resume_parse_mock
ST0381,SK049,Technical Writing,beginner,resume_parse_mock
ST0381,SK028,User Research,beginner,resume_parse_mock
ST0382,SK022,CAD (SolidWorks),beginner,resume_parse_mock
ST0382,SK023,MATLAB,advanced,resume_parse_mock
ST0382,SK053,Project Management,advanced,resume_parse_mock
ST0382,SK047,Public Speaking,advanced,resume_parse_mock
ST0382,SK051,Teamwork,advanced,resume_parse_mock
ST0382,SK049,Technical Writing,beginner,resume_parse_mock
ST0383,SK027,Figma,intermediate,resume_parse_mock
ST0383,SK004,JavaScript,intermediate,resume_parse_mock
ST0383,SK050,Leadership,beginner,resume_parse_mock
ST0383,SK047,Public Speaking,advanced,resume_parse_mock
ST0383,SK006,SQL,advanced,resume_parse_mock
ST0383,SK051,Teamwork,beginner,resume_parse_mock
ST0383,SK028,User Research,intermediate,resume_parse_mock
ST0384,SK039,Case Interviewing,advanced,resume_parse_mock
ST0384,SK029,Excel Modeling,beginner,resume_parse_mock
ST0384,SK050,Leadership,advanced,resume_parse_mock
ST0384,SK053,Project Management,beginner,resume_parse_mock
ST0384,SK051,Teamwork,advanced,resume_parse_mock
ST0385,SK008,Cloud (AWS/Azure/GCP),advanced,resume_parse_mock
ST0385,SK015,Data Visualization,intermediate,resume_parse_mock
ST0385,SK012,Deep Learning,advanced,resume_parse_mock
ST0386,SK003,C/C++,intermediate,resume_parse_mock
ST0386,SK007,Git,advanced,resume_parse_mock
ST0386,SK004,JavaScript,intermediate,resume_parse_mock
ST0386,SK041,Product Roadmapping,beginner,resume_parse_mock
ST0386,SK047,Public Speaking,intermediate,resume_parse_mock
ST0387,SK032,Accounting Fundamentals,beginner,resume_parse_mock
ST0387,SK030,Financial Modeling,beginner,resume_parse_mock
ST0387,SK036,Financial Statement Analysis,advanced,resume_parse_mock
ST0387,SK051,Teamwork,beginner,resume_parse_mock
ST0388,SK032,Accounting Fundamentals,intermediate,resume_parse_mock
ST0388,SK036,Financial Statement Analysis,intermediate,resume_parse_mock
ST0388,SK048,Networking,advanced,resume_parse_mock
ST0388,SK054,Policy Analysis,beginner,resume_parse_mock
ST0389,SK008,Cloud (AWS/Azure/GCP),beginner,resume_parse_mock
ST0389,SK009,Data Structures & Algorithms,advanced,resume_parse_mock
ST0389,SK015,Data Visualization,beginner,resume_parse_mock
ST0389,SK002,Java,intermediate,resume_parse_mock
ST0389,SK013,LLMs & AI Agents,intermediate,resume_parse_mock
ST0389,SK053,Project Management,beginner,resume_parse_mock
ST0389,SK014,Spark / Databricks,beginner,resume_parse_mock
ST0389,SK016,Statistics,intermediate,resume_parse_mock
ST0389,SK046,Stochastic Calculus,intermediate,resume_parse_mock
ST0389,SK051,Teamwork,beginner,resume_parse_mock
ST0390,SK008,Cloud (AWS/Azure/GCP),intermediate,resume_parse_mock
ST0390,SK015,Data Visualization,beginner,resume_parse_mock
ST0390,SK012,Deep Learning,intermediate,resume_parse_mock
ST0390,SK027,Figma,advanced,resume_parse_mock
ST0390,SK020,Linux,beginner,resume_parse_mock
ST0390,SK041,Product Roadmapping,advanced,resume_parse_mock
ST0391,SK032,Accounting Fundamentals,advanced,resume_parse_mock
ST0391,SK052,Behavioral Interviewing,intermediate,resume_parse_mock
ST0391,SK040,Business Strategy,beginner,resume_parse_mock
ST0391,SK039,Case Interviewing,advanced,resume_parse_mock
ST0391,SK036,Financial Statement Analysis,advanced,resume_parse_mock
ST0391,SK047,Public Speaking,intermediate,resume_parse_mock
ST0391,SK001,Python,intermediate,resume_parse_mock
ST0391,SK016,Statistics,beginner,resume_parse_mock
ST0392,SK003,C/C++,advanced,resume_parse_mock
ST0392,SK009,Data Structures & Algorithms,intermediate,resume_parse_mock
ST0392,SK036,Financial Statement Analysis,advanced,resume_parse_mock
ST0392,SK050,Leadership,advanced,resume_parse_mock
ST0392,SK048,Networking,advanced,resume_parse_mock
ST0392,SK016,Statistics,advanced,resume_parse_mock
ST0392,SK046,Stochastic Calculus,advanced,resume_parse_mock
ST0392,SK051,Teamwork,intermediate,resume_parse_mock
ST0393,SK024,Circuit Design,intermediate,resume_parse_mock
ST0393,SK002,Java,advanced,resume_parse_mock
ST0393,SK020,Linux,advanced,resume_parse_mock
ST0393,SK023,MATLAB,intermediate,resume_parse_mock
ST0393,SK001,Python,advanced,resume_parse_mock
ST0393,SK010,System Design,intermediate,resume_parse_mock
ST0394,SK027,Figma,beginner,resume_parse_mock
ST0394,SK004,JavaScript,beginner,resume_parse_mock
ST0394,SK050,Leadership,advanced,resume_parse_mock
ST0394,SK006,SQL,intermediate,resume_parse_mock
ST0395,SK022,CAD (SolidWorks),intermediate,resume_parse_mock
ST0395,SK050,Leadership,beginner,resume_parse_mock
ST0395,SK023,MATLAB,intermediate,resume_parse_mock
ST0395,SK053,Project Management,intermediate,resume_parse_mock
ST0395,SK025,Structural Analysis,beginner,resume_parse_mock
ST0395,SK051,Teamwork,intermediate,resume_parse_mock
ST0395,SK049,Technical Writing,beginner,resume_parse_mock
ST0396,SK040,Business Strategy,intermediate,resume_parse_mock
ST0396,SK027,Figma,intermediate,resume_parse_mock
ST0396,SK053,Project Management,beginner,resume_parse_mock
ST0396,SK047,Public Speaking,beginner,resume_parse_mock
ST0396,SK001,Python,beginner,resume_parse_mock
ST0396,SK016,Statistics,advanced,resume_parse_mock
ST0396,SK028,User Research,beginner,resume_parse_mock
ST0397,SK050,Leadership,advanced,resume_parse_mock
ST0397,SK023,MATLAB,intermediate,resume_parse_mock
ST0397,SK047,Public Speaking,beginner,resume_parse_mock
ST0397,SK049,Technical Writing,intermediate,resume_parse_mock
ST0398,SK040,Business Strategy,intermediate,resume_parse_mock
ST0398,SK029,Excel Modeling,beginner,resume_parse_mock
ST0398,SK019,Penetration Testing,beginner,resume_parse_mock
ST0398,SK014,Spark / Databricks,beginner,resume_parse_mock
ST0398,SK017,Tableau / Power BI,intermediate,resume_parse_mock
ST0399,SK024,Circuit Design,advanced,resume_parse_mock
ST0399,SK023,MATLAB,intermediate,resume_parse_mock
ST0399,SK051,Teamwork,advanced,resume_parse_mock
ST0400,SK039,Case Interviewing,intermediate,resume_parse_mock
ST0400,SK050,Leadership,intermediate,resume_parse_mock
ST0400,SK038,Market Sizing,intermediate,resume_parse_mock
ST0400,SK047,Public Speaking,intermediate,resume_parse_mock
ST0400,SK016,Statistics,advanced,resume_parse_mock
ST0400,SK051,Teamwork,beginner,resume_parse_mock
ST0401,SK053,Project Management,beginner,resume_parse_mock
ST0401,SK025,Structural Analysis,intermediate,resume_parse_mock
ST0401,SK049,Technical Writing,beginner,resume_parse_mock
ST0402,SK040,Business Strategy,intermediate,resume_parse_mock
ST0402,SK022,CAD (SolidWorks),beginner,resume_parse_mock
ST0402,SK039,Case Interviewing,intermediate,resume_parse_mock
ST0402,SK023,MATLAB,beginner,resume_parse_mock
ST0402,SK053,Project Management,beginner,resume_parse_mock
ST0402,SK047,Public Speaking,beginner,resume_parse_mock
ST0402,SK006,SQL,intermediate,resume_parse_mock
ST0403,SK031,DCF Valuation,advanced,resume_parse_mock
ST0403,SK029,Excel Modeling,advanced,resume_parse_mock
ST0403,SK030,Financial Modeling,beginner,resume_parse_mock
ST0403,SK036,Financial Statement Analysis,beginner,resume_parse_mock
ST0403,SK050,Leadership,advanced,resume_parse_mock
ST0403,SK048,Networking,beginner,resume_parse_mock
ST0403,SK051,Teamwork,advanced,resume_parse_mock
ST0404,SK003,C/C++,advanced,resume_parse_mock
ST0404,SK039,Case Interviewing,advanced,resume_parse_mock
ST0404,SK011,Machine Learning,beginner,resume_parse_mock
ST0404,SK053,Project Management,intermediate,resume_parse_mock
ST0404,SK047,Public Speaking,advanced,resume_parse_mock
ST0404,SK014,Spark / Databricks,beginner,resume_parse_mock
ST0405,SK050,Leadership,intermediate,resume_parse_mock
ST0405,SK054,Policy Analysis,beginner,resume_parse_mock
ST0405,SK047,Public Speaking,advanced,resume_parse_mock
ST0405,SK006,SQL,advanced,resume_parse_mock
ST0405,SK016,Statistics,beginner,resume_parse_mock
ST0405,SK051,Teamwork,intermediate,resume_parse_mock
ST0405,SK049,Technical Writing,advanced,resume_parse_mock
ST0406,SK009,Data Structures & Algorithms,beginner,resume_parse_mock
ST0406,SK015,Data Visualization,intermediate,resume_parse_mock
ST0406,SK012,Deep Learning,intermediate,resume_parse_mock
ST0406,SK011,Machine Learning,intermediate,resume_parse_mock
ST0406,SK018,Network Security,advanced,resume_parse_mock
ST0406,SK053,Project Management,advanced,resume_parse_mock
ST0406,SK014,Spark / Databricks,beginner,resume_parse_mock
ST0406,SK046,Stochastic Calculus,beginner,resume_parse_mock
ST0407,SK053,Project Management,intermediate,resume_parse_mock
ST0407,SK047,Public Speaking,beginner,resume_parse_mock
ST0407,SK010,System Design,intermediate,resume_parse_mock
ST0407,SK051,Teamwork,advanced,resume_parse_mock
ST0408,SK008,Cloud (AWS/Azure/GCP),advanced,resume_parse_mock
ST0408,SK021,Embedded Systems,beginner,resume_parse_mock
ST0408,SK002,Java,beginner,resume_parse_mock
ST0408,SK013,LLMs & AI Agents,advanced,resume_parse_mock
ST0408,SK023,MATLAB,beginner,resume_parse_mock
ST0408,SK019,Penetration Testing,beginner,resume_parse_mock
ST0408,SK001,Python,intermediate,resume_parse_mock
ST0409,SK052,Behavioral Interviewing,beginner,resume_parse_mock
ST0409,SK008,Cloud (AWS/Azure/GCP),beginner,resume_parse_mock
ST0409,SK012,Deep Learning,advanced,resume_parse_mock
ST0409,SK021,Embedded Systems,intermediate,resume_parse_mock
ST0409,SK013,LLMs & AI Agents,intermediate,resume_parse_mock
ST0409,SK023,MATLAB,intermediate,resume_parse_mock
ST0409,SK011,Machine Learning,intermediate,resume_parse_mock
ST0409,SK018,Network Security,advanced,resume_parse_mock
ST0409,SK047,Public Speaking,beginner,resume_parse_mock
ST0410,SK022,CAD (SolidWorks),intermediate,resume_parse_mock
ST0410,SK053,Project Management,advanced,resume_parse_mock
ST0410,SK047,Public Speaking,beginner,resume_parse_mock
ST0411,SK032,Accounting Fundamentals,beginner,resume_parse_mock
ST0411,SK031,DCF Valuation,beginner,resume_parse_mock
ST0411,SK030,Financial Modeling,advanced,resume_parse_mock
ST0411,SK036,Financial Statement Analysis,intermediate,resume_parse_mock
ST0411,SK048,Networking,advanced,resume_parse_mock
ST0411,SK001,Python,advanced,resume_parse_mock
ST0411,SK051,Teamwork,beginner,resume_parse_mock
ST0412,SK029,Excel Modeling,advanced,resume_parse_mock
ST0412,SK030,Financial Modeling,beginner,resume_parse_mock
ST0412,SK048,Networking,intermediate,resume_parse_mock
ST0412,SK047,Public Speaking,intermediate,resume_parse_mock
ST0413,SK026,Lab Research Methods,advanced,resume_parse_mock
ST0413,SK050,Leadership,intermediate,resume_parse_mock
ST0413,SK023,MATLAB,intermediate,resume_parse_mock
ST0413,SK047,Public Speaking,intermediate,resume_parse_mock
ST0413,SK016,Statistics,beginner,resume_parse_mock
ST0413,SK051,Teamwork,beginner,resume_parse_mock
ST0413,SK049,Technical Writing,beginner,resume_parse_mock
ST0414,SK022,CAD (SolidWorks),advanced,resume_parse_mock
ST0414,SK029,Excel Modeling,advanced,resume_parse_mock
ST0414,SK053,Project Management,intermediate,resume_parse_mock
ST0414,SK047,Public Speaking,advanced,resume_parse_mock
ST0414,SK051,Teamwork,advanced,resume_parse_mock
ST0415,SK040,Business Strategy,beginner,resume_parse_mock
ST0415,SK027,Figma,intermediate,resume_parse_mock
ST0415,SK004,JavaScript,intermediate,resume_parse_mock
ST0415,SK050,Leadership,advanced,resume_parse_mock
ST0415,SK041,Product Roadmapping,beginner,resume_parse_mock
ST0415,SK047,Public Speaking,beginner,resume_parse_mock
ST0415,SK028,User Research,advanced,resume_parse_mock
ST0416,SK052,Behavioral Interviewing,beginner,resume_parse_mock
ST0416,SK015,Data Visualization,advanced,resume_parse_mock
ST0416,SK029,Excel Modeling,beginner,resume_parse_mock
ST0416,SK036,Financial Statement Analysis,beginner,resume_parse_mock
ST0416,SK033,LBO Modeling,beginner,resume_parse_mock
ST0416,SK048,Networking,beginner,resume_parse_mock
ST0416,SK054,Policy Analysis,advanced,resume_parse_mock
ST0416,SK047,Public Speaking,advanced,resume_parse_mock
ST0416,SK001,Python,advanced,resume_parse_mock
ST0416,SK006,SQL,beginner,resume_parse_mock
ST0417,SK027,Figma,advanced,resume_parse_mock
ST0417,SK004,JavaScript,advanced,resume_parse_mock
ST0417,SK041,Product Roadmapping,advanced,resume_parse_mock
ST0417,SK047,Public Speaking,beginner,resume_parse_mock
ST0417,SK006,SQL,intermediate,resume_parse_mock
ST0417,SK028,User Research,advanced,resume_parse_mock
ST0418,SK040,Business Strategy,beginner,resume_parse_mock
ST0418,SK039,Case Interviewing,intermediate,resume_parse_mock
ST0418,SK008,Cloud (AWS/Azure/GCP),beginner,resume_parse_mock
ST0418,SK041,Product Roadmapping,intermediate,resume_parse_mock
ST0418,SK053,Project Management,advanced,resume_parse_mock
ST0418,SK046,Stochastic Calculus,advanced,resume_parse_mock
ST0419,SK040,Business Strategy,intermediate,resume_parse_mock
ST0419,SK027,Figma,intermediate,resume_parse_mock
ST0419,SK004,JavaScript,beginner,resume_parse_mock
ST0419,SK050,Leadership,beginner,resume_parse_mock
ST0419,SK041,Product Roadmapping,intermediate,resume_parse_mock
ST0419,SK051,Teamwork,beginner,resume_parse_mock
ST0419,SK028,User Research,beginner,resume_parse_mock
ST0420,SK039,Case Interviewing,beginner,resume_parse_mock
ST0420,SK009,Data Structures & Algorithms,advanced,resume_parse_mock
ST0420,SK007,Git,advanced,resume_parse_mock
ST0420,SK053,Project Management,beginner,resume_parse_mock
ST0420,SK047,Public Speaking,beginner,resume_parse_mock
ST0420,SK051,Teamwork,beginner,resume_parse_mock
ST0421,SK050,Leadership,intermediate,resume_parse_mock
ST0421,SK025,Structural Analysis,intermediate,resume_parse_mock
ST0421,SK049,Technical Writing,intermediate,resume_parse_mock
ST0422,SK037,Auditing,intermediate,resume_parse_mock
ST0422,SK031,DCF Valuation,advanced,resume_parse_mock
ST0422,SK030,Financial Modeling,beginner,resume_parse_mock
ST0422,SK036,Financial Statement Analysis,advanced,resume_parse_mock
ST0423,SK023,MATLAB,advanced,resume_parse_mock
ST0423,SK038,Market Sizing,intermediate,resume_parse_mock
ST0423,SK006,SQL,advanced,resume_parse_mock
ST0423,SK042,Supply Chain Analytics,intermediate,resume_parse_mock
ST0423,SK017,Tableau / Power BI,beginner,resume_parse_mock
ST0423,SK051,Teamwork,beginner,resume_parse_mock
ST0424,SK008,Cloud (AWS/Azure/GCP),intermediate,resume_parse_mock
ST0424,SK015,Data Visualization,advanced,resume_parse_mock
ST0424,SK001,Python,intermediate,resume_parse_mock
ST0424,SK014,Spark / Databricks,beginner,resume_parse_mock
ST0424,SK046,Stochastic Calculus,intermediate,resume_parse_mock
ST0425,SK029,Excel Modeling,intermediate,resume_parse_mock
ST0425,SK047,Public Speaking,advanced,resume_parse_mock
ST0425,SK006,SQL,advanced,resume_parse_mock
ST0425,SK042,Supply Chain Analytics,beginner,resume_parse_mock
ST0426,SK040,Business Strategy,beginner,resume_parse_mock
ST0426,SK027,Figma,beginner,resume_parse_mock
ST0426,SK038,Market Sizing,advanced,resume_parse_mock
ST0426,SK053,Project Management,intermediate,resume_parse_mock
ST0426,SK047,Public Speaking,advanced,resume_parse_mock
ST0426,SK042,Supply Chain Analytics,intermediate,resume_parse_mock
ST0426,SK051,Teamwork,beginner,resume_parse_mock
ST0426,SK049,Technical Writing,advanced,resume_parse_mock
ST0426,SK028,User Research,beginner,resume_parse_mock
ST0427,SK026,Lab Research Methods,intermediate,resume_parse_mock
ST0427,SK050,Leadership,advanced,resume_parse_mock
ST0427,SK001,Python,advanced,resume_parse_mock
ST0427,SK016,Statistics,beginner,resume_parse_mock
ST0428,SK003,C/C++,advanced,resume_parse_mock
ST0428,SK039,Case Interviewing,intermediate,resume_parse_mock
ST0428,SK009,Data Structures & Algorithms,advanced,resume_parse_mock
ST0428,SK007,Git,intermediate,resume_parse_mock
ST0428,SK011,Machine Learning,intermediate,resume_parse_mock
ST0428,SK001,Python,intermediate,resume_parse_mock
ST0428,SK016,Statistics,beginner,resume_parse_mock
ST0429,SK022,CAD (SolidWorks),intermediate,resume_parse_mock
ST0429,SK023,MATLAB,advanced,resume_parse_mock
ST0429,SK053,Project Management,beginner,resume_parse_mock
ST0429,SK047,Public Speaking,intermediate,resume_parse_mock
ST0429,SK025,Structural Analysis,intermediate,resume_parse_mock
ST0429,SK051,Teamwork,beginner,resume_parse_mock
ST0429,SK049,Technical Writing,beginner,resume_parse_mock
ST0430,SK015,Data Visualization,advanced,resume_parse_mock
ST0430,SK012,Deep Learning,beginner,resume_parse_mock
ST0430,SK002,Java,advanced,resume_parse_mock
ST0430,SK013,LLMs & AI Agents,intermediate,resume_parse_mock
ST0430,SK041,Product Roadmapping,beginner,resume_parse_mock
ST0430,SK016,Statistics,beginner,resume_parse_mock
ST0430,SK046,Stochastic Calculus,beginner,resume_parse_mock
ST0431,SK032,Accounting Fundamentals,advanced,resume_parse_mock
ST0431,SK052,Behavioral Interviewing,intermediate,resume_parse_mock
ST0431,SK029,Excel Modeling,intermediate,resume_parse_mock
ST0431,SK034,M&A Concepts,advanced,resume_parse_mock
ST0431,SK047,Public Speaking,beginner,resume_parse_mock
ST0432,SK003,C/C++,intermediate,resume_parse_mock
ST0432,SK015,Data Visualization,beginner,resume_parse_mock
ST0432,SK011,Machine Learning,beginner,resume_parse_mock
ST0432,SK053,Project Management,beginner,resume_parse_mock
ST0432,SK047,Public Speaking,advanced,resume_parse_mock
ST0432,SK016,Statistics,beginner,resume_parse_mock
ST0432,SK046,Stochastic Calculus,intermediate,resume_parse_mock
ST0432,SK051,Teamwork,intermediate,resume_parse_mock
ST0433,SK038,Market Sizing,beginner,resume_parse_mock
ST0433,SK053,Project Management,beginner,resume_parse_mock
ST0433,SK049,Technical Writing,beginner,resume_parse_mock
ST0434,SK052,Behavioral Interviewing,intermediate,resume_parse_mock
ST0434,SK039,Case Interviewing,advanced,resume_parse_mock
ST0434,SK036,Financial Statement Analysis,advanced,resume_parse_mock
ST0434,SK034,M&A Concepts,intermediate,resume_parse_mock
ST0434,SK047,Public Speaking,intermediate,resume_parse_mock
ST0434,SK051,Teamwork,intermediate,resume_parse_mock
ST0435,SK040,Business Strategy,beginner,resume_parse_mock
ST0435,SK041,Product Roadmapping,advanced,resume_parse_mock
ST0435,SK053,Project Management,intermediate,resume_parse_mock
ST0435,SK001,Python,beginner,resume_parse_mock
ST0435,SK006,SQL,intermediate,resume_parse_mock
ST0435,SK028,User Research,intermediate,resume_parse_mock
ST0436,SK050,Leadership,advanced,resume_parse_mock
ST0436,SK054,Policy Analysis,beginner,resume_parse_mock
ST0436,SK047,Public Speaking,advanced,resume_parse_mock
ST0436,SK016,Statistics,advanced,resume_parse_mock
ST0436,SK051,Teamwork,beginner,resume_parse_mock
ST0436,SK049,Technical Writing,intermediate,resume_parse_mock
ST0437,SK052,Behavioral Interviewing,beginner,resume_parse_mock
ST0437,SK009,Data Structures & Algorithms,beginner,resume_parse_mock
ST0437,SK002,Java,intermediate,resume_parse_mock
ST0437,SK013,LLMs & AI Agents,beginner,resume_parse_mock
ST0437,SK050,Leadership,beginner,resume_parse_mock
ST0437,SK011,Machine Learning,intermediate,resume_parse_mock
ST0437,SK006,SQL,intermediate,resume_parse_mock
ST0437,SK051,Teamwork,advanced,resume_parse_mock
ST0438,SK036,Financial Statement Analysis,beginner,resume_parse_mock
ST0438,SK033,LBO Modeling,beginner,resume_parse_mock
ST0438,SK050,Leadership,beginner,resume_parse_mock
ST0438,SK034,M&A Concepts,beginner,resume_parse_mock
ST0438,SK048,Networking,advanced,resume_parse_mock
ST0439,SK022,CAD (SolidWorks),beginner,resume_parse_mock
ST0439,SK050,Leadership,beginner,resume_parse_mock
ST0439,SK053,Project Management,advanced,resume_parse_mock
ST0439,SK025,Structural Analysis,beginner,resume_parse_mock
ST0439,SK049,Technical Writing,advanced,resume_parse_mock
ST0440,SK024,Circuit Design,advanced,resume_parse_mock
ST0440,SK007,Git,intermediate,resume_parse_mock
ST0440,SK002,Java,advanced,resume_parse_mock
ST0440,SK011,Machine Learning,beginner,resume_parse_mock
ST0440,SK019,Penetration Testing,advanced,resume_parse_mock
ST0440,SK001,Python,beginner,resume_parse_mock
ST0440,SK051,Teamwork,beginner,resume_parse_mock
ST0441,SK039,Case Interviewing,advanced,resume_parse_mock
ST0441,SK029,Excel Modeling,beginner,resume_parse_mock
ST0441,SK053,Project Management,beginner,resume_parse_mock
ST0441,SK047,Public Speaking,beginner,resume_parse_mock
ST0441,SK006,SQL,beginner,resume_parse_mock
ST0441,SK042,Supply Chain Analytics,intermediate,resume_parse_mock
ST0441,SK051,Teamwork,beginner,resume_parse_mock
ST0442,SK026,Lab Research Methods,beginner,resume_parse_mock
ST0442,SK050,Leadership,advanced,resume_parse_mock
ST0442,SK023,MATLAB,advanced,resume_parse_mock
ST0443,SK032,Accounting Fundamentals,intermediate,resume_parse_mock
ST0443,SK022,CAD (SolidWorks),beginner,resume_parse_mock
ST0443,SK050,Leadership,advanced,resume_parse_mock
ST0443,SK053,Project Management,beginner,resume_parse_mock
ST0443,SK025,Structural Analysis,beginner,resume_parse_mock
ST0443,SK051,Teamwork,intermediate,resume_parse_mock
ST0444,SK040,Business Strategy,intermediate,resume_parse_mock
ST0444,SK043,Digital Marketing,beginner,resume_parse_mock
ST0444,SK050,Leadership,advanced,resume_parse_mock
ST0444,SK053,Project Management,intermediate,resume_parse_mock
ST0444,SK042,Supply Chain Analytics,advanced,resume_parse_mock
ST0444,SK017,Tableau / Power BI,beginner,resume_parse_mock
ST0445,SK022,CAD (SolidWorks),beginner,resume_parse_mock
ST0445,SK050,Leadership,advanced,resume_parse_mock
ST0445,SK023,MATLAB,advanced,resume_parse_mock
ST0445,SK053,Project Management,advanced,resume_parse_mock
ST0445,SK047,Public Speaking,intermediate,resume_parse_mock
ST0445,SK051,Teamwork,advanced,resume_parse_mock
ST0445,SK049,Technical Writing,intermediate,resume_parse_mock
ST0446,SK050,Leadership,intermediate,resume_parse_mock
ST0446,SK053,Project Management,beginner,resume_parse_mock
ST0446,SK047,Public Speaking,intermediate,resume_parse_mock
ST0446,SK025,Structural Analysis,advanced,resume_parse_mock
ST0446,SK051,Teamwork,intermediate,resume_parse_mock
ST0446,SK049,Technical Writing,beginner,resume_parse_mock
ST0447,SK007,Git,intermediate,resume_parse_mock
ST0447,SK018,Network Security,intermediate,resume_parse_mock
ST0447,SK051,Teamwork,intermediate,resume_parse_mock
ST0448,SK040,Business Strategy,beginner,resume_parse_mock
ST0448,SK008,Cloud (AWS/Azure/GCP),beginner,resume_parse_mock
ST0448,SK029,Excel Modeling,beginner,resume_parse_mock
ST0448,SK050,Leadership,beginner,resume_parse_mock
ST0448,SK053,Project Management,intermediate,resume_parse_mock
ST0448,SK014,Spark / Databricks,intermediate,resume_parse_mock
ST0448,SK042,Supply Chain Analytics,beginner,resume_parse_mock
ST0448,SK017,Tableau / Power BI,intermediate,resume_parse_mock
ST0448,SK049,Technical Writing,beginner,resume_parse_mock
ST0449,SK052,Behavioral Interviewing,advanced,resume_parse_mock
ST0449,SK029,Excel Modeling,beginner,resume_parse_mock
ST0449,SK011,Machine Learning,beginner,resume_parse_mock
ST0449,SK054,Policy Analysis,beginner,resume_parse_mock
ST0449,SK047,Public Speaking,intermediate,resume_parse_mock
ST0449,SK016,Statistics,intermediate,resume_parse_mock
ST0450,SK003,C/C++,advanced,resume_parse_mock
ST0450,SK009,Data Structures & Algorithms,advanced,resume_parse_mock
ST0450,SK007,Git,beginner,resume_parse_mock
ST0450,SK001,Python,beginner,resume_parse_mock
ST0450,SK006,SQL,beginner,resume_parse_mock
ST0450,SK010,System Design,beginner,resume_parse_mock
ST0450,SK051,Teamwork,beginner,resume_parse_mock
ST0451,SK032,Accounting Fundamentals,advanced,resume_parse_mock
ST0451,SK022,CAD (SolidWorks),beginner,resume_parse_mock
ST0451,SK030,Financial Modeling,intermediate,resume_parse_mock
ST0451,SK047,Public Speaking,beginner,resume_parse_mock
ST0451,SK025,Structural Analysis,beginner,resume_parse_mock
ST0452,SK052,Behavioral Interviewing,intermediate,resume_parse_mock
ST0452,SK040,Business Strategy,intermediate,resume_parse_mock
ST0452,SK034,M&A Concepts,intermediate,resume_parse_mock
ST0452,SK011,Machine Learning,beginner,resume_parse_mock
ST0452,SK038,Market Sizing,advanced,resume_parse_mock
ST0452,SK006,SQL,beginner,resume_parse_mock
ST0452,SK016,Statistics,beginner,resume_parse_mock
ST0453,SK032,Accounting Fundamentals,advanced,resume_parse_mock
ST0453,SK052,Behavioral Interviewing,intermediate,resume_parse_mock
ST0453,SK030,Financial Modeling,intermediate,resume_parse_mock
ST0453,SK033,LBO Modeling,advanced,resume_parse_mock
ST0453,SK048,Networking,beginner,resume_parse_mock
ST0453,SK047,Public Speaking,beginner,resume_parse_mock
ST0454,SK026,Lab Research Methods,beginner,resume_parse_mock
ST0454,SK050,Leadership,advanced,resume_parse_mock
ST0454,SK047,Public Speaking,intermediate,resume_parse_mock
ST0454,SK014,Spark / Databricks,advanced,resume_parse_mock
ST0454,SK051,Teamwork,advanced,resume_parse_mock
ST0454,SK049,Technical Writing,beginner,resume_parse_mock
ST0455,SK043,Digital Marketing,intermediate,resume_parse_mock
ST0455,SK050,Leadership,advanced,resume_parse_mock
ST0455,SK044,Market Research,advanced,resume_parse_mock
ST0455,SK047,Public Speaking,intermediate,resume_parse_mock
ST0455,SK016,Statistics,advanced,resume_parse_mock
ST0455,SK049,Technical Writing,advanced,resume_parse_mock
ST0455,SK028,User Research,intermediate,resume_parse_mock
ST0456,SK052,Behavioral Interviewing,advanced,resume_parse_mock
ST0456,SK003,C/C++,advanced,resume_parse_mock
ST0456,SK012,Deep Learning,intermediate,resume_parse_mock
ST0456,SK002,Java,beginner,resume_parse_mock
ST0456,SK001,Python,intermediate,resume_parse_mock
ST0456,SK006,SQL,beginner,resume_parse_mock
ST0456,SK014,Spark / Databricks,beginner,resume_parse_mock
ST0456,SK010,System Design,intermediate,resume_parse_mock
ST0456,SK051,Teamwork,beginner,resume_parse_mock
ST0457,SK015,Data Visualization,beginner,resume_parse_mock
ST0457,SK043,Digital Marketing,intermediate,resume_parse_mock
ST0457,SK050,Leadership,intermediate,resume_parse_mock
ST0457,SK044,Market Research,beginner,resume_parse_mock
ST0458,SK052,Behavioral Interviewing,advanced,resume_parse_mock
ST0458,SK002,Java,advanced,resume_parse_mock
ST0458,SK018,Network Security,beginner,resume_parse_mock
ST0458,SK010,System Design,beginner,resume_parse_mock
ST0459,SK032,Accounting Fundamentals,beginner,resume_parse_mock
ST0459,SK052,Behavioral Interviewing,intermediate,resume_parse_mock
ST0459,SK031,DCF Valuation,intermediate,resume_parse_mock
ST0459,SK029,Excel Modeling,intermediate,resume_parse_mock
ST0459,SK036,Financial Statement Analysis,advanced,resume_parse_mock
ST0459,SK034,M&A Concepts,intermediate,resume_parse_mock
ST0459,SK047,Public Speaking,intermediate,resume_parse_mock
ST0460,SK024,Circuit Design,intermediate,resume_parse_mock
ST0460,SK009,Data Structures & Algorithms,advanced,resume_parse_mock
ST0460,SK021,Embedded Systems,advanced,resume_parse_mock
ST0460,SK019,Penetration Testing,advanced,resume_parse_mock
ST0460,SK051,Teamwork,advanced,resume_parse_mock
ST0461,SK022,CAD (SolidWorks),intermediate,resume_parse_mock
ST0461,SK050,Leadership,intermediate,resume_parse_mock
ST0461,SK047,Public Speaking,advanced,resume_parse_mock
ST0461,SK025,Structural Analysis,advanced,resume_parse_mock
ST0461,SK051,Teamwork,intermediate,resume_parse_mock
ST0461,SK049,Technical Writing,advanced,resume_parse_mock
ST0462,SK026,Lab Research Methods,beginner,resume_parse_mock
ST0462,SK050,Leadership,advanced,resume_parse_mock
ST0462,SK023,MATLAB,beginner,resume_parse_mock
ST0462,SK001,Python,beginner,resume_parse_mock
ST0462,SK016,Statistics,intermediate,resume_parse_mock
ST0462,SK051,Teamwork,intermediate,resume_parse_mock
ST0462,SK049,Technical Writing,intermediate,resume_parse_mock
ST0463,SK052,Behavioral Interviewing,advanced,resume_parse_mock
ST0463,SK040,Business Strategy,advanced,resume_parse_mock
ST0463,SK050,Leadership,intermediate,resume_parse_mock
ST0463,SK038,Market Sizing,beginner,resume_parse_mock
ST0464,SK023,MATLAB,intermediate,resume_parse_mock
ST0464,SK053,Project Management,beginner,resume_parse_mock
ST0464,SK047,Public Speaking,beginner,resume_parse_mock
ST0464,SK051,Teamwork,intermediate,resume_parse_mock
ST0465,SK009,Data Structures & Algorithms,advanced,resume_parse_mock
ST0465,SK002,Java,intermediate,resume_parse_mock
ST0465,SK004,JavaScript,intermediate,resume_parse_mock
ST0465,SK019,Penetration Testing,intermediate,resume_parse_mock
ST0465,SK006,SQL,beginner,resume_parse_mock
ST0465,SK010,System Design,intermediate,resume_parse_mock
ST0466,SK026,Lab Research Methods,beginner,resume_parse_mock
ST0466,SK023,MATLAB,intermediate,resume_parse_mock
ST0466,SK016,Statistics,intermediate,resume_parse_mock
ST0466,SK049,Technical Writing,intermediate,resume_parse_mock
ST0467,SK029,Excel Modeling,intermediate,resume_parse_mock
ST0467,SK013,LLMs & AI Agents,advanced,resume_parse_mock
ST0467,SK006,SQL,intermediate,resume_parse_mock
ST0467,SK042,Supply Chain Analytics,advanced,resume_parse_mock
ST0468,SK027,Figma,intermediate,resume_parse_mock
ST0468,SK011,Machine Learning,intermediate,resume_parse_mock
ST0468,SK053,Project Management,beginner,resume_parse_mock
ST0468,SK047,Public Speaking,advanced,resume_parse_mock
ST0468,SK028,User Research,intermediate,resume_parse_mock
ST0469,SK004,JavaScript,intermediate,resume_parse_mock
ST0469,SK006,SQL,intermediate,resume_parse_mock
ST0469,SK051,Teamwork,advanced,resume_parse_mock
ST0469,SK028,User Research,intermediate,resume_parse_mock
ST0470,SK040,Business Strategy,intermediate,resume_parse_mock
ST0470,SK029,Excel Modeling,beginner,resume_parse_mock
ST0470,SK030,Financial Modeling,advanced,resume_parse_mock
ST0470,SK036,Financial Statement Analysis,beginner,resume_parse_mock
ST0470,SK033,LBO Modeling,beginner,resume_parse_mock
ST0470,SK047,Public Speaking,advanced,resume_parse_mock
ST0470,SK051,Teamwork,beginner,resume_parse_mock
ST0471,SK040,Business Strategy,intermediate,resume_parse_mock
ST0471,SK015,Data Visualization,advanced,resume_parse_mock
ST0471,SK004,JavaScript,intermediate,resume_parse_mock
ST0471,SK018,Network Security,intermediate,resume_parse_mock
ST0471,SK001,Python,intermediate,resume_parse_mock
ST0471,SK016,Statistics,advanced,resume_parse_mock
ST0472,SK052,Behavioral Interviewing,advanced,resume_parse_mock
ST0472,SK015,Data Visualization,beginner,resume_parse_mock
ST0472,SK012,Deep Learning,beginner,resume_parse_mock
ST0472,SK011,Machine Learning,intermediate,resume_parse_mock
ST0472,SK014,Spark / Databricks,advanced,resume_parse_mock
ST0472,SK046,Stochastic Calculus,advanced,resume_parse_mock
ST0472,SK010,System Design,intermediate,resume_parse_mock
ST0473,SK027,Figma,beginner,resume_parse_mock
ST0473,SK013,LLMs & AI Agents,beginner,resume_parse_mock
ST0473,SK050,Leadership,intermediate,resume_parse_mock
ST0473,SK001,Python,beginner,resume_parse_mock
ST0473,SK006,SQL,beginner,resume_parse_mock
ST0473,SK016,Statistics,advanced,resume_parse_mock
ST0473,SK046,Stochastic Calculus,beginner,resume_parse_mock
ST0473,SK010,System Design,advanced,resume_parse_mock
ST0474,SK015,Data Visualization,beginner,resume_parse_mock
ST0474,SK004,JavaScript,advanced,resume_parse_mock
ST0474,SK047,Public Speaking,advanced,resume_parse_mock
ST0474,SK016,Statistics,advanced,resume_parse_mock
ST0474,SK049,Technical Writing,beginner,resume_parse_mock
ST0475,SK026,Lab Research Methods,advanced,resume_parse_mock
ST0475,SK023,MATLAB,advanced,resume_parse_mock
ST0475,SK047,Public Speaking,advanced,resume_parse_mock
ST0475,SK016,Statistics,beginner,resume_parse_mock
ST0475,SK051,Teamwork,advanced,resume_parse_mock
ST0475,SK049,Technical Writing,beginner,resume_parse_mock
ST0476,SK039,Case Interviewing,beginner,resume_parse_mock
ST0476,SK029,Excel Modeling,intermediate,resume_parse_mock
ST0476,SK030,Financial Modeling,intermediate,resume_parse_mock
ST0476,SK050,Leadership,beginner,resume_parse_mock
ST0476,SK016,Statistics,beginner,resume_parse_mock
ST0477,SK052,Behavioral Interviewing,beginner,resume_parse_mock
ST0477,SK040,Business Strategy,intermediate,resume_parse_mock
ST0477,SK039,Case Interviewing,beginner,resume_parse_mock
ST0477,SK031,DCF Valuation,advanced,resume_parse_mock
ST0477,SK036,Financial Statement Analysis,advanced,resume_parse_mock
ST0477,SK047,Public Speaking,beginner,resume_parse_mock
ST0477,SK001,Python,advanced,resume_parse_mock
ST0477,SK051,Teamwork,intermediate,resume_parse_mock
ST0478,SK031,DCF Valuation,intermediate,resume_parse_mock
ST0478,SK036,Financial Statement Analysis,advanced,resume_parse_mock
ST0478,SK034,M&A Concepts,intermediate,resume_parse_mock
ST0478,SK038,Market Sizing,intermediate,resume_parse_mock
ST0478,SK047,Public Speaking,intermediate,resume_parse_mock
ST0478,SK001,Python,advanced,resume_parse_mock
ST0478,SK016,Statistics,beginner,resume_parse_mock
ST0478,SK051,Teamwork,advanced,resume_parse_mock
ST0479,SK022,CAD (SolidWorks),intermediate,resume_parse_mock
ST0479,SK050,Leadership,advanced,resume_parse_mock
ST0479,SK023,MATLAB,intermediate,resume_parse_mock
ST0479,SK053,Project Management,advanced,resume_parse_mock
ST0479,SK025,Structural Analysis,intermediate,resume_parse_mock
ST0479,SK051,Teamwork,advanced,resume_parse_mock
ST0479,SK049,Technical Writing,intermediate,resume_parse_mock
ST0480,SK052,Behavioral Interviewing,beginner,resume_parse_mock
ST0480,SK053,Project Management,intermediate,resume_parse_mock
ST0480,SK006,SQL,intermediate,resume_parse_mock
ST0480,SK014,Spark / Databricks,beginner,resume_parse_mock
ST0481,SK052,Behavioral Interviewing,beginner,resume_parse_mock
ST0481,SK008,Cloud (AWS/Azure/GCP),advanced,resume_parse_mock
ST0481,SK015,Data Visualization,advanced,resume_parse_mock
ST0481,SK012,Deep Learning,intermediate,resume_parse_mock
ST0481,SK050,Leadership,advanced,resume_parse_mock
ST0481,SK010,System Design,intermediate,resume_parse_mock
ST0481,SK051,Teamwork,intermediate,resume_parse_mock
ST0482,SK026,Lab Research Methods,intermediate,resume_parse_mock
ST0482,SK050,Leadership,advanced,resume_parse_mock
ST0482,SK023,MATLAB,intermediate,resume_parse_mock
ST0482,SK047,Public Speaking,intermediate,resume_parse_mock
ST0482,SK016,Statistics,intermediate,resume_parse_mock
ST0482,SK049,Technical Writing,advanced,resume_parse_mock
ST0483,SK003,C/C++,intermediate,resume_parse_mock
ST0483,SK024,Circuit Design,intermediate,resume_parse_mock
ST0483,SK021,Embedded Systems,beginner,resume_parse_mock
ST0483,SK050,Leadership,intermediate,resume_parse_mock
ST0483,SK023,MATLAB,intermediate,resume_parse_mock
ST0483,SK047,Public Speaking,beginner,resume_parse_mock
ST0483,SK051,Teamwork,intermediate,resume_parse_mock
ST0484,SK052,Behavioral Interviewing,beginner,resume_parse_mock
ST0484,SK040,Business Strategy,intermediate,resume_parse_mock
ST0484,SK031,DCF Valuation,advanced,resume_parse_mock
ST0484,SK033,LBO Modeling,intermediate,resume_parse_mock
ST0484,SK038,Market Sizing,advanced,resume_parse_mock
ST0484,SK051,Teamwork,intermediate,resume_parse_mock
ST0485,SK040,Business Strategy,intermediate,resume_parse_mock
ST0485,SK029,Excel Modeling,intermediate,resume_parse_mock
ST0485,SK038,Market Sizing,intermediate,resume_parse_mock
ST0485,SK048,Networking,beginner,resume_parse_mock
ST0485,SK016,Statistics,beginner,resume_parse_mock
ST0486,SK029,Excel Modeling,beginner,resume_parse_mock
ST0486,SK041,Product Roadmapping,intermediate,resume_parse_mock
ST0486,SK047,Public Speaking,beginner,resume_parse_mock
ST0486,SK006,SQL,intermediate,resume_parse_mock
ST0486,SK042,Supply Chain Analytics,advanced,resume_parse_mock
ST0486,SK017,Tableau / Power BI,intermediate,resume_parse_mock
ST0487,SK039,Case Interviewing,advanced,resume_parse_mock
ST0487,SK029,Excel Modeling,advanced,resume_parse_mock
ST0487,SK038,Market Sizing,advanced,resume_parse_mock
ST0487,SK019,Penetration Testing,advanced,resume_parse_mock
ST0487,SK053,Project Management,advanced,resume_parse_mock
ST0487,SK001,Python,intermediate,resume_parse_mock
ST0487,SK042,Supply Chain Analytics,intermediate,resume_parse_mock
ST0487,SK017,Tableau / Power BI,advanced,resume_parse_mock
ST0487,SK051,Teamwork,intermediate,resume_parse_mock
ST0488,SK003,C/C++,advanced,resume_parse_mock
ST0488,SK009,Data Structures & Algorithms,advanced,resume_parse_mock
ST0488,SK007,Git,intermediate,resume_parse_mock
ST0488,SK011,Machine Learning,beginner,resume_parse_mock
ST0488,SK018,Network Security,advanced,resume_parse_mock
ST0488,SK019,Penetration Testing,beginner,resume_parse_mock
ST0488,SK006,SQL,beginner,resume_parse_mock
ST0489,SK003,C/C++,beginner,resume_parse_mock
ST0489,SK024,Circuit Design,intermediate,resume_parse_mock
ST0489,SK021,Embedded Systems,beginner,resume_parse_mock
ST0489,SK050,Leadership,beginner,resume_parse_mock
ST0489,SK023,MATLAB,advanced,resume_parse_mock
ST0489,SK047,Public Speaking,beginner,resume_parse_mock
ST0489,SK051,Teamwork,beginner,resume_parse_mock
ST0490,SK027,Figma,advanced,resume_parse_mock
ST0490,SK004,JavaScript,beginner,resume_parse_mock
ST0490,SK054,Policy Analysis,intermediate,resume_parse_mock
ST0490,SK016,Statistics,intermediate,resume_parse_mock
ST0490,SK051,Teamwork,intermediate,resume_parse_mock
ST0490,SK049,Technical Writing,beginner,resume_parse_mock
ST0490,SK028,User Research,beginner,resume_parse_mock
ST0491,SK040,Business Strategy,beginner,resume_parse_mock
ST0491,SK039,Case Interviewing,beginner,resume_parse_mock
ST0491,SK043,Digital Marketing,beginner,resume_parse_mock
ST0491,SK050,Leadership,intermediate,resume_parse_mock
ST0491,SK006,SQL,beginner,resume_parse_mock
ST0491,SK017,Tableau / Power BI,intermediate,resume_parse_mock
ST0491,SK028,User Research,beginner,resume_parse_mock
ST0492,SK039,Case Interviewing,intermediate,resume_parse_mock
ST0492,SK015,Data Visualization,advanced,resume_parse_mock
ST0492,SK041,Product Roadmapping,intermediate,resume_parse_mock
ST0492,SK047,Public Speaking,beginner,resume_parse_mock
ST0492,SK006,SQL,beginner,resume_parse_mock
ST0493,SK050,Leadership,beginner,resume_parse_mock
ST0493,SK011,Machine Learning,beginner,resume_parse_mock
ST0493,SK047,Public Speaking,beginner,resume_parse_mock
ST0493,SK016,Statistics,beginner,resume_parse_mock
ST0493,SK046,Stochastic Calculus,advanced,resume_parse_mock
ST0493,SK051,Teamwork,beginner,resume_parse_mock
ST0494,SK039,Case Interviewing,beginner,resume_parse_mock
ST0494,SK004,JavaScript,beginner,resume_parse_mock
ST0494,SK050,Leadership,advanced,resume_parse_mock
ST0494,SK047,Public Speaking,beginner,resume_parse_mock
ST0494,SK001,Python,intermediate,resume_parse_mock
ST0494,SK006,SQL,advanced,resume_parse_mock
ST0494,SK010,System Design,beginner,resume_parse_mock
ST0495,SK050,Leadership,beginner,resume_parse_mock
ST0495,SK054,Policy Analysis,intermediate,resume_parse_mock
ST0495,SK047,Public Speaking,beginner,resume_parse_mock
ST0495,SK016,Statistics,intermediate,resume_parse_mock
ST0495,SK051,Teamwork,advanced,resume_parse_mock
ST0495,SK049,Technical Writing,beginner,resume_parse_mock
ST0496,SK008,Cloud (AWS/Azure/GCP),intermediate,resume_parse_mock
ST0496,SK050,Leadership,advanced,resume_parse_mock
ST0496,SK018,Network Security,intermediate,resume_parse_mock
ST0496,SK019,Penetration Testing,intermediate,resume_parse_mock
ST0496,SK042,Supply Chain Analytics,intermediate,resume_parse_mock
ST0496,SK051,Teamwork,intermediate,resume_parse_mock
ST0497,SK032,Accounting Fundamentals,beginner,resume_parse_mock
ST0497,SK052,Behavioral Interviewing,beginner,resume_parse_mock
ST0497,SK031,DCF Valuation,beginner,resume_parse_mock
ST0497,SK030,Financial Modeling,intermediate,resume_parse_mock
ST0497,SK050,Leadership,intermediate,resume_parse_mock
ST0498,SK043,Digital Marketing,advanced,resume_parse_mock
ST0498,SK041,Product Roadmapping,advanced,resume_parse_mock
ST0498,SK028,User Research,beginner,resume_parse_mock
ST0499,SK008,Cloud (AWS/Azure/GCP),beginner,resume_parse_mock
ST0499,SK012,Deep Learning,intermediate,resume_parse_mock
ST0499,SK053,Project Management,beginner,resume_parse_mock
ST0499,SK001,Python,beginner,resume_parse_mock
ST0500,SK003,C/C++,beginner,resume_parse_mock
ST0500,SK009,Data Structures & Algorithms,intermediate,resume_parse_mock
ST0500,SK013,LLMs & AI Agents,intermediate,resume_parse_mock
ST0500,SK050,Leadership,beginner,resume_parse_mock
ST0500,SK001,Python,beginner,resume_parse_mock
ST0500,SK006,SQL,beginner,resume_parse_mock
ST0500,SK051,Teamwork,intermediate,resume_parse_mock
ST0501,SK052,Behavioral Interviewing,intermediate,resume_parse_mock
ST0501,SK015,Data Visualization,advanced,resume_parse_mock
ST0501,SK007,Git,intermediate,resume_parse_mock
ST0501,SK016,Statistics,advanced,resume_parse_mock
ST0501,SK051,Teamwork,advanced,resume_parse_mock
ST0502,SK040,Business Strategy,intermediate,resume_parse_mock
ST0502,SK050,Leadership,intermediate,resume_parse_mock
ST0502,SK041,Product Roadmapping,beginner,resume_parse_mock
ST0502,SK047,Public Speaking,advanced,resume_parse_mock
ST0502,SK051,Teamwork,intermediate,resume_parse_mock
ST0503,SK032,Accounting Fundamentals,advanced,resume_parse_mock
ST0503,SK037,Auditing,beginner,resume_parse_mock
ST0503,SK031,DCF Valuation,beginner,resume_parse_mock
ST0503,SK030,Financial Modeling,advanced,resume_parse_mock
ST0503,SK050,Leadership,advanced,resume_parse_mock
ST0503,SK034,M&A Concepts,advanced,resume_parse_mock
ST0503,SK047,Public Speaking,advanced,resume_parse_mock
ST0504,SK039,Case Interviewing,beginner,resume_parse_mock
ST0504,SK015,Data Visualization,beginner,resume_parse_mock
ST0504,SK043,Digital Marketing,intermediate,resume_parse_mock
ST0504,SK004,JavaScript,intermediate,resume_parse_mock
ST0504,SK050,Leadership,advanced,resume_parse_mock
ST0504,SK047,Public Speaking,intermediate,resume_parse_mock
ST0504,SK051,Teamwork,advanced,resume_parse_mock
ST0504,SK049,Technical Writing,intermediate,resume_parse_mock
ST0505,SK040,Business Strategy,advanced,resume_parse_mock
ST0505,SK054,Policy Analysis,intermediate,resume_parse_mock
ST0505,SK047,Public Speaking,advanced,resume_parse_mock
ST0505,SK051,Teamwork,beginner,resume_parse_mock
ST0506,SK054,Policy Analysis,beginner,resume_parse_mock
ST0506,SK047,Public Speaking,intermediate,resume_parse_mock
ST0506,SK016,Statistics,beginner,resume_parse_mock
ST0506,SK051,Teamwork,beginner,resume_parse_mock
ST0507,SK029,Excel Modeling,beginner,resume_parse_mock
ST0507,SK030,Financial Modeling,advanced,resume_parse_mock
ST0507,SK033,LBO Modeling,intermediate,resume_parse_mock
ST0507,SK038,Market Sizing,beginner,resume_parse_mock
ST0507,SK047,Public Speaking,intermediate,resume_parse_mock
ST0508,SK022,CAD (SolidWorks),intermediate,resume_parse_mock
ST0508,SK050,Leadership,intermediate,resume_parse_mock
ST0508,SK023,MATLAB,advanced,resume_parse_mock
ST0508,SK025,Structural Analysis,beginner,resume_parse_mock
ST0508,SK049,Technical Writing,beginner,resume_parse_mock
ST0509,SK026,Lab Research Methods,advanced,resume_parse_mock
ST0509,SK050,Leadership,beginner,resume_parse_mock
ST0509,SK023,MATLAB,advanced,resume_parse_mock
ST0509,SK047,Public Speaking,advanced,resume_parse_mock
ST0509,SK001,Python,beginner,resume_parse_mock
ST0510,SK040,Business Strategy,advanced,resume_parse_mock
ST0510,SK050,Leadership,beginner,resume_parse_mock
ST0510,SK047,Public Speaking,advanced,resume_parse_mock
ST0510,SK014,Spark / Databricks,intermediate,resume_parse_mock
ST0510,SK025,Structural Analysis,beginner,resume_parse_mock
ST0510,SK049,Technical Writing,beginner,resume_parse_mock
ST0511,SK009,Data Structures & Algorithms,beginner,resume_parse_mock
ST0511,SK015,Data Visualization,beginner,resume_parse_mock
ST0511,SK050,Leadership,advanced,resume_parse_mock
ST0511,SK011,Machine Learning,advanced,resume_parse_mock
ST0511,SK016,Statistics,beginner,resume_parse_mock
ST0511,SK046,Stochastic Calculus,advanced,resume_parse_mock
ST0511,SK051,Teamwork,intermediate,resume_parse_mock
ST0512,SK040,Business Strategy,beginner,resume_parse_mock
ST0512,SK020,Linux,advanced,resume_parse_mock
ST0512,SK018,Network Security,advanced,resume_parse_mock
ST0512,SK047,Public Speaking,beginner,resume_parse_mock
ST0512,SK051,Teamwork,intermediate,resume_parse_mock
ST0513,SK008,Cloud (AWS/Azure/GCP),beginner,resume_parse_mock
ST0513,SK050,Leadership,beginner,resume_parse_mock
ST0513,SK047,Public Speaking,beginner,resume_parse_mock
ST0514,SK003,C/C++,intermediate,resume_parse_mock
ST0514,SK024,Circuit Design,advanced,resume_parse_mock
ST0514,SK021,Embedded Systems,beginner,resume_parse_mock
ST0514,SK050,Leadership,advanced,resume_parse_mock
ST0514,SK023,MATLAB,intermediate,resume_parse_mock
ST0514,SK047,Public Speaking,advanced,resume_parse_mock
ST0514,SK051,Teamwork,advanced,resume_parse_mock
ST0515,SK050,Leadership,beginner,resume_parse_mock
ST0515,SK011,Machine Learning,beginner,resume_parse_mock
ST0515,SK047,Public Speaking,intermediate,resume_parse_mock
ST0515,SK006,SQL,advanced,resume_parse_mock
ST0515,SK014,Spark / Databricks,beginner,resume_parse_mock
ST0515,SK051,Teamwork,intermediate,resume_parse_mock
ST0516,SK052,Behavioral Interviewing,beginner,resume_parse_mock
ST0516,SK053,Project Management,advanced,resume_parse_mock
ST0516,SK006,SQL,advanced,resume_parse_mock
ST0516,SK010,System Design,advanced,resume_parse_mock
ST0516,SK028,User Research,advanced,resume_parse_mock
ST0517,SK003,C/C++,advanced,resume_parse_mock
ST0517,SK009,Data Structures & Algorithms,intermediate,resume_parse_mock
ST0517,SK006,SQL,intermediate,resume_parse_mock
ST0517,SK046,Stochastic Calculus,beginner,resume_parse_mock
ST0518,SK026,Lab Research Methods,beginner,resume_parse_mock
ST0518,SK023,MATLAB,beginner,resume_parse_mock
ST0518,SK047,Public Speaking,beginner,resume_parse_mock
ST0518,SK016,Statistics,beginner,resume_parse_mock
ST0518,SK051,Teamwork,beginner,resume_parse_mock
ST0518,SK049,Technical Writing,advanced,resume_parse_mock
ST0519,SK053,Project Management,intermediate,resume_parse_mock
ST0519,SK047,Public Speaking,intermediate,resume_parse_mock
ST0519,SK025,Structural Analysis,advanced,resume_parse_mock
ST0519,SK017,Tableau / Power BI,beginner,resume_parse_mock
ST0520,SK026,Lab Research Methods,advanced,resume_parse_mock
ST0520,SK050,Leadership,intermediate,resume_parse_mock
ST0520,SK023,MATLAB,beginner,resume_parse_mock
ST0520,SK047,Public Speaking,beginner,resume_parse_mock
ST0520,SK001,Python,intermediate,resume_parse_mock
ST0520,SK016,Statistics,beginner,resume_parse_mock
ST0521,SK003,C/C++,intermediate,resume_parse_mock
ST0521,SK024,Circuit Design,beginner,resume_parse_mock
ST0521,SK021,Embedded Systems,beginner,resume_parse_mock
ST0521,SK023,MATLAB,beginner,resume_parse_mock
ST0522,SK003,C/C++,beginner,resume_parse_mock
ST0522,SK009,Data Structures & Algorithms,intermediate,resume_parse_mock
ST0522,SK011,Machine Learning,advanced,resume_parse_mock
ST0522,SK047,Public Speaking,intermediate,resume_parse_mock
ST0522,SK001,Python,advanced,resume_parse_mock
ST0522,SK016,Statistics,intermediate,resume_parse_mock
ST0523,SK050,Leadership,advanced,resume_parse_mock
ST0523,SK054,Policy Analysis,beginner,resume_parse_mock
ST0523,SK047,Public Speaking,advanced,resume_parse_mock
ST0523,SK016,Statistics,advanced,resume_parse_mock
ST0523,SK051,Teamwork,intermediate,resume_parse_mock
ST0523,SK049,Technical Writing,advanced,resume_parse_mock
ST0524,SK052,Behavioral Interviewing,intermediate,resume_parse_mock
ST0524,SK027,Figma,advanced,resume_parse_mock
ST0524,SK007,Git,advanced,resume_parse_mock
ST0524,SK002,Java,beginner,resume_parse_mock
ST0525,SK050,Leadership,advanced,resume_parse_mock
ST0525,SK019,Penetration Testing,intermediate,resume_parse_mock
ST0525,SK041,Product Roadmapping,advanced,resume_parse_mock
ST0525,SK053,Project Management,advanced,resume_parse_mock
ST0525,SK028,User Research,beginner,resume_parse_mock
ST0526,SK047,Public Speaking,advanced,resume_parse_mock
ST0526,SK001,Python,beginner,resume_parse_mock
ST0526,SK006,SQL,beginner,resume_parse_mock
ST0526,SK014,Spark / Databricks,advanced,resume_parse_mock
ST0526,SK016,Statistics,intermediate,resume_parse_mock
ST0527,SK022,CAD (SolidWorks),advanced,resume_parse_mock
ST0527,SK050,Leadership,beginner,resume_parse_mock
ST0527,SK038,Market Sizing,intermediate,resume_parse_mock
ST0528,SK036,Financial Statement Analysis,intermediate,resume_parse_mock
ST0528,SK007,Git,intermediate,resume_parse_mock
ST0528,SK048,Networking,beginner,resume_parse_mock
ST0528,SK047,Public Speaking,advanced,resume_parse_mock
ST0528,SK001,Python,intermediate,resume_parse_mock
ST0528,SK046,Stochastic Calculus,intermediate,resume_parse_mock
ST0528,SK051,Teamwork,advanced,resume_parse_mock
ST0529,SK008,Cloud (AWS/Azure/GCP),beginner,resume_parse_mock
ST0529,SK009,Data Structures & Algorithms,intermediate,resume_parse_mock
ST0529,SK004,JavaScript,beginner,resume_parse_mock
ST0529,SK013,LLMs & AI Agents,intermediate,resume_parse_mock
ST0529,SK011,Machine Learning,beginner,resume_parse_mock
ST0529,SK014,Spark / Databricks,advanced,resume_parse_mock
ST0529,SK016,Statistics,advanced,resume_parse_mock
ST0529,SK046,Stochastic Calculus,beginner,resume_parse_mock
ST0530,SK026,Lab Research Methods,beginner,resume_parse_mock
ST0530,SK050,Leadership,beginner,resume_parse_mock
ST0530,SK023,MATLAB,beginner,resume_parse_mock
ST0530,SK041,Product Roadmapping,advanced,resume_parse_mock
ST0530,SK047,Public Speaking,advanced,resume_parse_mock
ST0530,SK001,Python,intermediate,resume_parse_mock
ST0531,SK024,Circuit Design,intermediate,resume_parse_mock
ST0531,SK021,Embedded Systems,intermediate,resume_parse_mock
ST0531,SK023,MATLAB,intermediate,resume_parse_mock
ST0531,SK047,Public Speaking,beginner,resume_parse_mock
ST0532,SK015,Data Visualization,intermediate,resume_parse_mock
ST0532,SK002,Java,intermediate,resume_parse_mock
ST0532,SK013,LLMs & AI Agents,intermediate,resume_parse_mock
ST0532,SK011,Machine Learning,beginner,resume_parse_mock
ST0532,SK047,Public Speaking,advanced,resume_parse_mock
ST0532,SK001,Python,intermediate,resume_parse_mock
ST0532,SK010,System Design,advanced,resume_parse_mock
ST0533,SK040,Business Strategy,intermediate,resume_parse_mock
ST0533,SK004,JavaScript,intermediate,resume_parse_mock
ST0533,SK020,Linux,beginner,resume_parse_mock
ST0533,SK001,Python,advanced,resume_parse_mock
ST0533,SK006,SQL,beginner,resume_parse_mock
ST0533,SK046,Stochastic Calculus,beginner,resume_parse_mock
ST0534,SK040,Business Strategy,beginner,resume_parse_mock
ST0534,SK027,Figma,intermediate,resume_parse_mock
ST0534,SK004,JavaScript,beginner,resume_parse_mock
ST0534,SK050,Leadership,advanced,resume_parse_mock
ST0534,SK041,Product Roadmapping,advanced,resume_parse_mock
ST0534,SK047,Public Speaking,intermediate,resume_parse_mock
ST0534,SK006,SQL,intermediate,resume_parse_mock
ST0535,SK023,MATLAB,advanced,resume_parse_mock
ST0535,SK001,Python,advanced,resume_parse_mock
ST0535,SK051,Teamwork,beginner,resume_parse_mock
ST0535,SK049,Technical Writing,beginner,resume_parse_mock
ST0536,SK050,Leadership,intermediate,resume_parse_mock
ST0536,SK020,Linux,beginner,resume_parse_mock
ST0536,SK019,Penetration Testing,intermediate,resume_parse_mock
ST0536,SK053,Project Management,advanced,resume_parse_mock
ST0536,SK047,Public Speaking,advanced,resume_parse_mock
ST0537,SK015,Data Visualization,intermediate,resume_parse_mock
ST0537,SK029,Excel Modeling,advanced,resume_parse_mock
ST0537,SK030,Financial Modeling,intermediate,resume_parse_mock
ST0537,SK050,Leadership,intermediate,resume_parse_mock
ST0537,SK034,M&A Concepts,intermediate,resume_parse_mock
ST0537,SK011,Machine Learning,beginner,resume_parse_mock
ST0537,SK051,Teamwork,intermediate,resume_parse_mock
ST0538,SK015,Data Visualization,intermediate,resume_parse_mock
ST0538,SK043,Digital Marketing,beginner,resume_parse_mock
ST0538,SK027,Figma,advanced,resume_parse_mock
ST0538,SK050,Leadership,beginner,resume_parse_mock
ST0538,SK044,Market Research,beginner,resume_parse_mock
ST0538,SK047,Public Speaking,advanced,resume_parse_mock
ST0538,SK016,Statistics,advanced,resume_parse_mock
ST0538,SK051,Teamwork,advanced,resume_parse_mock
ST0538,SK028,User Research,beginner,resume_parse_mock
ST0539,SK026,Lab Research Methods,advanced,resume_parse_mock
ST0539,SK050,Leadership,advanced,resume_parse_mock
ST0539,SK023,MATLAB,intermediate,resume_parse_mock
ST0539,SK047,Public Speaking,beginner,resume_parse_mock
ST0539,SK001,Python,intermediate,resume_parse_mock
ST0539,SK016,Statistics,intermediate,resume_parse_mock
ST0539,SK051,Teamwork,beginner,resume_parse_mock
ST0540,SK039,Case Interviewing,beginner,resume_parse_mock
ST0540,SK008,Cloud (AWS/Azure/GCP),beginner,resume_parse_mock
ST0540,SK009,Data Structures & Algorithms,intermediate,resume_parse_mock
ST0540,SK007,Git,beginner,resume_parse_mock
ST0540,SK001,Python,advanced,resume_parse_mock
ST0540,SK006,SQL,beginner,resume_parse_mock
ST0540,SK014,Spark / Databricks,advanced,resume_parse_mock
ST0540,SK051,Teamwork,beginner,resume_parse_mock
ST0541,SK026,Lab Research Methods,advanced,resume_parse_mock
ST0541,SK047,Public Speaking,beginner,resume_parse_mock
ST0541,SK051,Teamwork,advanced,resume_parse_mock
ST0542,SK022,CAD (SolidWorks),intermediate,resume_parse_mock
ST0542,SK050,Leadership,advanced,resume_parse_mock
ST0542,SK047,Public Speaking,intermediate,resume_parse_mock
ST0542,SK025,Structural Analysis,intermediate,resume_parse_mock
ST0542,SK049,Technical Writing,intermediate,resume_parse_mock
ST0543,SK037,Auditing,advanced,resume_parse_mock
ST0543,SK040,Business Strategy,advanced,resume_parse_mock
ST0543,SK039,Case Interviewing,beginner,resume_parse_mock
ST0543,SK036,Financial Statement Analysis,intermediate,resume_parse_mock
ST0543,SK033,LBO Modeling,beginner,resume_parse_mock
ST0544,SK015,Data Visualization,intermediate,resume_parse_mock
ST0544,SK002,Java,beginner,resume_parse_mock
ST0544,SK041,Product Roadmapping,intermediate,resume_parse_mock
ST0544,SK016,Statistics,beginner,resume_parse_mock
ST0544,SK051,Teamwork,beginner,resume_parse_mock
ST0545,SK022,CAD (SolidWorks),intermediate,resume_parse_mock
ST0545,SK050,Leadership,intermediate,resume_parse_mock
ST0545,SK023,MATLAB,advanced,resume_parse_mock
ST0546,SK053,Project Management,intermediate,resume_parse_mock
ST0546,SK025,Structural Analysis,intermediate,resume_parse_mock
ST0546,SK051,Teamwork,beginner,resume_parse_mock
ST0547,SK050,Leadership,beginner,resume_parse_mock
ST0547,SK023,MATLAB,beginner,resume_parse_mock
ST0547,SK053,Project Management,intermediate,resume_parse_mock
ST0547,SK047,Public Speaking,beginner,resume_parse_mock
ST0547,SK025,Structural Analysis,intermediate,resume_parse_mock
ST0547,SK049,Technical Writing,beginner,resume_parse_mock
ST0548,SK003,C/C++,beginner,resume_parse_mock
ST0548,SK024,Circuit Design,beginner,resume_parse_mock
ST0548,SK021,Embedded Systems,beginner,resume_parse_mock
ST0548,SK023,MATLAB,intermediate,resume_parse_mock
ST0548,SK047,Public Speaking,advanced,resume_parse_mock
ST0548,SK051,Teamwork,advanced,resume_parse_mock
ST0549,SK032,Accounting Fundamentals,advanced,resume_parse_mock
ST0549,SK040,Business Strategy,advanced,resume_parse_mock
ST0549,SK039,Case Interviewing,beginner,resume_parse_mock
ST0549,SK034,M&A Concepts,advanced,resume_parse_mock
ST0549,SK038,Market Sizing,advanced,resume_parse_mock
ST0550,SK015,Data Visualization,intermediate,resume_parse_mock
ST0550,SK027,Figma,beginner,resume_parse_mock
ST0550,SK054,Policy Analysis,beginner,resume_parse_mock
ST0550,SK047,Public Speaking,beginner,resume_parse_mock
ST0551,SK039,Case Interviewing,intermediate,resume_parse_mock
ST0551,SK002,Java,advanced,resume_parse_mock
ST0551,SK004,JavaScript,beginner,resume_parse_mock
ST0551,SK013,LLMs & AI Agents,beginner,resume_parse_mock
ST0551,SK020,Linux,beginner,resume_parse_mock
ST0551,SK011,Machine Learning,beginner,resume_parse_mock
ST0551,SK018,Network Security,intermediate,resume_parse_mock
ST0551,SK006,SQL,beginner,resume_parse_mock
ST0552,SK009,Data Structures & Algorithms,advanced,resume_parse_mock
ST0552,SK002,Java,advanced,resume_parse_mock
ST0552,SK004,JavaScript,intermediate,resume_parse_mock
ST0552,SK018,Network Security,advanced,resume_parse_mock
ST0552,SK019,Penetration Testing,intermediate,resume_parse_mock
ST0552,SK001,Python,intermediate,resume_parse_mock
ST0553,SK026,Lab Research Methods,intermediate,resume_parse_mock
ST0553,SK050,Leadership,intermediate,resume_parse_mock
ST0553,SK001,Python,advanced,resume_parse_mock
ST0553,SK016,Statistics,intermediate,resume_parse_mock
ST0553,SK051,Teamwork,advanced,resume_parse_mock
ST0554,SK050,Leadership,advanced,resume_parse_mock
ST0554,SK023,MATLAB,beginner,resume_parse_mock
ST0554,SK001,Python,beginner,resume_parse_mock
ST0554,SK016,Statistics,advanced,resume_parse_mock
ST0554,SK051,Teamwork,beginner,resume_parse_mock
ST0554,SK049,Technical Writing,intermediate,resume_parse_mock
ST0555,SK003,C/C++,advanced,resume_parse_mock
ST0555,SK024,Circuit Design,advanced,resume_parse_mock
ST0555,SK021,Embedded Systems,intermediate,resume_parse_mock
ST0555,SK023,MATLAB,beginner,resume_parse_mock
ST0556,SK032,Accounting Fundamentals,advanced,resume_parse_mock
ST0556,SK037,Auditing,advanced,resume_parse_mock
ST0556,SK029,Excel Modeling,advanced,resume_parse_mock
ST0556,SK036,Financial Statement Analysis,advanced,resume_parse_mock
ST0556,SK033,LBO Modeling,beginner,resume_parse_mock
ST0556,SK034,M&A Concepts,beginner,resume_parse_mock
ST0556,SK047,Public Speaking,beginner,resume_parse_mock
ST0557,SK040,Business Strategy,beginner,resume_parse_mock
ST0557,SK023,MATLAB,advanced,resume_parse_mock
ST0557,SK047,Public Speaking,advanced,resume_parse_mock
ST0557,SK016,Statistics,intermediate,resume_parse_mock
ST0558,SK009,Data Structures & Algorithms,beginner,resume_parse_mock
ST0558,SK050,Leadership,intermediate,resume_parse_mock
ST0558,SK053,Project Management,advanced,resume_parse_mock
ST0558,SK016,Statistics,beginner,resume_parse_mock
ST0558,SK010,System Design,beginner,resume_parse_mock
ST0559,SK040,Business Strategy,advanced,resume_parse_mock
ST0559,SK008,Cloud (AWS/Azure/GCP),advanced,resume_parse_mock
ST0559,SK029,Excel Modeling,advanced,resume_parse_mock
ST0559,SK038,Market Sizing,advanced,resume_parse_mock
ST0559,SK053,Project Management,beginner,resume_parse_mock
ST0560,SK052,Behavioral Interviewing,intermediate,resume_parse_mock
ST0560,SK031,DCF Valuation,beginner,resume_parse_mock
ST0560,SK027,Figma,advanced,resume_parse_mock
ST0560,SK036,Financial Statement Analysis,beginner,resume_parse_mock
ST0561,SK040,Business Strategy,beginner,resume_parse_mock
ST0561,SK050,Leadership,advanced,resume_parse_mock
ST0561,SK018,Network Security,advanced,resume_parse_mock
ST0561,SK019,Penetration Testing,beginner,resume_parse_mock
ST0561,SK041,Product Roadmapping,advanced,resume_parse_mock
ST0561,SK001,Python,advanced,resume_parse_mock
ST0561,SK014,Spark / Databricks,beginner,resume_parse_mock
ST0561,SK028,User Research,beginner,resume_parse_mock
ST0562,SK032,Accounting Fundamentals,beginner,resume_parse_mock
ST0562,SK037,Auditing,beginner,resume_parse_mock
ST0562,SK036,Financial Statement Analysis,advanced,resume_parse_mock
ST0562,SK033,LBO Modeling,beginner,resume_parse_mock
ST0562,SK050,Leadership,advanced,resume_parse_mock
ST0562,SK048,Networking,advanced,resume_parse_mock
ST0562,SK047,Public Speaking,advanced,resume_parse_mock
ST0563,SK007,Git,advanced,resume_parse_mock
ST0563,SK011,Machine Learning,advanced,resume_parse_mock
ST0563,SK047,Public Speaking,advanced,resume_parse_mock
ST0563,SK051,Teamwork,intermediate,resume_parse_mock
ST0563,SK028,User Research,intermediate,resume_parse_mock
ST0564,SK052,Behavioral Interviewing,beginner,resume_parse_mock
ST0564,SK012,Deep Learning,beginner,resume_parse_mock
ST0564,SK002,Java,advanced,resume_parse_mock
ST0564,SK046,Stochastic Calculus,advanced,resume_parse_mock
ST0564,SK051,Teamwork,intermediate,resume_parse_mock
ST0565,SK040,Business Strategy,intermediate,resume_parse_mock
ST0565,SK034,M&A Concepts,intermediate,resume_parse_mock
ST0565,SK011,Machine Learning,intermediate,resume_parse_mock
ST0565,SK038,Market Sizing,advanced,resume_parse_mock
ST0565,SK001,Python,beginner,resume_parse_mock
ST0565,SK006,SQL,beginner,resume_parse_mock
ST0565,SK051,Teamwork,advanced,resume_parse_mock
ST0566,SK039,Case Interviewing,beginner,resume_parse_mock
ST0566,SK008,Cloud (AWS/Azure/GCP),advanced,resume_parse_mock
ST0566,SK015,Data Visualization,intermediate,resume_parse_mock
ST0566,SK014,Spark / Databricks,advanced,resume_parse_mock
ST0567,SK040,Business Strategy,beginner,resume_parse_mock
ST0567,SK029,Excel Modeling,advanced,resume_parse_mock
ST0567,SK050,Leadership,intermediate,resume_parse_mock
ST0567,SK017,Tableau / Power BI,intermediate,resume_parse_mock
ST0568,SK052,Behavioral Interviewing,advanced,resume_parse_mock
ST0568,SK008,Cloud (AWS/Azure/GCP),beginner,resume_parse_mock
ST0568,SK007,Git,beginner,resume_parse_mock
ST0568,SK002,Java,advanced,resume_parse_mock
ST0568,SK013,LLMs & AI Agents,beginner,resume_parse_mock
ST0568,SK006,SQL,advanced,resume_parse_mock
ST0568,SK016,Statistics,beginner,resume_parse_mock
ST0569,SK040,Business Strategy,intermediate,resume_parse_mock
ST0569,SK029,Excel Modeling,intermediate,resume_parse_mock
ST0569,SK038,Market Sizing,beginner,resume_parse_mock
ST0569,SK018,Network Security,advanced,resume_parse_mock
ST0569,SK019,Penetration Testing,beginner,resume_parse_mock
ST0569,SK053,Project Management,advanced,resume_parse_mock
ST0569,SK047,Public Speaking,advanced,resume_parse_mock
ST0569,SK042,Supply Chain Analytics,beginner,resume_parse_mock
ST0570,SK052,Behavioral Interviewing,advanced,resume_parse_mock
ST0570,SK003,C/C++,intermediate,resume_parse_mock
ST0570,SK007,Git,beginner,resume_parse_mock
ST0570,SK002,Java,intermediate,resume_parse_mock
ST0570,SK050,Leadership,beginner,resume_parse_mock
ST0570,SK023,MATLAB,intermediate,resume_parse_mock
ST0571,SK039,Case Interviewing,advanced,resume_parse_mock
ST0571,SK009,Data Structures & Algorithms,intermediate,resume_parse_mock
ST0571,SK004,JavaScript,beginner,resume_parse_mock
ST0571,SK011,Machine Learning,intermediate,resume_parse_mock
ST0571,SK016,Statistics,beginner,resume_parse_mock
ST0571,SK046,Stochastic Calculus,intermediate,resume_parse_mock
ST0571,SK028,User Research,advanced,resume_parse_mock
ST0572,SK040,Business Strategy,advanced,resume_parse_mock
ST0572,SK029,Excel Modeling,advanced,resume_parse_mock
ST0572,SK050,Leadership,intermediate,resume_parse_mock
ST0572,SK053,Project Management,beginner,resume_parse_mock
ST0572,SK014,Spark / Databricks,beginner,resume_parse_mock
ST0572,SK042,Supply Chain Analytics,intermediate,resume_parse_mock
ST0572,SK017,Tableau / Power BI,beginner,resume_parse_mock
ST0573,SK022,CAD (SolidWorks),advanced,resume_parse_mock
ST0573,SK050,Leadership,intermediate,resume_parse_mock
ST0573,SK053,Project Management,intermediate,resume_parse_mock
ST0573,SK047,Public Speaking,beginner,resume_parse_mock
ST0573,SK025,Structural Analysis,intermediate,resume_parse_mock
ST0573,SK051,Teamwork,beginner,resume_parse_mock
ST0574,SK026,Lab Research Methods,intermediate,resume_parse_mock
ST0574,SK023,MATLAB,beginner,resume_parse_mock
ST0574,SK001,Python,intermediate,resume_parse_mock
ST0574,SK016,Statistics,beginner,resume_parse_mock
ST0574,SK049,Technical Writing,advanced,resume_parse_mock
ST0575,SK032,Accounting Fundamentals,beginner,resume_parse_mock
ST0575,SK037,Auditing,advanced,resume_parse_mock
ST0575,SK031,DCF Valuation,advanced,resume_parse_mock
ST0575,SK029,Excel Modeling,intermediate,resume_parse_mock
ST0575,SK030,Financial Modeling,advanced,resume_parse_mock
ST0575,SK051,Teamwork,beginner,resume_parse_mock
ST0576,SK039,Case Interviewing,advanced,resume_parse_mock
ST0576,SK038,Market Sizing,beginner,resume_parse_mock
ST0576,SK019,Penetration Testing,intermediate,resume_parse_mock
ST0576,SK001,Python,advanced,resume_parse_mock
ST0576,SK014,Spark / Databricks,intermediate,resume_parse_mock
ST0576,SK016,Statistics,intermediate,resume_parse_mock
ST0577,SK003,C/C++,beginner,resume_parse_mock
ST0577,SK015,Data Visualization,beginner,resume_parse_mock
ST0577,SK036,Financial Statement Analysis,advanced,resume_parse_mock
ST0577,SK011,Machine Learning,beginner,resume_parse_mock
ST0577,SK016,Statistics,intermediate,resume_parse_mock
ST0578,SK032,Accounting Fundamentals,intermediate,resume_parse_mock
ST0578,SK037,Auditing,advanced,resume_parse_mock
ST0578,SK031,DCF Valuation,beginner,resume_parse_mock
ST0578,SK029,Excel Modeling,intermediate,resume_parse_mock
ST0578,SK030,Financial Modeling,advanced,resume_parse_mock
ST0578,SK036,Financial Statement Analysis,beginner,resume_parse_mock
ST0578,SK038,Market Sizing,advanced,resume_parse_mock
ST0578,SK001,Python,intermediate,resume_parse_mock
ST0578,SK051,Teamwork,advanced,resume_parse_mock
ST0579,SK015,Data Visualization,intermediate,resume_parse_mock
ST0579,SK027,Figma,beginner,resume_parse_mock
ST0579,SK051,Teamwork,intermediate,resume_parse_mock
ST0579,SK049,Technical Writing,beginner,resume_parse_mock
ST0579,SK028,User Research,beginner,resume_parse_mock
ST0580,SK003,C/C++,intermediate,resume_parse_mock
ST0580,SK036,Financial Statement Analysis,advanced,resume_parse_mock
ST0580,SK002,Java,advanced,resume_parse_mock
ST0580,SK016,Statistics,intermediate,resume_parse_mock
ST0580,SK046,Stochastic Calculus,intermediate,resume_parse_mock
ST0580,SK010,System Design,beginner,resume_parse_mock
ST0581,SK050,Leadership,advanced,resume_parse_mock
ST0581,SK023,MATLAB,beginner,resume_parse_mock
ST0581,SK047,Public Speaking,beginner,resume_parse_mock
ST0581,SK049,Technical Writing,advanced,resume_parse_mock
ST0582,SK040,Business Strategy,intermediate,resume_parse_mock
ST0582,SK012,Deep Learning,beginner,resume_parse_mock
ST0582,SK004,JavaScript,advanced,resume_parse_mock
ST0583,SK039,Case Interviewing,beginner,resume_parse_mock
ST0583,SK009,Data Structures & Algorithms,intermediate,resume_parse_mock
ST0583,SK001,Python,beginner,resume_parse_mock
ST0583,SK051,Teamwork,intermediate,resume_parse_mock
ST0584,SK003,C/C++,beginner,resume_parse_mock
ST0584,SK008,Cloud (AWS/Azure/GCP),beginner,resume_parse_mock
ST0584,SK013,LLMs & AI Agents,intermediate,resume_parse_mock
ST0584,SK050,Leadership,advanced,resume_parse_mock
ST0584,SK011,Machine Learning,beginner,resume_parse_mock
ST0584,SK047,Public Speaking,intermediate,resume_parse_mock
ST0584,SK016,Statistics,beginner,resume_parse_mock
ST0585,SK015,Data Visualization,intermediate,resume_parse_mock
ST0585,SK004,JavaScript,intermediate,resume_parse_mock
ST0585,SK016,Statistics,advanced,resume_parse_mock
ST0585,SK051,Teamwork,advanced,resume_parse_mock
ST0585,SK028,User Research,advanced,resume_parse_mock
ST0586,SK003,C/C++,intermediate,resume_parse_mock
ST0586,SK024,Circuit Design,beginner,resume_parse_mock
ST0586,SK021,Embedded Systems,intermediate,resume_parse_mock
ST0586,SK023,MATLAB,beginner,resume_parse_mock
ST0586,SK051,Teamwork,intermediate,resume_parse_mock
ST0587,SK052,Behavioral Interviewing,advanced,resume_parse_mock
ST0587,SK029,Excel Modeling,advanced,resume_parse_mock
ST0587,SK038,Market Sizing,advanced,resume_parse_mock
ST0587,SK051,Teamwork,advanced,resume_parse_mock
ST0588,SK022,CAD (SolidWorks),advanced,resume_parse_mock
ST0588,SK023,MATLAB,beginner,resume_parse_mock
ST0588,SK053,Project Management,intermediate,resume_parse_mock
ST0588,SK047,Public Speaking,beginner,resume_parse_mock
ST0588,SK025,Structural Analysis,advanced,resume_parse_mock
ST0588,SK051,Teamwork,advanced,resume_parse_mock
ST0589,SK003,C/C++,intermediate,resume_parse_mock
ST0589,SK009,Data Structures & Algorithms,intermediate,resume_parse_mock
ST0589,SK050,Leadership,beginner,resume_parse_mock
ST0589,SK001,Python,intermediate,resume_parse_mock
ST0590,SK032,Accounting Fundamentals,beginner,resume_parse_mock
ST0590,SK037,Auditing,beginner,resume_parse_mock
ST0590,SK030,Financial Modeling,intermediate,resume_parse_mock
ST0590,SK050,Leadership,beginner,resume_parse_mock
ST0591,SK009,Data Structures & Algorithms,beginner,resume_parse_mock
ST0591,SK050,Leadership,advanced,resume_parse_mock
ST0591,SK001,Python,beginner,resume_parse_mock
ST0591,SK010,System Design,advanced,resume_parse_mock
ST0591,SK051,Teamwork,advanced,resume_parse_mock
ST0592,SK008,Cloud (AWS/Azure/GCP),beginner,resume_parse_mock
ST0592,SK001,Python,advanced,resume_parse_mock
ST0592,SK006,SQL,advanced,resume_parse_mock
ST0592,SK042,Supply Chain Analytics,beginner,resume_parse_mock
ST0592,SK017,Tableau / Power BI,intermediate,resume_parse_mock
ST0593,SK032,Accounting Fundamentals,intermediate,resume_parse_mock
ST0593,SK052,Behavioral Interviewing,advanced,resume_parse_mock
ST0593,SK030,Financial Modeling,beginner,resume_parse_mock
ST0593,SK036,Financial Statement Analysis,advanced,resume_parse_mock
ST0593,SK033,LBO Modeling,advanced,resume_parse_mock
ST0593,SK050,Leadership,beginner,resume_parse_mock
ST0593,SK051,Teamwork,advanced,resume_parse_mock
ST0594,SK030,Financial Modeling,advanced,resume_parse_mock
ST0594,SK050,Leadership,beginner,resume_parse_mock
ST0594,SK048,Networking,advanced,resume_parse_mock
ST0594,SK016,Statistics,beginner,resume_parse_mock
ST0595,SK029,Excel Modeling,intermediate,resume_parse_mock
ST0595,SK050,Leadership,intermediate,resume_parse_mock
ST0595,SK038,Market Sizing,advanced,resume_parse_mock
ST0595,SK053,Project Management,advanced,resume_parse_mock
ST0595,SK006,SQL,intermediate,resume_parse_mock
ST0595,SK042,Supply Chain Analytics,advanced,resume_parse_mock
ST0595,SK051,Teamwork,beginner,resume_parse_mock
ST0596,SK026,Lab Research Methods,intermediate,resume_parse_mock
ST0596,SK050,Leadership,advanced,resume_parse_mock
ST0596,SK023,MATLAB,advanced,resume_parse_mock
ST0596,SK047,Public Speaking,advanced,resume_parse_mock
ST0596,SK001,Python,intermediate,resume_parse_mock
ST0596,SK016,Statistics,beginner,resume_parse_mock
ST0596,SK051,Teamwork,advanced,resume_parse_mock
ST0597,SK008,Cloud (AWS/Azure/GCP),advanced,resume_parse_mock
ST0597,SK029,Excel Modeling,advanced,resume_parse_mock
ST0597,SK018,Network Security,beginner,resume_parse_mock
ST0597,SK041,Product Roadmapping,advanced,resume_parse_mock
ST0597,SK014,Spark / Databricks,beginner,resume_parse_mock
ST0597,SK017,Tableau / Power BI,advanced,resume_parse_mock
ST0597,SK028,User Research,advanced,resume_parse_mock
ST0598,SK032,Accounting Fundamentals,beginner,resume_parse_mock
ST0598,SK037,Auditing,beginner,resume_parse_mock
ST0598,SK052,Behavioral Interviewing,advanced,resume_parse_mock
ST0598,SK036,Financial Statement Analysis,advanced,resume_parse_mock
ST0598,SK033,LBO Modeling,intermediate,resume_parse_mock
ST0599,SK052,Behavioral Interviewing,advanced,resume_parse_mock
ST0599,SK029,Excel Modeling,beginner,resume_parse_mock
ST0599,SK047,Public Speaking,advanced,resume_parse_mock
ST0599,SK001,Python,advanced,resume_parse_mock
ST0599,SK014,Spark / Databricks,beginner,resume_parse_mock
ST0599,SK016,Statistics,intermediate,resume_parse_mock
ST0599,SK051,Teamwork,advanced,resume_parse_mock
ST0600,SK022,CAD (SolidWorks),advanced,resume_parse_mock
ST0600,SK050,Leadership,advanced,resume_parse_mock
ST0600,SK047,Public Speaking,advanced,resume_parse_mock
ST0600,SK025,Structural Analysis,advanced,resume_parse_mock
ST0600,SK051,Teamwork,advanced,resume_parse_mock
ST0601,SK015,Data Visualization,intermediate,resume_parse_mock
ST0601,SK027,Figma,intermediate,resume_parse_mock
ST0601,SK004,JavaScript,intermediate,resume_parse_mock
ST0601,SK050,Leadership,beginner,resume_parse_mock
ST0601,SK044,Market Research,beginner,resume_parse_mock
ST0601,SK047,Public Speaking,advanced,resume_parse_mock
ST0601,SK016,Statistics,beginner,resume_parse_mock
ST0601,SK049,Technical Writing,intermediate,resume_parse_mock
ST0601,SK028,User Research,intermediate,resume_parse_mock
ST0602,SK008,Cloud (AWS/Azure/GCP),advanced,resume_parse_mock
ST0602,SK029,Excel Modeling,intermediate,resume_parse_mock
ST0602,SK020,Linux,beginner,resume_parse_mock
ST0602,SK019,Penetration Testing,beginner,resume_parse_mock
ST0602,SK041,Product Roadmapping,advanced,resume_parse_mock
ST0602,SK053,Project Management,intermediate,resume_parse_mock
ST0602,SK006,SQL,advanced,resume_parse_mock
ST0602,SK042,Supply Chain Analytics,intermediate,resume_parse_mock
ST0603,SK039,Case Interviewing,intermediate,resume_parse_mock
ST0603,SK015,Data Visualization,intermediate,resume_parse_mock
ST0603,SK012,Deep Learning,beginner,resume_parse_mock
ST0603,SK027,Figma,intermediate,resume_parse_mock
ST0603,SK050,Leadership,intermediate,resume_parse_mock
ST0603,SK006,SQL,beginner,resume_parse_mock
ST0604,SK022,CAD (SolidWorks),intermediate,resume_parse_mock
ST0604,SK050,Leadership,beginner,resume_parse_mock
ST0604,SK023,MATLAB,intermediate,resume_parse_mock
ST0604,SK053,Project Management,intermediate,resume_parse_mock
ST0604,SK025,Structural Analysis,advanced,resume_parse_mock
ST0604,SK051,Teamwork,intermediate,resume_parse_mock
ST0604,SK049,Technical Writing,beginner,resume_parse_mock
ST0605,SK040,Business Strategy,intermediate,resume_parse_mock
ST0605,SK043,Digital Marketing,beginner,resume_parse_mock
ST0605,SK050,Leadership,beginner,resume_parse_mock
ST0605,SK044,Market Research,advanced,resume_parse_mock
ST0605,SK041,Product Roadmapping,beginner,resume_parse_mock
ST0605,SK028,User Research,advanced,resume_parse_mock
ST0606,SK026,Lab Research Methods,beginner,resume_parse_mock
ST0606,SK016,Statistics,advanced,resume_parse_mock
ST0606,SK051,Teamwork,intermediate,resume_parse_mock
ST0606,SK049,Technical Writing,advanced,resume_parse_mock
ST0607,SK039,Case Interviewing,advanced,resume_parse_mock
ST0607,SK050,Leadership,intermediate,resume_parse_mock
ST0607,SK023,MATLAB,advanced,resume_parse_mock
ST0607,SK006,SQL,beginner,resume_parse_mock
ST0607,SK025,Structural Analysis,beginner,resume_parse_mock
ST0607,SK017,Tableau / Power BI,advanced,resume_parse_mock
ST0608,SK052,Behavioral Interviewing,advanced,resume_parse_mock
ST0608,SK027,Figma,advanced,resume_parse_mock
ST0608,SK011,Machine Learning,intermediate,resume_parse_mock
ST0608,SK038,Market Sizing,advanced,resume_parse_mock
ST0608,SK006,SQL,advanced,resume_parse_mock
ST0609,SK008,Cloud (AWS/Azure/GCP),beginner,resume_parse_mock
ST0609,SK029,Excel Modeling,beginner,resume_parse_mock
ST0609,SK050,Leadership,beginner,resume_parse_mock
ST0609,SK053,Project Management,beginner,resume_parse_mock
ST0609,SK042,Supply Chain Analytics,beginner,resume_parse_mock
ST0610,SK015,Data Visualization,advanced,resume_parse_mock
ST0610,SK027,Figma,intermediate,resume_parse_mock
ST0610,SK004,JavaScript,beginner,resume_parse_mock
ST0610,SK044,Market Research,beginner,resume_parse_mock
ST0610,SK047,Public Speaking,advanced,resume_parse_mock
ST0610,SK051,Teamwork,advanced,resume_parse_mock
ST0610,SK028,User Research,advanced,resume_parse_mock
ST0611,SK039,Case Interviewing,advanced,resume_parse_mock
ST0611,SK015,Data Visualization,advanced,resume_parse_mock
ST0611,SK020,Linux,intermediate,resume_parse_mock
ST0611,SK019,Penetration Testing,advanced,resume_parse_mock
ST0611,SK001,Python,intermediate,resume_parse_mock
ST0611,SK006,SQL,advanced,resume_parse_mock
ST0612,SK013,LLMs & AI Agents,advanced,resume_parse_mock
ST0612,SK023,MATLAB,intermediate,resume_parse_mock
ST0612,SK047,Public Speaking,beginner,resume_parse_mock
ST0612,SK010,System Design,beginner,resume_parse_mock
ST0612,SK051,Teamwork,advanced,resume_parse_mock
ST0613,SK053,Project Management,advanced,resume_parse_mock
ST0613,SK025,Structural Analysis,intermediate,resume_parse_mock
ST0613,SK051,Teamwork,intermediate,resume_parse_mock
ST0613,SK049,Technical Writing,advanced,resume_parse_mock
ST0614,SK052,Behavioral Interviewing,advanced,resume_parse_mock
ST0614,SK008,Cloud (AWS/Azure/GCP),intermediate,resume_parse_mock
ST0614,SK012,Deep Learning,intermediate,resume_parse_mock
ST0614,SK006,SQL,intermediate,resume_parse_mock
ST0615,SK040,Business Strategy,beginner,resume_parse_mock
ST0615,SK023,MATLAB,beginner,resume_parse_mock
ST0615,SK038,Market Sizing,intermediate,resume_parse_mock
ST0615,SK053,Project Management,beginner,resume_parse_mock
ST0615,SK047,Public Speaking,intermediate,resume_parse_mock
ST0615,SK014,Spark / Databricks,beginner,resume_parse_mock
ST0616,SK009,Data Structures & Algorithms,intermediate,resume_parse_mock
ST0616,SK015,Data Visualization,intermediate,resume_parse_mock
ST0616,SK007,Git,intermediate,resume_parse_mock
ST0616,SK004,JavaScript,intermediate,resume_parse_mock
ST0616,SK050,Leadership,intermediate,resume_parse_mock
ST0616,SK001,Python,advanced,resume_parse_mock
ST0616,SK010,System Design,beginner,resume_parse_mock
ST0617,SK001,Python,intermediate,resume_parse_mock
ST0617,SK051,Teamwork,intermediate,resume_parse_mock
ST0617,SK049,Technical Writing,intermediate,resume_parse_mock
ST0618,SK009,Data Structures & Algorithms,advanced,resume_parse_mock
ST0618,SK007,Git,beginner,resume_parse_mock
ST0618,SK046,Stochastic Calculus,advanced,resume_parse_mock
ST0618,SK028,User Research,advanced,resume_parse_mock
ST0619,SK040,Business Strategy,beginner,resume_parse_mock
ST0619,SK030,Financial Modeling,intermediate,resume_parse_mock
ST0619,SK033,LBO Modeling,advanced,resume_parse_mock
ST0619,SK034,M&A Concepts,intermediate,resume_parse_mock
ST0619,SK047,Public Speaking,beginner,resume_parse_mock
ST0620,SK023,MATLAB,beginner,resume_parse_mock
ST0620,SK047,Public Speaking,intermediate,resume_parse_mock
ST0620,SK001,Python,advanced,resume_parse_mock
ST0621,SK008,Cloud (AWS/Azure/GCP),beginner,resume_parse_mock
ST0621,SK009,Data Structures & Algorithms,beginner,resume_parse_mock
ST0621,SK002,Java,advanced,resume_parse_mock
ST0621,SK018,Network Security,beginner,resume_parse_mock
ST0621,SK010,System Design,advanced,resume_parse_mock
ST0621,SK051,Teamwork,beginner,resume_parse_mock
ST0622,SK050,Leadership,intermediate,resume_parse_mock
ST0622,SK020,Linux,intermediate,resume_parse_mock
ST0622,SK019,Penetration Testing,advanced,resume_parse_mock
ST0622,SK053,Project Management,beginner,resume_parse_mock
ST0622,SK001,Python,advanced,resume_parse_mock
ST0622,SK006,SQL,advanced,resume_parse_mock
ST0622,SK014,Spark / Databricks,advanced,resume_parse_mock
ST0622,SK042,Supply Chain Analytics,beginner,resume_parse_mock
ST0622,SK051,Teamwork,intermediate,resume_parse_mock
ST0622,SK028,User Research,beginner,resume_parse_mock
ST0623,SK030,Financial Modeling,beginner,resume_parse_mock
ST0623,SK054,Policy Analysis,beginner,resume_parse_mock
ST0623,SK047,Public Speaking,advanced,resume_parse_mock
ST0623,SK016,Statistics,beginner,resume_parse_mock
ST0624,SK022,CAD (SolidWorks),intermediate,resume_parse_mock
ST0624,SK023,MATLAB,beginner,resume_parse_mock
ST0624,SK053,Project Management,beginner,resume_parse_mock
ST0624,SK047,Public Speaking,intermediate,resume_parse_mock
ST0624,SK025,Structural Analysis,intermediate,resume_parse_mock
ST0624,SK051,Teamwork,intermediate,resume_parse_mock
ST0624,SK049,Technical Writing,beginner,resume_parse_mock
ST0625,SK040,Business Strategy,intermediate,resume_parse_mock
ST0625,SK031,DCF Valuation,advanced,resume_parse_mock
ST0625,SK029,Excel Modeling,beginner,resume_parse_mock
ST0625,SK030,Financial Modeling,advanced,resume_parse_mock
ST0625,SK050,Leadership,intermediate,resume_parse_mock
ST0625,SK048,Networking,intermediate,resume_parse_mock
ST0625,SK051,Teamwork,advanced,resume_parse_mock
ST0626,SK003,C/C++,advanced,resume_parse_mock
ST0626,SK024,Circuit Design,advanced,resume_parse_mock
ST0626,SK021,Embedded Systems,beginner,resume_parse_mock
ST0626,SK050,Leadership,beginner,resume_parse_mock
ST0626,SK023,MATLAB,beginner,resume_parse_mock
ST0626,SK047,Public Speaking,advanced,resume_parse_mock
ST0627,SK037,Auditing,intermediate,resume_parse_mock
ST0627,SK030,Financial Modeling,beginner,resume_parse_mock
ST0627,SK036,Financial Statement Analysis,beginner,resume_parse_mock
ST0627,SK033,LBO Modeling,advanced,resume_parse_mock
ST0627,SK050,Leadership,advanced,resume_parse_mock
ST0627,SK047,Public Speaking,beginner,resume_parse_mock
ST0627,SK051,Teamwork,beginner,resume_parse_mock
ST0628,SK039,Case Interviewing,intermediate,resume_parse_mock
ST0628,SK029,Excel Modeling,intermediate,resume_parse_mock
ST0628,SK050,Leadership,beginner,resume_parse_mock
ST0628,SK006,SQL,intermediate,resume_parse_mock
ST0628,SK042,Supply Chain Analytics,beginner,resume_parse_mock
ST0628,SK017,Tableau / Power BI,intermediate,resume_parse_mock
ST0629,SK003,C/C++,advanced,resume_parse_mock
ST0629,SK021,Embedded Systems,intermediate,resume_parse_mock
ST0629,SK050,Leadership,advanced,resume_parse_mock
ST0629,SK047,Public Speaking,beginner,resume_parse_mock
ST0629,SK051,Teamwork,intermediate,resume_parse_mock
ST0630,SK052,Behavioral Interviewing,beginner,resume_parse_mock
ST0630,SK020,Linux,intermediate,resume_parse_mock
ST0630,SK011,Machine Learning,intermediate,resume_parse_mock
ST0630,SK047,Public Speaking,beginner,resume_parse_mock
ST0630,SK001,Python,intermediate,resume_parse_mock
ST0630,SK010,System Design,beginner,resume_parse_mock
ST0631,SK040,Business Strategy,beginner,resume_parse_mock
ST0631,SK041,Product Roadmapping,beginner,resume_parse_mock
ST0631,SK051,Teamwork,beginner,resume_parse_mock
ST0632,SK003,C/C++,advanced,resume_parse_mock
ST0632,SK024,Circuit Design,advanced,resume_parse_mock
ST0632,SK021,Embedded Systems,beginner,resume_parse_mock
ST0632,SK050,Leadership,intermediate,resume_parse_mock
ST0632,SK023,MATLAB,advanced,resume_parse_mock
ST0632,SK047,Public Speaking,beginner,resume_parse_mock
ST0632,SK051,Teamwork,beginner,resume_parse_mock
ST0633,SK004,JavaScript,advanced,resume_parse_mock
ST0633,SK050,Leadership,advanced,resume_parse_mock
ST0633,SK047,Public Speaking,beginner,resume_parse_mock
ST0633,SK016,Statistics,beginner,resume_parse_mock
ST0633,SK051,Teamwork,beginner,resume_parse_mock
ST0634,SK052,Behavioral Interviewing,advanced,resume_parse_mock
ST0634,SK033,LBO Modeling,intermediate,resume_parse_mock
ST0634,SK023,MATLAB,beginner,resume_parse_mock
ST0634,SK011,Machine Learning,intermediate,resume_parse_mock
ST0634,SK018,Network Security,advanced,resume_parse_mock
ST0634,SK019,Penetration Testing,intermediate,resume_parse_mock
ST0634,SK051,Teamwork,advanced,resume_parse_mock
ST0635,SK047,Public Speaking,advanced,resume_parse_mock
ST0635,SK051,Teamwork,intermediate,resume_parse_mock
ST0635,SK049,Technical Writing,intermediate,resume_parse_mock
ST0636,SK050,Leadership,intermediate,resume_parse_mock
ST0636,SK054,Policy Analysis,beginner,resume_parse_mock
ST0636,SK047,Public Speaking,beginner,resume_parse_mock
ST0636,SK016,Statistics,beginner,resume_parse_mock
ST0636,SK051,Teamwork,beginner,resume_parse_mock
ST0637,SK032,Accounting Fundamentals,advanced,resume_parse_mock
ST0637,SK039,Case Interviewing,beginner,resume_parse_mock
ST0637,SK031,DCF Valuation,advanced,resume_parse_mock
ST0637,SK036,Financial Statement Analysis,intermediate,resume_parse_mock
ST0637,SK033,LBO Modeling,beginner,resume_parse_mock
ST0637,SK016,Statistics,advanced,resume_parse_mock
ST0638,SK037,Auditing,beginner,resume_parse_mock
ST0638,SK052,Behavioral Interviewing,beginner,resume_parse_mock
ST0638,SK029,Excel Modeling,advanced,resume_parse_mock
ST0638,SK033,LBO Modeling,intermediate,resume_parse_mock
ST0638,SK038,Market Sizing,advanced,resume_parse_mock
ST0638,SK048,Networking,intermediate,resume_parse_mock
ST0638,SK001,Python,advanced,resume_parse_mock
ST0639,SK026,Lab Research Methods,beginner,resume_parse_mock
ST0639,SK050,Leadership,intermediate,resume_parse_mock
ST0639,SK001,Python,intermediate,resume_parse_mock
ST0639,SK016,Statistics,beginner,resume_parse_mock
ST0640,SK026,Lab Research Methods,advanced,resume_parse_mock
ST0640,SK050,Leadership,intermediate,resume_parse_mock
ST0640,SK023,MATLAB,intermediate,resume_parse_mock
ST0640,SK001,Python,advanced,resume_parse_mock
ST0640,SK016,Statistics,advanced,resume_parse_mock
ST0640,SK051,Teamwork,advanced,resume_parse_mock
ST0640,SK049,Technical Writing,beginner,resume_parse_mock
ST0641,SK040,Business Strategy,beginner,resume_parse_mock
ST0641,SK039,Case Interviewing,intermediate,resume_parse_mock
ST0641,SK029,Excel Modeling,beginner,resume_parse_mock
ST0641,SK047,Public Speaking,beginner,resume_parse_mock
ST0641,SK014,Spark / Databricks,intermediate,resume_parse_mock
ST0642,SK022,CAD (SolidWorks),beginner,resume_parse_mock
ST0642,SK053,Project Management,beginner,resume_parse_mock
ST0642,SK047,Public Speaking,intermediate,resume_parse_mock
ST0642,SK025,Structural Analysis,beginner,resume_parse_mock
ST0642,SK051,Teamwork,beginner,resume_parse_mock
ST0642,SK049,Technical Writing,advanced,resume_parse_mock
ST0643,SK029,Excel Modeling,intermediate,resume_parse_mock
ST0643,SK033,LBO Modeling,advanced,resume_parse_mock
ST0643,SK050,Leadership,intermediate,resume_parse_mock
ST0643,SK038,Market Sizing,advanced,resume_parse_mock
ST0643,SK047,Public Speaking,advanced,resume_parse_mock
ST0643,SK001,Python,intermediate,resume_parse_mock
ST0643,SK016,Statistics,advanced,resume_parse_mock
ST0644,SK003,C/C++,advanced,resume_parse_mock
ST0644,SK009,Data Structures & Algorithms,advanced,resume_parse_mock
ST0644,SK013,LLMs & AI Agents,intermediate,resume_parse_mock
ST0644,SK047,Public Speaking,beginner,resume_parse_mock
ST0644,SK001,Python,advanced,resume_parse_mock
ST0644,SK051,Teamwork,advanced,resume_parse_mock
ST0645,SK029,Excel Modeling,beginner,resume_parse_mock
ST0645,SK023,MATLAB,beginner,resume_parse_mock
ST0645,SK053,Project Management,beginner,resume_parse_mock
ST0645,SK006,SQL,advanced,resume_parse_mock
ST0645,SK014,Spark / Databricks,advanced,resume_parse_mock
ST0645,SK025,Structural Analysis,beginner,resume_parse_mock
ST0645,SK051,Teamwork,advanced,resume_parse_mock
ST0645,SK049,Technical Writing,advanced,resume_parse_mock
ST0646,SK022,CAD (SolidWorks),beginner,resume_parse_mock
ST0646,SK053,Project Management,beginner,resume_parse_mock
ST0646,SK025,Structural Analysis,intermediate,resume_parse_mock
ST0646,SK051,Teamwork,beginner,resume_parse_mock
ST0647,SK022,CAD (SolidWorks),advanced,resume_parse_mock
ST0647,SK050,Leadership,beginner,resume_parse_mock
ST0647,SK023,MATLAB,beginner,resume_parse_mock
ST0647,SK053,Project Management,advanced,resume_parse_mock
ST0647,SK047,Public Speaking,intermediate,resume_parse_mock
ST0647,SK025,Structural Analysis,advanced,resume_parse_mock
ST0647,SK051,Teamwork,beginner,resume_parse_mock
ST0647,SK049,Technical Writing,beginner,resume_parse_mock
ST0648,SK052,Behavioral Interviewing,intermediate,resume_parse_mock
ST0648,SK039,Case Interviewing,beginner,resume_parse_mock
ST0648,SK029,Excel Modeling,advanced,resume_parse_mock
ST0648,SK036,Financial Statement Analysis,beginner,resume_parse_mock
ST0648,SK033,LBO Modeling,intermediate,resume_parse_mock
ST0648,SK048,Networking,beginner,resume_parse_mock
ST0648,SK016,Statistics,beginner,resume_parse_mock
ST0649,SK039,Case Interviewing,beginner,resume_parse_mock
ST0649,SK029,Excel Modeling,beginner,resume_parse_mock
ST0649,SK030,Financial Modeling,advanced,resume_parse_mock
ST0649,SK036,Financial Statement Analysis,beginner,resume_parse_mock
ST0649,SK011,Machine Learning,advanced,resume_parse_mock
ST0649,SK038,Market Sizing,advanced,resume_parse_mock
ST0649,SK048,Networking,advanced,resume_parse_mock
ST0649,SK001,Python,advanced,resume_parse_mock
ST0650,SK026,Lab Research Methods,advanced,resume_parse_mock
ST0650,SK050,Leadership,advanced,resume_parse_mock
ST0650,SK023,MATLAB,intermediate,resume_parse_mock
ST0650,SK047,Public Speaking,beginner,resume_parse_mock
ST0650,SK016,Statistics,advanced,resume_parse_mock
ST0650,SK051,Teamwork,advanced,resume_parse_mock
ST0651,SK040,Business Strategy,intermediate,resume_parse_mock
ST0651,SK039,Case Interviewing,beginner,resume_parse_mock
ST0651,SK029,Excel Modeling,intermediate,resume_parse_mock
ST0651,SK036,Financial Statement Analysis,advanced,resume_parse_mock
ST0651,SK034,M&A Concepts,advanced,resume_parse_mock
ST0651,SK038,Market Sizing,beginner,resume_parse_mock
ST0651,SK047,Public Speaking,intermediate,resume_parse_mock
ST0651,SK051,Teamwork,intermediate,resume_parse_mock
ST0652,SK022,CAD (SolidWorks),advanced,resume_parse_mock
ST0652,SK050,Leadership,advanced,resume_parse_mock
ST0652,SK047,Public Speaking,beginner,resume_parse_mock
ST0652,SK051,Teamwork,beginner,resume_parse_mock
ST0653,SK026,Lab Research Methods,intermediate,resume_parse_mock
ST0653,SK023,MATLAB,intermediate,resume_parse_mock
ST0653,SK047,Public Speaking,advanced,resume_parse_mock
ST0653,SK051,Teamwork,intermediate,resume_parse_mock
ST0654,SK041,Product Roadmapping,beginner,resume_parse_mock
ST0654,SK047,Public Speaking,beginner,resume_parse_mock
ST0654,SK006,SQL,advanced,resume_parse_mock
ST0654,SK051,Teamwork,intermediate,resume_parse_mock
ST0655,SK026,Lab Research Methods,beginner,resume_parse_mock
ST0655,SK050,Leadership,intermediate,resume_parse_mock
ST0655,SK047,Public Speaking,advanced,resume_parse_mock
ST0656,SK053,Project Management,advanced,resume_parse_mock
ST0656,SK047,Public Speaking,beginner,resume_parse_mock
ST0656,SK025,Structural Analysis,advanced,resume_parse_mock
ST0656,SK049,Technical Writing,intermediate,resume_parse_mock
ST0657,SK052,Behavioral Interviewing,intermediate,resume_parse_mock
ST0657,SK031,DCF Valuation,beginner,resume_parse_mock
ST0657,SK048,Networking,intermediate,resume_parse_mock
ST0657,SK016,Statistics,beginner,resume_parse_mock
ST0658,SK040,Business Strategy,intermediate,resume_parse_mock
ST0658,SK022,CAD (SolidWorks),intermediate,resume_parse_mock
ST0658,SK050,Leadership,advanced,resume_parse_mock
ST0658,SK038,Market Sizing,advanced,resume_parse_mock
ST0658,SK053,Project Management,beginner,resume_parse_mock
ST0658,SK042,Supply Chain Analytics,intermediate,resume_parse_mock
ST0659,SK008,Cloud (AWS/Azure/GCP),beginner,resume_parse_mock
ST0659,SK009,Data Structures & Algorithms,beginner,resume_parse_mock
ST0659,SK002,Java,intermediate,resume_parse_mock
ST0659,SK019,Penetration Testing,advanced,resume_parse_mock
ST0659,SK047,Public Speaking,intermediate,resume_parse_mock
ST0659,SK016,Statistics,advanced,resume_parse_mock
ST0659,SK028,User Research,intermediate,resume_parse_mock
ST0660,SK029,Excel Modeling,advanced,resume_parse_mock
ST0660,SK020,Linux,advanced,resume_parse_mock
ST0660,SK047,Public Speaking,intermediate,resume_parse_mock
ST0661,SK008,Cloud (AWS/Azure/GCP),advanced,resume_parse_mock
ST0661,SK012,Deep Learning,advanced,resume_parse_mock
ST0661,SK002,Java,intermediate,resume_parse_mock
ST0661,SK011,Machine Learning,advanced,resume_parse_mock
ST0661,SK006,SQL,intermediate,resume_parse_mock
ST0661,SK016,Statistics,intermediate,resume_parse_mock
ST0661,SK010,System Design,intermediate,resume_parse_mock
ST0662,SK015,Data Visualization,intermediate,resume_parse_mock
ST0662,SK043,Digital Marketing,beginner,resume_parse_mock
ST0662,SK050,Leadership,intermediate,resume_parse_mock
ST0662,SK047,Public Speaking,beginner,resume_parse_mock
ST0663,SK008,Cloud (AWS/Azure/GCP),intermediate,resume_parse_mock
ST0663,SK038,Market Sizing,intermediate,resume_parse_mock
ST0663,SK041,Product Roadmapping,beginner,resume_parse_mock
ST0663,SK042,Supply Chain Analytics,advanced,resume_parse_mock
ST0663,SK051,Teamwork,advanced,resume_parse_mock
ST0664,SK052,Behavioral Interviewing,intermediate,resume_parse_mock
ST0664,SK007,Git,beginner,resume_parse_mock
ST0664,SK002,Java,advanced,resume_parse_mock
ST0664,SK047,Public Speaking,advanced,resume_parse_mock
ST0664,SK014,Spark / Databricks,intermediate,resume_parse_mock
ST0664,SK051,Teamwork,beginner,resume_parse_mock
ST0665,SK008,Cloud (AWS/Azure/GCP),intermediate,resume_parse_mock
ST0665,SK015,Data Visualization,beginner,resume_parse_mock
ST0665,SK002,Java,intermediate,resume_parse_mock
ST0665,SK050,Leadership,beginner,resume_parse_mock
ST0665,SK011,Machine Learning,intermediate,resume_parse_mock
ST0665,SK047,Public Speaking,intermediate,resume_parse_mock
ST0665,SK014,Spark / Databricks,beginner,resume_parse_mock
ST0665,SK028,User Research,advanced,resume_parse_mock
ST0666,SK026,Lab Research Methods,beginner,resume_parse_mock
ST0666,SK047,Public Speaking,advanced,resume_parse_mock
ST0666,SK001,Python,advanced,resume_parse_mock
ST0666,SK049,Technical Writing,advanced,resume_parse_mock
ST0667,SK037,Auditing,advanced,resume_parse_mock
ST0667,SK040,Business Strategy,beginner,resume_parse_mock
ST0667,SK048,Networking,beginner,resume_parse_mock
ST0667,SK016,Statistics,advanced,resume_parse_mock
ST0668,SK050,Leadership,intermediate,resume_parse_mock
ST0668,SK023,MATLAB,beginner,resume_parse_mock
ST0668,SK047,Public Speaking,beginner,resume_parse_mock
ST0668,SK025,Structural Analysis,beginner,resume_parse_mock
ST0668,SK051,Teamwork,intermediate,resume_parse_mock
ST0668,SK049,Technical Writing,advanced,resume_parse_mock
ST0669,SK052,Behavioral Interviewing,intermediate,resume_parse_mock
ST0669,SK003,C/C++,advanced,resume_parse_mock
ST0669,SK008,Cloud (AWS/Azure/GCP),beginner,resume_parse_mock
ST0669,SK021,Embedded Systems,intermediate,resume_parse_mock
ST0669,SK019,Penetration Testing,advanced,resume_parse_mock
ST0669,SK001,Python,intermediate,resume_parse_mock
ST0670,SK009,Data Structures & Algorithms,advanced,resume_parse_mock
ST0670,SK015,Data Visualization,advanced,resume_parse_mock
ST0670,SK050,Leadership,beginner,resume_parse_mock
ST0670,SK014,Spark / Databricks,advanced,resume_parse_mock
ST0670,SK016,Statistics,beginner,resume_parse_mock
ST0670,SK046,Stochastic Calculus,advanced,resume_parse_mock
ST0671,SK022,CAD (SolidWorks),beginner,resume_parse_mock
ST0671,SK047,Public Speaking,advanced,resume_parse_mock
ST0671,SK049,Technical Writing,beginner,resume_parse_mock
ST0672,SK022,CAD (SolidWorks),intermediate,resume_parse_mock
ST0672,SK050,Leadership,advanced,resume_parse_mock
ST0672,SK023,MATLAB,advanced,resume_parse_mock
ST0672,SK047,Public Speaking,beginner,resume_parse_mock
ST0672,SK025,Structural Analysis,advanced,resume_parse_mock
ST0672,SK051,Teamwork,advanced,resume_parse_mock
ST0672,SK049,Technical Writing,intermediate,resume_parse_mock
ST0673,SK032,Accounting Fundamentals,advanced,resume_parse_mock
ST0673,SK039,Case Interviewing,intermediate,resume_parse_mock
ST0673,SK029,Excel Modeling,advanced,resume_parse_mock
ST0673,SK036,Financial Statement Analysis,beginner,resume_parse_mock
ST0673,SK033,LBO Modeling,advanced,resume_parse_mock
ST0673,SK038,Market Sizing,advanced,resume_parse_mock
ST0674,SK007,Git,intermediate,resume_parse_mock
ST0674,SK018,Network Security,advanced,resume_parse_mock
ST0674,SK053,Project Management,advanced,resume_parse_mock
ST0674,SK047,Public Speaking,intermediate,resume_parse_mock
ST0674,SK014,Spark / Databricks,advanced,resume_parse_mock
ST0675,SK003,C/C++,beginner,resume_parse_mock
ST0675,SK004,JavaScript,beginner,resume_parse_mock
ST0675,SK013,LLMs & AI Agents,beginner,resume_parse_mock
ST0675,SK019,Penetration Testing,advanced,resume_parse_mock
ST0675,SK041,Product Roadmapping,intermediate,resume_parse_mock
ST0675,SK047,Public Speaking,beginner,resume_parse_mock
ST0675,SK046,Stochastic Calculus,intermediate,resume_parse_mock
ST0676,SK015,Data Visualization,advanced,resume_parse_mock
ST0676,SK001,Python,intermediate,resume_parse_mock
ST0676,SK006,SQL,intermediate,resume_parse_mock
ST0676,SK016,Statistics,intermediate,resume_parse_mock
ST0677,SK024,Circuit Design,intermediate,resume_parse_mock
ST0677,SK021,Embedded Systems,advanced,resume_parse_mock
ST0677,SK023,MATLAB,beginner,resume_parse_mock
ST0677,SK047,Public Speaking,beginner,resume_parse_mock
ST0677,SK051,Teamwork,beginner,resume_parse_mock
ST0678,SK022,CAD (SolidWorks),beginner,resume_parse_mock
ST0678,SK039,Case Interviewing,advanced,resume_parse_mock
ST0678,SK047,Public Speaking,advanced,resume_parse_mock
ST0678,SK006,SQL,intermediate,resume_parse_mock
ST0678,SK051,Teamwork,beginner,resume_parse_mock
ST0678,SK049,Technical Writing,advanced,resume_parse_mock
ST0679,SK027,Figma,advanced,resume_parse_mock
ST0679,SK004,JavaScript,intermediate,resume_parse_mock
ST0679,SK013,LLMs & AI Agents,advanced,resume_parse_mock
ST0679,SK020,Linux,beginner,resume_parse_mock
ST0679,SK011,Machine Learning,advanced,resume_parse_mock
ST0679,SK018,Network Security,beginner,resume_parse_mock
ST0679,SK041,Product Roadmapping,beginner,resume_parse_mock
ST0679,SK046,Stochastic Calculus,advanced,resume_parse_mock
ST0679,SK010,System Design,intermediate,resume_parse_mock
ST0680,SK053,Project Management,intermediate,resume_parse_mock
ST0680,SK047,Public Speaking,beginner,resume_parse_mock
ST0680,SK006,SQL,intermediate,resume_parse_mock
ST0680,SK028,User Research,intermediate,resume_parse_mock
ST0681,SK003,C/C++,beginner,resume_parse_mock
ST0681,SK012,Deep Learning,beginner,resume_parse_mock
ST0681,SK023,MATLAB,beginner,resume_parse_mock
ST0681,SK019,Penetration Testing,advanced,resume_parse_mock
ST0682,SK050,Leadership,advanced,resume_parse_mock
ST0682,SK054,Policy Analysis,beginner,resume_parse_mock
ST0682,SK047,Public Speaking,beginner,resume_parse_mock
ST0682,SK016,Statistics,advanced,resume_parse_mock
ST0682,SK051,Teamwork,intermediate,resume_parse_mock
ST0682,SK049,Technical Writing,beginner,resume_parse_mock
ST0683,SK032,Accounting Fundamentals,advanced,resume_parse_mock
ST0683,SK031,DCF Valuation,intermediate,resume_parse_mock
ST0683,SK033,LBO Modeling,beginner,resume_parse_mock
ST0683,SK050,Leadership,intermediate,resume_parse_mock
ST0683,SK048,Networking,advanced,resume_parse_mock
ST0683,SK047,Public Speaking,beginner,resume_parse_mock
ST0683,SK051,Teamwork,intermediate,resume_parse_mock
ST0684,SK009,Data Structures & Algorithms,beginner,resume_parse_mock
ST0684,SK050,Leadership,intermediate,resume_parse_mock
ST0684,SK023,MATLAB,intermediate,resume_parse_mock
ST0684,SK019,Penetration Testing,beginner,resume_parse_mock
ST0685,SK012,Deep Learning,intermediate,resume_parse_mock
ST0685,SK018,Network Security,beginner,resume_parse_mock
ST0685,SK046,Stochastic Calculus,advanced,resume_parse_mock
ST0685,SK051,Teamwork,intermediate,resume_parse_mock
ST0686,SK030,Financial Modeling,advanced,resume_parse_mock
ST0686,SK033,LBO Modeling,beginner,resume_parse_mock
ST0686,SK047,Public Speaking,intermediate,resume_parse_mock
ST0687,SK047,Public Speaking,intermediate,resume_parse_mock
ST0687,SK001,Python,advanced,resume_parse_mock
ST0687,SK016,Statistics,advanced,resume_parse_mock
ST0687,SK051,Teamwork,intermediate,resume_parse_mock
ST0688,SK009,Data Structures & Algorithms,intermediate,resume_parse_mock
ST0688,SK036,Financial Statement Analysis,advanced,resume_parse_mock
ST0688,SK007,Git,intermediate,resume_parse_mock
ST0688,SK050,Leadership,intermediate,resume_parse_mock
ST0688,SK047,Public Speaking,beginner,resume_parse_mock
ST0688,SK001,Python,beginner,resume_parse_mock
ST0688,SK016,Statistics,beginner,resume_parse_mock
ST0689,SK003,C/C++,advanced,resume_parse_mock
ST0689,SK009,Data Structures & Algorithms,beginner,resume_parse_mock
ST0689,SK015,Data Visualization,beginner,resume_parse_mock
ST0689,SK047,Public Speaking,advanced,resume_parse_mock
ST0689,SK014,Spark / Databricks,intermediate,resume_parse_mock
ST0689,SK016,Statistics,advanced,resume_parse_mock
ST0689,SK046,Stochastic Calculus,advanced,resume_parse_mock
ST0690,SK020,Linux,beginner,resume_parse_mock
ST0690,SK041,Product Roadmapping,intermediate,resume_parse_mock
ST0690,SK001,Python,beginner,resume_parse_mock
ST0690,SK051,Teamwork,advanced,resume_parse_mock
ST0691,SK032,Accounting Fundamentals,intermediate,resume_parse_mock
ST0691,SK052,Behavioral Interviewing,advanced,resume_parse_mock
ST0691,SK036,Financial Statement Analysis,advanced,resume_parse_mock
ST0691,SK033,LBO Modeling,beginner,resume_parse_mock
ST0691,SK047,Public Speaking,advanced,resume_parse_mock
ST0691,SK001,Python,intermediate,resume_parse_mock
ST0692,SK008,Cloud (AWS/Azure/GCP),intermediate,resume_parse_mock
ST0692,SK002,Java,intermediate,resume_parse_mock
ST0692,SK023,MATLAB,advanced,resume_parse_mock
ST0692,SK019,Penetration Testing,advanced,resume_parse_mock
ST0692,SK010,System Design,intermediate,resume_parse_mock
ST0693,SK037,Auditing,beginner,resume_parse_mock
ST0693,SK038,Market Sizing,advanced,resume_parse_mock
ST0693,SK048,Networking,beginner,resume_parse_mock
ST0693,SK047,Public Speaking,advanced,resume_parse_mock
ST0693,SK001,Python,advanced,resume_parse_mock
ST0694,SK037,Auditing,beginner,resume_parse_mock
ST0694,SK052,Behavioral Interviewing,advanced,resume_parse_mock
ST0694,SK029,Excel Modeling,advanced,resume_parse_mock
ST0694,SK038,Market Sizing,advanced,resume_parse_mock
ST0694,SK048,Networking,beginner,resume_parse_mock
ST0694,SK016,Statistics,beginner,resume_parse_mock
ST0695,SK039,Case Interviewing,beginner,resume_parse_mock
ST0695,SK030,Financial Modeling,intermediate,resume_parse_mock
ST0695,SK033,LBO Modeling,intermediate,resume_parse_mock
ST0695,SK048,Networking,intermediate,resume_parse_mock
ST0695,SK054,Policy Analysis,beginner,resume_parse_mock
ST0696,SK026,Lab Research Methods,beginner,resume_parse_mock
ST0696,SK050,Leadership,beginner,resume_parse_mock
ST0696,SK001,Python,beginner,resume_parse_mock
ST0696,SK016,Statistics,beginner,resume_parse_mock
ST0696,SK051,Teamwork,advanced,resume_parse_mock
ST0696,SK049,Technical Writing,intermediate,resume_parse_mock
ST0697,SK047,Public Speaking,intermediate,resume_parse_mock
ST0697,SK001,Python,beginner,resume_parse_mock
ST0697,SK016,Statistics,intermediate,resume_parse_mock
ST0697,SK051,Teamwork,advanced,resume_parse_mock
ST0697,SK049,Technical Writing,advanced,resume_parse_mock
ST0698,SK003,C/C++,intermediate,resume_parse_mock
ST0698,SK011,Machine Learning,advanced,resume_parse_mock
ST0698,SK047,Public Speaking,intermediate,resume_parse_mock
ST0698,SK001,Python,beginner,resume_parse_mock
ST0698,SK006,SQL,advanced,resume_parse_mock
ST0699,SK009,Data Structures & Algorithms,beginner,resume_parse_mock
ST0699,SK002,Java,intermediate,resume_parse_mock
ST0699,SK018,Network Security,beginner,resume_parse_mock
ST0699,SK001,Python,advanced,resume_parse_mock
ST0699,SK006,SQL,advanced,resume_parse_mock
ST0700,SK015,Data Visualization,advanced,resume_parse_mock
ST0700,SK050,Leadership,intermediate,resume_parse_mock
ST0700,SK011,Machine Learning,intermediate,resume_parse_mock
ST0700,SK044,Market Research,beginner,resume_parse_mock
ST0700,SK047,Public Speaking,beginner,resume_parse_mock
ST0700,SK010,System Design,intermediate,resume_parse_mock
ST0701,SK003,C/C++,beginner,resume_parse_mock
ST0701,SK009,Data Structures & Algorithms,beginner,resume_parse_mock
ST0701,SK012,Deep Learning,beginner,resume_parse_mock
ST0701,SK002,Java,beginner,resume_parse_mock
ST0701,SK004,JavaScript,intermediate,resume_parse_mock
ST0701,SK047,Public Speaking,intermediate,resume_parse_mock
ST0701,SK051,Teamwork,beginner,resume_parse_mock
ST0701,SK028,User Research,advanced,resume_parse_mock
ST0702,SK020,Linux,beginner,resume_parse_mock
ST0702,SK023,MATLAB,advanced,resume_parse_mock
ST0702,SK011,Machine Learning,advanced,resume_parse_mock
ST0702,SK018,Network Security,intermediate,resume_parse_mock
ST0702,SK010,System Design,advanced,resume_parse_mock
ST0703,SK015,Data Visualization,intermediate,resume_parse_mock
ST0703,SK036,Financial Statement Analysis,advanced,resume_parse_mock
ST0703,SK034,M&A Concepts,beginner,resume_parse_mock
ST0703,SK054,Policy Analysis,beginner,resume_parse_mock
ST0704,SK037,Auditing,advanced,resume_parse_mock
ST0704,SK052,Behavioral Interviewing,beginner,resume_parse_mock
ST0704,SK031,DCF Valuation,advanced,resume_parse_mock
ST0704,SK030,Financial Modeling,advanced,resume_parse_mock
ST0704,SK036,Financial Statement Analysis,beginner,resume_parse_mock
ST0704,SK048,Networking,beginner,resume_parse_mock
ST0704,SK041,Product Roadmapping,beginner,resume_parse_mock
ST0704,SK006,SQL,advanced,resume_parse_mock
ST0705,SK052,Behavioral Interviewing,intermediate,resume_parse_mock
ST0705,SK008,Cloud (AWS/Azure/GCP),beginner,resume_parse_mock
ST0705,SK013,LLMs & AI Agents,intermediate,resume_parse_mock
ST0705,SK050,Leadership,beginner,resume_parse_mock
ST0705,SK047,Public Speaking,intermediate,resume_parse_mock
ST0705,SK010,System Design,intermediate,resume_parse_mock
ST0705,SK051,Teamwork,intermediate,resume_parse_mock
ST0706,SK039,Case Interviewing,intermediate,resume_parse_mock
ST0706,SK031,DCF Valuation,advanced,resume_parse_mock
ST0706,SK036,Financial Statement Analysis,intermediate,resume_parse_mock
ST0706,SK033,LBO Modeling,intermediate,resume_parse_mock
ST0706,SK048,Networking,advanced,resume_parse_mock
ST0707,SK047,Public Speaking,advanced,resume_parse_mock
ST0707,SK025,Structural Analysis,intermediate,resume_parse_mock
ST0707,SK051,Teamwork,intermediate,resume_parse_mock
ST0707,SK049,Technical Writing,intermediate,resume_parse_mock
ST0708,SK053,Project Management,beginner,resume_parse_mock
ST0708,SK047,Public Speaking,intermediate,resume_parse_mock
ST0708,SK025,Structural Analysis,advanced,resume_parse_mock
ST0708,SK049,Technical Writing,intermediate,resume_parse_mock
ST0709,SK040,Business Strategy,advanced,resume_parse_mock
ST0709,SK027,Figma,intermediate,resume_parse_mock
ST0709,SK050,Leadership,advanced,resume_parse_mock
ST0709,SK047,Public Speaking,intermediate,resume_parse_mock
ST0710,SK020,Linux,advanced,resume_parse_mock
ST0710,SK038,Market Sizing,beginner,resume_parse_mock
ST0710,SK014,Spark / Databricks,beginner,resume_parse_mock
ST0710,SK051,Teamwork,advanced,resume_parse_mock
ST0711,SK037,Auditing,intermediate,resume_parse_mock
ST0711,SK052,Behavioral Interviewing,intermediate,resume_parse_mock
ST0711,SK031,DCF Valuation,intermediate,resume_parse_mock
ST0711,SK036,Financial Statement Analysis,beginner,resume_parse_mock
ST0711,SK048,Networking,beginner,resume_parse_mock
ST0711,SK051,Teamwork,intermediate,resume_parse_mock
ST0712,SK032,Accounting Fundamentals,advanced,resume_parse_mock
ST0712,SK052,Behavioral Interviewing,advanced,resume_parse_mock
ST0712,SK040,Business Strategy,advanced,resume_parse_mock
ST0712,SK030,Financial Modeling,intermediate,resume_parse_mock
ST0712,SK038,Market Sizing,beginner,resume_parse_mock
ST0712,SK048,Networking,intermediate,resume_parse_mock
ST0713,SK052,Behavioral Interviewing,advanced,resume_parse_mock
ST0713,SK008,Cloud (AWS/Azure/GCP),beginner,resume_parse_mock
ST0713,SK012,Deep Learning,intermediate,resume_parse_mock
ST0713,SK013,LLMs & AI Agents,beginner,resume_parse_mock
ST0713,SK020,Linux,beginner,resume_parse_mock
ST0713,SK047,Public Speaking,advanced,resume_parse_mock
ST0713,SK014,Spark / Databricks,beginner,resume_parse_mock
ST0713,SK016,Statistics,beginner,resume_parse_mock
ST0714,SK031,DCF Valuation,advanced,resume_parse_mock
ST0714,SK029,Excel Modeling,beginner,resume_parse_mock
ST0714,SK030,Financial Modeling,intermediate,resume_parse_mock
ST0714,SK036,Financial Statement Analysis,advanced,resume_parse_mock
ST0714,SK034,M&A Concepts,beginner,resume_parse_mock
ST0714,SK047,Public Speaking,beginner,resume_parse_mock
ST0714,SK006,SQL,beginner,resume_parse_mock
ST0715,SK026,Lab Research Methods,beginner,resume_parse_mock
ST0715,SK050,Leadership,intermediate,resume_parse_mock
ST0715,SK047,Public Speaking,advanced,resume_parse_mock
ST0715,SK051,Teamwork,beginner,resume_parse_mock
ST0715,SK049,Technical Writing,advanced,resume_parse_mock
ST0716,SK052,Behavioral Interviewing,intermediate,resume_parse_mock
ST0716,SK003,C/C++,advanced,resume_parse_mock
ST0716,SK008,Cloud (AWS/Azure/GCP),advanced,resume_parse_mock
ST0716,SK002,Java,beginner,resume_parse_mock
ST0716,SK050,Leadership,intermediate,resume_parse_mock
ST0716,SK023,MATLAB,beginner,resume_parse_mock
ST0716,SK011,Machine Learning,beginner,resume_parse_mock
ST0716,SK047,Public Speaking,beginner,resume_parse_mock
ST0716,SK001,Python,beginner,resume_parse_mock
ST0717,SK039,Case Interviewing,advanced,resume_parse_mock
ST0717,SK012,Deep Learning,beginner,resume_parse_mock
ST0717,SK050,Leadership,beginner,resume_parse_mock
ST0717,SK014,Spark / Databricks,intermediate,resume_parse_mock
ST0717,SK010,System Design,beginner,resume_parse_mock
ST0717,SK051,Teamwork,intermediate,resume_parse_mock
ST0718,SK022,CAD (SolidWorks),beginner,resume_parse_mock
ST0718,SK047,Public Speaking,beginner,resume_parse_mock
ST0718,SK025,Structural Analysis,beginner,resume_parse_mock
ST0718,SK051,Teamwork,beginner,resume_parse_mock
ST0719,SK026,Lab Research Methods,intermediate,resume_parse_mock
ST0719,SK050,Leadership,advanced,resume_parse_mock
ST0719,SK047,Public Speaking,intermediate,resume_parse_mock
ST0719,SK001,Python,advanced,resume_parse_mock
ST0719,SK016,Statistics,beginner,resume_parse_mock
ST0719,SK051,Teamwork,beginner,resume_parse_mock
ST0720,SK003,C/C++,beginner,resume_parse_mock
ST0720,SK015,Data Visualization,intermediate,resume_parse_mock
ST0720,SK051,Teamwork,advanced,resume_parse_mock
ST0721,SK003,C/C++,intermediate,resume_parse_mock
ST0721,SK009,Data Structures & Algorithms,beginner,resume_parse_mock
ST0721,SK015,Data Visualization,advanced,resume_parse_mock
ST0721,SK050,Leadership,intermediate,resume_parse_mock
ST0721,SK011,Machine Learning,beginner,resume_parse_mock
ST0721,SK047,Public Speaking,advanced,resume_parse_mock
ST0721,SK006,SQL,intermediate,resume_parse_mock
ST0721,SK014,Spark / Databricks,beginner,resume_parse_mock
ST0721,SK016,Statistics,intermediate,resume_parse_mock
ST0721,SK046,Stochastic Calculus,advanced,resume_parse_mock
ST0722,SK024,Circuit Design,beginner,resume_parse_mock
ST0722,SK023,MATLAB,advanced,resume_parse_mock
ST0722,SK011,Machine Learning,beginner,resume_parse_mock
ST0722,SK051,Teamwork,intermediate,resume_parse_mock
ST0723,SK040,Business Strategy,advanced,resume_parse_mock
ST0723,SK039,Case Interviewing,beginner,resume_parse_mock
ST0723,SK009,Data Structures & Algorithms,beginner,resume_parse_mock
ST0723,SK050,Leadership,beginner,resume_parse_mock
ST0723,SK041,Product Roadmapping,advanced,resume_parse_mock
ST0723,SK047,Public Speaking,beginner,resume_parse_mock
ST0723,SK016,Statistics,advanced,resume_parse_mock
ST0723,SK010,System Design,advanced,resume_parse_mock
ST0724,SK026,Lab Research Methods,advanced,resume_parse_mock
ST0724,SK001,Python,beginner,resume_parse_mock
ST0724,SK016,Statistics,advanced,resume_parse_mock
ST0725,SK029,Excel Modeling,beginner,resume_parse_mock
ST0725,SK034,M&A Concepts,beginner,resume_parse_mock
ST0725,SK047,Public Speaking,intermediate,resume_parse_mock
ST0726,SK047,Public Speaking,advanced,resume_parse_mock
ST0726,SK001,Python,intermediate,resume_parse_mock
ST0726,SK014,Spark / Databricks,advanced,resume_parse_mock
ST0726,SK016,Statistics,beginner,resume_parse_mock
ST0727,SK032,Accounting Fundamentals,advanced,resume_parse_mock
ST0727,SK040,Business Strategy,advanced,resume_parse_mock
ST0727,SK030,Financial Modeling,advanced,resume_parse_mock
ST0727,SK033,LBO Modeling,advanced,resume_parse_mock
ST0727,SK038,Market Sizing,advanced,resume_parse_mock
ST0727,SK001,Python,beginner,resume_parse_mock
ST0727,SK016,Statistics,intermediate,resume_parse_mock
ST0727,SK051,Teamwork,advanced,resume_parse_mock
ST0728,SK022,CAD (SolidWorks),beginner,resume_parse_mock
ST0728,SK050,Leadership,advanced,resume_parse_mock
ST0728,SK023,MATLAB,intermediate,resume_parse_mock
ST0728,SK053,Project Management,advanced,resume_parse_mock
ST0728,SK051,Teamwork,advanced,resume_parse_mock
ST0728,SK049,Technical Writing,advanced,resume_parse_mock
ST0729,SK039,Case Interviewing,beginner,resume_parse_mock
ST0729,SK031,DCF Valuation,beginner,resume_parse_mock
ST0729,SK038,Market Sizing,advanced,resume_parse_mock
ST0729,SK047,Public Speaking,advanced,resume_parse_mock
ST0730,SK029,Excel Modeling,beginner,resume_parse_mock
ST0730,SK030,Financial Modeling,advanced,resume_parse_mock
ST0730,SK054,Policy Analysis,advanced,resume_parse_mock
ST0730,SK014,Spark / Databricks,beginner,resume_parse_mock
ST0730,SK016,Statistics,advanced,resume_parse_mock
ST0731,SK039,Case Interviewing,advanced,resume_parse_mock
ST0731,SK011,Machine Learning,intermediate,resume_parse_mock
ST0731,SK047,Public Speaking,advanced,resume_parse_mock
ST0731,SK016,Statistics,advanced,resume_parse_mock
ST0731,SK051,Teamwork,intermediate,resume_parse_mock
ST0732,SK032,Accounting Fundamentals,beginner,resume_parse_mock
ST0732,SK031,DCF Valuation,beginner,resume_parse_mock
ST0732,SK054,Policy Analysis,advanced,resume_parse_mock
ST0732,SK001,Python,intermediate,resume_parse_mock
ST0733,SK052,Behavioral Interviewing,intermediate,resume_parse_mock
ST0733,SK031,DCF Valuation,beginner,resume_parse_mock
ST0733,SK029,Excel Modeling,intermediate,resume_parse_mock
ST0733,SK033,LBO Modeling,advanced,resume_parse_mock
ST0733,SK050,Leadership,intermediate,resume_parse_mock
ST0734,SK003,C/C++,advanced,resume_parse_mock
ST0734,SK039,Case Interviewing,intermediate,resume_parse_mock
ST0734,SK041,Product Roadmapping,beginner,resume_parse_mock
ST0734,SK053,Project Management,advanced,resume_parse_mock
ST0734,SK047,Public Speaking,intermediate,resume_parse_mock
ST0734,SK001,Python,advanced,resume_parse_mock
ST0734,SK006,SQL,beginner,resume_parse_mock
ST0734,SK014,Spark / Databricks,advanced,resume_parse_mock
ST0734,SK046,Stochastic Calculus,intermediate,resume_parse_mock
ST0735,SK032,Accounting Fundamentals,beginner,resume_parse_mock
ST0735,SK029,Excel Modeling,advanced,resume_parse_mock
ST0735,SK036,Financial Statement Analysis,advanced,resume_parse_mock
ST0735,SK034,M&A Concepts,advanced,resume_parse_mock
ST0736,SK015,Data Visualization,beginner,resume_parse_mock
ST0736,SK041,Product Roadmapping,beginner,resume_parse_mock
ST0736,SK053,Project Management,beginner,resume_parse_mock
ST0736,SK047,Public Speaking,beginner,resume_parse_mock
ST0736,SK042,Supply Chain Analytics,advanced,resume_parse_mock
ST0736,SK017,Tableau / Power BI,intermediate,resume_parse_mock
ST0736,SK028,User Research,beginner,resume_parse_mock
ST0737,SK029,Excel Modeling,intermediate,resume_parse_mock
ST0737,SK050,Leadership,intermediate,resume_parse_mock
ST0737,SK051,Teamwork,intermediate,resume_parse_mock
ST0738,SK026,Lab Research Methods,beginner,resume_parse_mock
ST0738,SK050,Leadership,intermediate,resume_parse_mock
ST0738,SK023,MATLAB,beginner,resume_parse_mock
ST0738,SK001,Python,intermediate,resume_parse_mock
ST0738,SK016,Statistics,intermediate,resume_parse_mock
ST0738,SK049,Technical Writing,advanced,resume_parse_mock
ST0739,SK032,Accounting Fundamentals,intermediate,resume_parse_mock
ST0739,SK031,DCF Valuation,intermediate,resume_parse_mock
ST0739,SK036,Financial Statement Analysis,advanced,resume_parse_mock
ST0739,SK034,M&A Concepts,beginner,resume_parse_mock
ST0739,SK047,Public Speaking,advanced,resume_parse_mock
ST0739,SK051,Teamwork,intermediate,resume_parse_mock
ST0740,SK039,Case Interviewing,beginner,resume_parse_mock
ST0740,SK050,Leadership,beginner,resume_parse_mock
ST0740,SK023,MATLAB,beginner,resume_parse_mock
ST0740,SK047,Public Speaking,beginner,resume_parse_mock
ST0741,SK052,Behavioral Interviewing,advanced,resume_parse_mock
ST0741,SK009,Data Structures & Algorithms,beginner,resume_parse_mock
ST0741,SK050,Leadership,intermediate,resume_parse_mock
ST0741,SK041,Product Roadmapping,beginner,resume_parse_mock
ST0741,SK053,Project Management,advanced,resume_parse_mock
ST0741,SK016,Statistics,advanced,resume_parse_mock
ST0741,SK028,User Research,advanced,resume_parse_mock
ST0742,SK032,Accounting Fundamentals,advanced,resume_parse_mock
ST0742,SK052,Behavioral Interviewing,advanced,resume_parse_mock
ST0742,SK031,DCF Valuation,advanced,resume_parse_mock
ST0742,SK033,LBO Modeling,beginner,resume_parse_mock
ST0742,SK048,Networking,beginner,resume_parse_mock
ST0743,SK039,Case Interviewing,intermediate,resume_parse_mock
ST0743,SK050,Leadership,beginner,resume_parse_mock
ST0743,SK038,Market Sizing,intermediate,resume_parse_mock
ST0743,SK014,Spark / Databricks,intermediate,resume_parse_mock
ST0743,SK016,Statistics,advanced,resume_parse_mock
ST0743,SK046,Stochastic Calculus,advanced,resume_parse_mock
ST0743,SK051,Teamwork,advanced,resume_parse_mock
ST0743,SK049,Technical Writing,beginner,resume_parse_mock
ST0744,SK024,Circuit Design,advanced,resume_parse_mock
ST0744,SK013,LLMs & AI Agents,beginner,resume_parse_mock
ST0744,SK011,Machine Learning,beginner,resume_parse_mock
ST0744,SK019,Penetration Testing,intermediate,resume_parse_mock
ST0744,SK010,System Design,beginner,resume_parse_mock
ST0745,SK022,CAD (SolidWorks),advanced,resume_parse_mock
ST0745,SK026,Lab Research Methods,intermediate,resume_parse_mock
ST0745,SK050,Leadership,advanced,resume_parse_mock
ST0745,SK023,MATLAB,intermediate,resume_parse_mock
ST0745,SK053,Project Management,advanced,resume_parse_mock
ST0745,SK047,Public Speaking,advanced,resume_parse_mock
ST0745,SK016,Statistics,beginner,resume_parse_mock
ST0746,SK022,CAD (SolidWorks),beginner,resume_parse_mock
ST0746,SK050,Leadership,intermediate,resume_parse_mock
ST0746,SK023,MATLAB,intermediate,resume_parse_mock
ST0746,SK053,Project Management,advanced,resume_parse_mock
ST0746,SK047,Public Speaking,beginner,resume_parse_mock
ST0746,SK025,Structural Analysis,advanced,resume_parse_mock
ST0746,SK051,Teamwork,beginner,resume_parse_mock
ST0746,SK049,Technical Writing,intermediate,resume_parse_mock
ST0747,SK033,LBO Modeling,beginner,resume_parse_mock
ST0747,SK050,Leadership,beginner,resume_parse_mock
ST0747,SK034,M&A Concepts,advanced,resume_parse_mock
ST0747,SK048,Networking,beginner,resume_parse_mock
ST0747,SK054,Policy Analysis,beginner,resume_parse_mock
ST0747,SK047,Public Speaking,beginner,resume_parse_mock
ST0747,SK014,Spark / Databricks,intermediate,resume_parse_mock
ST0747,SK049,Technical Writing,beginner,resume_parse_mock
ST0748,SK003,C/C++,intermediate,resume_parse_mock
ST0748,SK021,Embedded Systems,beginner,resume_parse_mock
ST0748,SK050,Leadership,intermediate,resume_parse_mock
ST0748,SK023,MATLAB,advanced,resume_parse_mock
ST0748,SK047,Public Speaking,intermediate,resume_parse_mock
ST0748,SK051,Teamwork,beginner,resume_parse_mock
ST0749,SK029,Excel Modeling,advanced,resume_parse_mock
ST0749,SK044,Market Research,advanced,resume_parse_mock
ST0749,SK047,Public Speaking,beginner,resume_parse_mock
ST0749,SK042,Supply Chain Analytics,beginner,resume_parse_mock
ST0749,SK051,Teamwork,beginner,resume_parse_mock
ST0749,SK028,User Research,beginner,resume_parse_mock
ST0750,SK052,Behavioral Interviewing,beginner,resume_parse_mock
ST0750,SK031,DCF Valuation,advanced,resume_parse_mock
ST0750,SK015,Data Visualization,advanced,resume_parse_mock
ST0750,SK029,Excel Modeling,beginner,resume_parse_mock
ST0750,SK036,Financial Statement Analysis,intermediate,resume_parse_mock
ST0750,SK047,Public Speaking,intermediate,resume_parse_mock
ST0750,SK049,Technical Writing,advanced,resume_parse_mock
ST0751,SK022,CAD (SolidWorks),beginner,resume_parse_mock
ST0751,SK008,Cloud (AWS/Azure/GCP),advanced,resume_parse_mock
ST0751,SK038,Market Sizing,intermediate,resume_parse_mock
ST0751,SK014,Spark / Databricks,beginner,resume_parse_mock
ST0751,SK025,Structural Analysis,advanced,resume_parse_mock
ST0752,SK043,Digital Marketing,beginner,resume_parse_mock
ST0752,SK044,Market Research,advanced,resume_parse_mock
ST0752,SK054,Policy Analysis,beginner,resume_parse_mock
ST0752,SK047,Public Speaking,advanced,resume_parse_mock
ST0752,SK016,Statistics,intermediate,resume_parse_mock
ST0752,SK051,Teamwork,intermediate,resume_parse_mock
ST0752,SK028,User Research,beginner,resume_parse_mock
ST0753,SK040,Business Strategy,intermediate,resume_parse_mock
ST0753,SK027,Figma,advanced,resume_parse_mock
ST0753,SK050,Leadership,intermediate,resume_parse_mock
ST0753,SK041,Product Roadmapping,beginner,resume_parse_mock
ST0753,SK047,Public Speaking,beginner,resume_parse_mock
ST0753,SK006,SQL,advanced,resume_parse_mock
ST0753,SK051,Teamwork,intermediate,resume_parse_mock
ST0754,SK039,Case Interviewing,intermediate,resume_parse_mock
ST0754,SK018,Network Security,intermediate,resume_parse_mock
ST0754,SK014,Spark / Databricks,beginner,resume_parse_mock
ST0754,SK046,Stochastic Calculus,intermediate,resume_parse_mock
ST0755,SK032,Accounting Fundamentals,advanced,resume_parse_mock
ST0755,SK052,Behavioral Interviewing,beginner,resume_parse_mock
ST0755,SK039,Case Interviewing,advanced,resume_parse_mock
ST0755,SK031,DCF Valuation,advanced,resume_parse_mock
ST0755,SK054,Policy Analysis,beginner,resume_parse_mock
ST0755,SK006,SQL,intermediate,resume_parse_mock
ST0755,SK016,Statistics,beginner,resume_parse_mock
ST0755,SK049,Technical Writing,advanced,resume_parse_mock
ST0756,SK024,Circuit Design,intermediate,resume_parse_mock
ST0756,SK021,Embedded Systems,intermediate,resume_parse_mock
ST0756,SK050,Leadership,intermediate,resume_parse_mock
ST0756,SK023,MATLAB,beginner,resume_parse_mock
ST0756,SK047,Public Speaking,advanced,resume_parse_mock
ST0756,SK051,Teamwork,beginner,resume_parse_mock
ST0757,SK027,Figma,advanced,resume_parse_mock
ST0757,SK050,Leadership,advanced,resume_parse_mock
ST0757,SK054,Policy Analysis,advanced,resume_parse_mock
ST0757,SK047,Public Speaking,advanced,resume_parse_mock
ST0757,SK016,Statistics,beginner,resume_parse_mock
ST0757,SK049,Technical Writing,beginner,resume_parse_mock
ST0757,SK028,User Research,advanced,resume_parse_mock
ST0758,SK015,Data Visualization,intermediate,resume_parse_mock
ST0758,SK043,Digital Marketing,beginner,resume_parse_mock
ST0758,SK029,Excel Modeling,beginner,resume_parse_mock
ST0758,SK004,JavaScript,beginner,resume_parse_mock
ST0758,SK033,LBO Modeling,advanced,resume_parse_mock
ST0758,SK050,Leadership,beginner,resume_parse_mock
ST0758,SK054,Policy Analysis,intermediate,resume_parse_mock
ST0758,SK016,Statistics,beginner,resume_parse_mock
ST0759,SK052,Behavioral Interviewing,intermediate,resume_parse_mock
ST0759,SK003,C/C++,beginner,resume_parse_mock
ST0759,SK024,Circuit Design,advanced,resume_parse_mock
ST0759,SK021,Embedded Systems,beginner,resume_parse_mock
ST0759,SK050,Leadership,beginner,resume_parse_mock
ST0759,SK023,MATLAB,advanced,resume_parse_mock
ST0759,SK047,Public Speaking,beginner,resume_parse_mock
ST0759,SK051,Teamwork,advanced,resume_parse_mock
ST0760,SK003,C/C++,beginner,resume_parse_mock
ST0760,SK007,Git,beginner,resume_parse_mock
ST0760,SK050,Leadership,intermediate,resume_parse_mock
ST0760,SK011,Machine Learning,intermediate,resume_parse_mock
ST0760,SK001,Python,intermediate,resume_parse_mock
ST0760,SK014,Spark / Databricks,intermediate,resume_parse_mock
ST0760,SK046,Stochastic Calculus,beginner,resume_parse_mock
ST0760,SK010,System Design,advanced,resume_parse_mock
ST0761,SK022,CAD (SolidWorks),beginner,resume_parse_mock
ST0761,SK050,Leadership,intermediate,resume_parse_mock
ST0761,SK053,Project Management,beginner,resume_parse_mock
ST0761,SK047,Public Speaking,beginner,resume_parse_mock
ST0761,SK051,Teamwork,beginner,resume_parse_mock
ST0762,SK032,Accounting Fundamentals,intermediate,resume_parse_mock
ST0762,SK037,Auditing,beginner,resume_parse_mock
ST0762,SK052,Behavioral Interviewing,advanced,resume_parse_mock
ST0762,SK024,Circuit Design,beginner,resume_parse_mock
ST0762,SK021,Embedded Systems,intermediate,resume_parse_mock
ST0762,SK036,Financial Statement Analysis,advanced,resume_parse_mock
ST0762,SK050,Leadership,advanced,resume_parse_mock
ST0762,SK048,Networking,advanced,resume_parse_mock
ST0762,SK047,Public Speaking,intermediate,resume_parse_mock
ST0763,SK040,Business Strategy,intermediate,resume_parse_mock
ST0763,SK031,DCF Valuation,advanced,resume_parse_mock
ST0763,SK050,Leadership,intermediate,resume_parse_mock
ST0763,SK038,Market Sizing,advanced,resume_parse_mock
ST0763,SK054,Policy Analysis,beginner,resume_parse_mock
ST0763,SK014,Spark / Databricks,intermediate,resume_parse_mock
ST0764,SK022,CAD (SolidWorks),beginner,resume_parse_mock
ST0764,SK023,MATLAB,beginner,resume_parse_mock
ST0764,SK025,Structural Analysis,beginner,resume_parse_mock
ST0764,SK051,Teamwork,intermediate,resume_parse_mock
ST0764,SK049,Technical Writing,advanced,resume_parse_mock
ST0765,SK008,Cloud (AWS/Azure/GCP),intermediate,resume_parse_mock
ST0765,SK013,LLMs & AI Agents,beginner,resume_parse_mock
ST0765,SK011,Machine Learning,advanced,resume_parse_mock
ST0765,SK019,Penetration Testing,advanced,resume_parse_mock
ST0766,SK003,C/C++,advanced,resume_parse_mock
ST0766,SK021,Embedded Systems,advanced,resume_parse_mock
ST0766,SK020,Linux,advanced,resume_parse_mock
ST0767,SK003,C/C++,beginner,resume_parse_mock
ST0767,SK024,Circuit Design,advanced,resume_parse_mock
ST0767,SK008,Cloud (AWS/Azure/GCP),advanced,resume_parse_mock
ST0767,SK021,Embedded Systems,intermediate,resume_parse_mock
ST0767,SK007,Git,intermediate,resume_parse_mock
ST0767,SK020,Linux,advanced,resume_parse_mock
ST0767,SK023,MATLAB,intermediate,resume_parse_mock
ST0767,SK047,Public Speaking,intermediate,resume_parse_mock
ST0767,SK001,Python,intermediate,resume_parse_mock
ST0768,SK039,Case Interviewing,beginner,resume_parse_mock
ST0768,SK008,Cloud (AWS/Azure/GCP),advanced,resume_parse_mock
ST0768,SK013,LLMs & AI Agents,intermediate,resume_parse_mock
ST0768,SK050,Leadership,intermediate,resume_parse_mock
ST0768,SK011,Machine Learning,advanced,resume_parse_mock
ST0768,SK053,Project Management,beginner,resume_parse_mock
ST0768,SK016,Statistics,beginner,resume_parse_mock
ST0768,SK010,System Design,beginner,resume_parse_mock
ST0769,SK022,CAD (SolidWorks),advanced,resume_parse_mock
ST0769,SK050,Leadership,advanced,resume_parse_mock
ST0769,SK053,Project Management,beginner,resume_parse_mock
ST0769,SK047,Public Speaking,beginner,resume_parse_mock
ST0769,SK051,Teamwork,beginner,resume_parse_mock
ST0769,SK049,Technical Writing,beginner,resume_parse_mock
ST0770,SK032,Accounting Fundamentals,beginner,resume_parse_mock
ST0770,SK052,Behavioral Interviewing,advanced,resume_parse_mock
ST0770,SK029,Excel Modeling,advanced,resume_parse_mock
ST0770,SK030,Financial Modeling,beginner,resume_parse_mock
ST0770,SK034,M&A Concepts,advanced,resume_parse_mock
ST0770,SK048,Networking,advanced,resume_parse_mock
ST0771,SK022,CAD (SolidWorks),advanced,resume_parse_mock
ST0771,SK053,Project Management,advanced,resume_parse_mock
ST0771,SK047,Public Speaking,beginner,resume_parse_mock
ST0771,SK025,Structural Analysis,intermediate,resume_parse_mock
ST0771,SK051,Teamwork,intermediate,resume_parse_mock
ST0771,SK049,Technical Writing,advanced,resume_parse_mock
ST0772,SK052,Behavioral Interviewing,beginner,resume_parse_mock
ST0772,SK009,Data Structures & Algorithms,beginner,resume_parse_mock
ST0772,SK011,Machine Learning,beginner,resume_parse_mock
ST0772,SK006,SQL,advanced,resume_parse_mock
ST0773,SK052,Behavioral Interviewing,advanced,resume_parse_mock
ST0773,SK003,C/C++,advanced,resume_parse_mock
ST0773,SK004,JavaScript,beginner,resume_parse_mock
ST0773,SK047,Public Speaking,beginner,resume_parse_mock
ST0773,SK046,Stochastic Calculus,beginner,resume_parse_mock
ST0773,SK051,Teamwork,advanced,resume_parse_mock
ST0773,SK028,User Research,beginner,resume_parse_mock
ST0774,SK003,C/C++,intermediate,resume_parse_mock
ST0774,SK008,Cloud (AWS/Azure/GCP),beginner,resume_parse_mock
ST0774,SK050,Leadership,advanced,resume_parse_mock
ST0774,SK011,Machine Learning,beginner,resume_parse_mock
ST0775,SK032,Accounting Fundamentals,beginner,resume_parse_mock
ST0775,SK037,Auditing,beginner,resume_parse_mock
ST0775,SK040,Business Strategy,advanced,resume_parse_mock
ST0775,SK039,Case Interviewing,beginner,resume_parse_mock
ST0775,SK029,Excel Modeling,intermediate,resume_parse_mock
ST0775,SK030,Financial Modeling,intermediate,resume_parse_mock
ST0775,SK050,Leadership,intermediate,resume_parse_mock
ST0776,SK008,Cloud (AWS/Azure/GCP),advanced,resume_parse_mock
ST0776,SK009,Data Structures & Algorithms,beginner,resume_parse_mock
ST0776,SK011,Machine Learning,intermediate,resume_parse_mock
ST0776,SK047,Public Speaking,beginner,resume_parse_mock
ST0776,SK001,Python,advanced,resume_parse_mock
ST0776,SK046,Stochastic Calculus,beginner,resume_parse_mock
ST0776,SK028,User Research,beginner,resume_parse_mock
ST0777,SK015,Data Visualization,intermediate,resume_parse_mock
ST0777,SK002,Java,advanced,resume_parse_mock
ST0777,SK020,Linux,intermediate,resume_parse_mock
ST0777,SK011,Machine Learning,beginner,resume_parse_mock
ST0777,SK018,Network Security,advanced,resume_parse_mock
ST0777,SK047,Public Speaking,advanced,resume_parse_mock
ST0777,SK016,Statistics,advanced,resume_parse_mock
ST0777,SK028,User Research,intermediate,resume_parse_mock
ST0778,SK052,Behavioral Interviewing,beginner,resume_parse_mock
ST0778,SK050,Leadership,intermediate,resume_parse_mock
ST0778,SK047,Public Speaking,advanced,resume_parse_mock
ST0778,SK016,Statistics,beginner,resume_parse_mock
ST0778,SK049,Technical Writing,advanced,resume_parse_mock
ST0779,SK022,CAD (SolidWorks),advanced,resume_parse_mock
ST0779,SK050,Leadership,beginner,resume_parse_mock
ST0779,SK023,MATLAB,intermediate,resume_parse_mock
ST0779,SK053,Project Management,intermediate,resume_parse_mock
ST0779,SK047,Public Speaking,intermediate,resume_parse_mock
ST0779,SK025,Structural Analysis,beginner,resume_parse_mock
ST0779,SK049,Technical Writing,advanced,resume_parse_mock
ST0780,SK040,Business Strategy,advanced,resume_parse_mock
ST0780,SK039,Case Interviewing,intermediate,resume_parse_mock
ST0780,SK029,Excel Modeling,intermediate,resume_parse_mock
ST0780,SK034,M&A Concepts,beginner,resume_parse_mock
ST0780,SK038,Market Sizing,intermediate,resume_parse_mock
ST0780,SK047,Public Speaking,beginner,resume_parse_mock
ST0780,SK001,Python,beginner,resume_parse_mock
ST0781,SK032,Accounting Fundamentals,intermediate,resume_parse_mock
ST0781,SK052,Behavioral Interviewing,advanced,resume_parse_mock
ST0781,SK031,DCF Valuation,beginner,resume_parse_mock
ST0781,SK001,Python,advanced,resume_parse_mock
ST0782,SK039,Case Interviewing,advanced,resume_parse_mock
ST0782,SK012,Deep Learning,beginner,resume_parse_mock
ST0782,SK002,Java,advanced,resume_parse_mock
ST0782,SK050,Leadership,intermediate,resume_parse_mock
ST0782,SK053,Project Management,beginner,resume_parse_mock
ST0782,SK047,Public Speaking,advanced,resume_parse_mock
ST0783,SK039,Case Interviewing,advanced,resume_parse_mock
ST0783,SK020,Linux,intermediate,resume_parse_mock
ST0783,SK053,Project Management,beginner,resume_parse_mock
ST0784,SK022,CAD (SolidWorks),beginner,resume_parse_mock
ST0784,SK050,Leadership,beginner,resume_parse_mock
ST0784,SK053,Project Management,intermediate,resume_parse_mock
ST0784,SK047,Public Speaking,intermediate,resume_parse_mock
ST0784,SK025,Structural Analysis,intermediate,resume_parse_mock
ST0784,SK051,Teamwork,advanced,resume_parse_mock
ST0785,SK052,Behavioral Interviewing,intermediate,resume_parse_mock
ST0785,SK040,Business Strategy,advanced,resume_parse_mock
ST0785,SK031,DCF Valuation,advanced,resume_parse_mock
ST0785,SK029,Excel Modeling,advanced,resume_parse_mock
ST0785,SK036,Financial Statement Analysis,beginner,resume_parse_mock
ST0785,SK033,LBO Modeling,beginner,resume_parse_mock
ST0786,SK008,Cloud (AWS/Azure/GCP),beginner,resume_parse_mock
ST0786,SK050,Leadership,beginner,resume_parse_mock
ST0786,SK023,MATLAB,advanced,resume_parse_mock
ST0786,SK053,Project Management,beginner,resume_parse_mock
ST0786,SK047,Public Speaking,beginner,resume_parse_mock
ST0786,SK025,Structural Analysis,intermediate,resume_parse_mock
ST0786,SK051,Teamwork,beginner,resume_parse_mock
ST0786,SK049,Technical Writing,intermediate,resume_parse_mock
ST0787,SK015,Data Visualization,beginner,resume_parse_mock
ST0787,SK043,Digital Marketing,beginner,resume_parse_mock
ST0787,SK044,Market Research,advanced,resume_parse_mock
ST0787,SK038,Market Sizing,intermediate,resume_parse_mock
ST0787,SK047,Public Speaking,intermediate,resume_parse_mock
ST0787,SK006,SQL,intermediate,resume_parse_mock
ST0787,SK017,Tableau / Power BI,intermediate,resume_parse_mock
ST0788,SK052,Behavioral Interviewing,intermediate,resume_parse_mock
ST0788,SK012,Deep Learning,beginner,resume_parse_mock
ST0788,SK033,LBO Modeling,advanced,resume_parse_mock
ST0788,SK050,Leadership,intermediate,resume_parse_mock
ST0788,SK020,Linux,beginner,resume_parse_mock
ST0788,SK048,Networking,intermediate,resume_parse_mock
ST0788,SK047,Public Speaking,intermediate,resume_parse_mock
ST0789,SK052,Behavioral Interviewing,beginner,resume_parse_mock
ST0789,SK003,C/C++,intermediate,resume_parse_mock
ST0789,SK039,Case Interviewing,intermediate,resume_parse_mock
ST0789,SK009,Data Structures & Algorithms,advanced,resume_parse_mock
ST0789,SK015,Data Visualization,beginner,resume_parse_mock
ST0789,SK020,Linux,beginner,resume_parse_mock
ST0789,SK041,Product Roadmapping,beginner,resume_parse_mock
ST0789,SK006,SQL,advanced,resume_parse_mock
ST0789,SK016,Statistics,advanced,resume_parse_mock
ST0790,SK026,Lab Research Methods,advanced,resume_parse_mock
ST0790,SK023,MATLAB,intermediate,resume_parse_mock
ST0790,SK047,Public Speaking,intermediate,resume_parse_mock
ST0790,SK001,Python,beginner,resume_parse_mock
ST0790,SK016,Statistics,intermediate,resume_parse_mock
ST0790,SK049,Technical Writing,intermediate,resume_parse_mock
ST0791,SK052,Behavioral Interviewing,beginner,resume_parse_mock
ST0791,SK024,Circuit Design,beginner,resume_parse_mock
ST0791,SK008,Cloud (AWS/Azure/GCP),intermediate,resume_parse_mock
ST0791,SK043,Digital Marketing,advanced,resume_parse_mock
ST0791,SK047,Public Speaking,beginner,resume_parse_mock
ST0792,SK023,MATLAB,advanced,resume_parse_mock
ST0792,SK001,Python,advanced,resume_parse_mock
ST0792,SK016,Statistics,advanced,resume_parse_mock
ST0792,SK051,Teamwork,beginner,resume_parse_mock
ST0792,SK049,Technical Writing,intermediate,resume_parse_mock
ST0793,SK039,Case Interviewing,intermediate,resume_parse_mock
ST0793,SK008,Cloud (AWS/Azure/GCP),intermediate,resume_parse_mock
ST0793,SK029,Excel Modeling,advanced,resume_parse_mock
ST0793,SK050,Leadership,beginner,resume_parse_mock
ST0793,SK001,Python,beginner,resume_parse_mock
ST0793,SK051,Teamwork,advanced,resume_parse_mock
ST0793,SK028,User Research,intermediate,resume_parse_mock
ST0794,SK031,DCF Valuation,beginner,resume_parse_mock
ST0794,SK034,M&A Concepts,intermediate,resume_parse_mock
ST0794,SK047,Public Speaking,beginner,resume_parse_mock
ST0795,SK052,Behavioral Interviewing,advanced,resume_parse_mock
ST0795,SK040,Business Strategy,advanced,resume_parse_mock
ST0795,SK031,DCF Valuation,advanced,resume_parse_mock
ST0795,SK030,Financial Modeling,advanced,resume_parse_mock
ST0795,SK036,Financial Statement Analysis,beginner,resume_parse_mock
ST0795,SK050,Leadership,intermediate,resume_parse_mock
ST0795,SK054,Policy Analysis,beginner,resume_parse_mock
ST0795,SK049,Technical Writing,intermediate,resume_parse_mock
ST0796,SK052,Behavioral Interviewing,advanced,resume_parse_mock
ST0796,SK003,C/C++,intermediate,resume_parse_mock
ST0796,SK008,Cloud (AWS/Azure/GCP),advanced,resume_parse_mock
ST0796,SK002,Java,beginner,resume_parse_mock
ST0796,SK019,Penetration Testing,advanced,resume_parse_mock
ST0796,SK041,Product Roadmapping,intermediate,resume_parse_mock
ST0796,SK053,Project Management,advanced,resume_parse_mock
ST0796,SK046,Stochastic Calculus,beginner,resume_parse_mock
ST0797,SK022,CAD (SolidWorks),advanced,resume_parse_mock
ST0797,SK050,Leadership,intermediate,resume_parse_mock
ST0797,SK053,Project Management,intermediate,resume_parse_mock
ST0797,SK047,Public Speaking,intermediate,resume_parse_mock
ST0797,SK025,Structural Analysis,beginner,resume_parse_mock
ST0797,SK051,Teamwork,beginner,resume_parse_mock
ST0797,SK049,Technical Writing,intermediate,resume_parse_mock
ST0798,SK039,Case Interviewing,intermediate,resume_parse_mock
ST0798,SK053,Project Management,intermediate,resume_parse_mock
ST0798,SK047,Public Speaking,beginner,resume_parse_mock
ST0798,SK006,SQL,advanced,resume_parse_mock
ST0798,SK014,Spark / Databricks,advanced,resume_parse_mock
ST0798,SK042,Supply Chain Analytics,beginner,resume_parse_mock
ST0798,SK051,Teamwork,advanced,resume_parse_mock
ST0799,SK040,Business Strategy,intermediate,resume_parse_mock
ST0799,SK039,Case Interviewing,beginner,resume_parse_mock
ST0799,SK015,Data Visualization,advanced,resume_parse_mock
ST0799,SK041,Product Roadmapping,advanced,resume_parse_mock
ST0799,SK053,Project Management,intermediate,resume_parse_mock
ST0799,SK047,Public Speaking,advanced,resume_parse_mock
ST0799,SK028,User Research,advanced,resume_parse_mock
ST0800,SK052,Behavioral Interviewing,intermediate,resume_parse_mock
ST0800,SK003,C/C++,intermediate,resume_parse_mock
ST0800,SK050,Leadership,advanced,resume_parse_mock
ST0800,SK023,MATLAB,intermediate,resume_parse_mock
ST0800,SK047,Public Speaking,advanced,resume_parse_mock
ST0800,SK051,Teamwork,beginner,resume_parse_mock
ST0801,SK052,Behavioral Interviewing,intermediate,resume_parse_mock
ST0801,SK003,C/C++,advanced,resume_parse_mock
ST0801,SK008,Cloud (AWS/Azure/GCP),advanced,resume_parse_mock
ST0801,SK015,Data Visualization,advanced,resume_parse_mock
ST0801,SK012,Deep Learning,intermediate,resume_parse_mock
ST0801,SK001,Python,beginner,resume_parse_mock
ST0801,SK010,System Design,advanced,resume_parse_mock
ST0801,SK051,Teamwork,beginner,resume_parse_mock
ST0802,SK026,Lab Research Methods,intermediate,resume_parse_mock
ST0802,SK050,Leadership,beginner,resume_parse_mock
ST0802,SK023,MATLAB,beginner,resume_parse_mock
ST0802,SK047,Public Speaking,beginner,resume_parse_mock
ST0802,SK001,Python,intermediate,resume_parse_mock
ST0802,SK049,Technical Writing,intermediate,resume_parse_mock
ST0803,SK032,Accounting Fundamentals,intermediate,resume_parse_mock
ST0803,SK037,Auditing,beginner,resume_parse_mock
ST0803,SK052,Behavioral Interviewing,beginner,resume_parse_mock
ST0803,SK031,DCF Valuation,beginner,resume_parse_mock
ST0803,SK033,LBO Modeling,beginner,resume_parse_mock
ST0803,SK034,M&A Concepts,advanced,resume_parse_mock
ST0803,SK047,Public Speaking,advanced,resume_parse_mock
ST0804,SK009,Data Structures & Algorithms,intermediate,resume_parse_mock
ST0804,SK012,Deep Learning,intermediate,resume_parse_mock
ST0804,SK007,Git,beginner,resume_parse_mock
ST0804,SK020,Linux,advanced,resume_parse_mock
ST0804,SK019,Penetration Testing,intermediate,resume_parse_mock
ST0804,SK001,Python,intermediate,resume_parse_mock
ST0805,SK040,Business Strategy,advanced,resume_parse_mock
ST0805,SK015,Data Visualization,intermediate,resume_parse_mock
ST0805,SK036,Financial Statement Analysis,intermediate,resume_parse_mock
ST0805,SK050,Leadership,intermediate,resume_parse_mock
ST0805,SK011,Machine Learning,beginner,resume_parse_mock
ST0805,SK048,Networking,beginner,resume_parse_mock
ST0805,SK006,SQL,advanced,resume_parse_mock
ST0806,SK026,Lab Research Methods,intermediate,resume_parse_mock
ST0806,SK050,Leadership,beginner,resume_parse_mock
ST0806,SK023,MATLAB,advanced,resume_parse_mock
ST0806,SK047,Public Speaking,beginner,resume_parse_mock
ST0806,SK016,Statistics,intermediate,resume_parse_mock
ST0806,SK051,Teamwork,advanced,resume_parse_mock
ST0806,SK049,Technical Writing,intermediate,resume_parse_mock
ST0807,SK022,CAD (SolidWorks),beginner,resume_parse_mock
ST0807,SK050,Leadership,intermediate,resume_parse_mock
ST0807,SK023,MATLAB,beginner,resume_parse_mock
ST0807,SK053,Project Management,intermediate,resume_parse_mock
ST0807,SK049,Technical Writing,intermediate,resume_parse_mock
ST0808,SK022,CAD (SolidWorks),intermediate,resume_parse_mock
ST0808,SK050,Leadership,advanced,resume_parse_mock
ST0808,SK023,MATLAB,beginner,resume_parse_mock
ST0808,SK053,Project Management,intermediate,resume_parse_mock
ST0808,SK047,Public Speaking,beginner,resume_parse_mock
ST0808,SK025,Structural Analysis,advanced,resume_parse_mock
ST0808,SK049,Technical Writing,beginner,resume_parse_mock
ST0809,SK050,Leadership,intermediate,resume_parse_mock
ST0809,SK054,Policy Analysis,beginner,resume_parse_mock
ST0809,SK047,Public Speaking,advanced,resume_parse_mock
ST0809,SK016,Statistics,advanced,resume_parse_mock
ST0810,SK039,Case Interviewing,advanced,resume_parse_mock
ST0810,SK007,Git,intermediate,resume_parse_mock
ST0810,SK053,Project Management,advanced,resume_parse_mock
ST0810,SK014,Spark / Databricks,intermediate,resume_parse_mock
ST0811,SK032,Accounting Fundamentals,advanced,resume_parse_mock
ST0811,SK037,Auditing,intermediate,resume_parse_mock
ST0811,SK052,Behavioral Interviewing,advanced,resume_parse_mock
ST0811,SK029,Excel Modeling,advanced,resume_parse_mock
ST0811,SK036,Financial Statement Analysis,intermediate,resume_parse_mock
ST0811,SK048,Networking,advanced,resume_parse_mock
ST0811,SK047,Public Speaking,advanced,resume_parse_mock
ST0812,SK008,Cloud (AWS/Azure/GCP),advanced,resume_parse_mock
ST0812,SK050,Leadership,advanced,resume_parse_mock
ST0812,SK020,Linux,advanced,resume_parse_mock
ST0812,SK041,Product Roadmapping,advanced,resume_parse_mock
ST0812,SK047,Public Speaking,advanced,resume_parse_mock
ST0812,SK001,Python,intermediate,resume_parse_mock
ST0812,SK006,SQL,advanced,resume_parse_mock
ST0812,SK042,Supply Chain Analytics,advanced,resume_parse_mock
ST0812,SK028,User Research,advanced,resume_parse_mock
ST0813,SK015,Data Visualization,intermediate,resume_parse_mock
ST0813,SK044,Market Research,intermediate,resume_parse_mock
ST0813,SK006,SQL,advanced,resume_parse_mock
ST0813,SK051,Teamwork,beginner,resume_parse_mock
ST0814,SK032,Accounting Fundamentals,beginner,resume_parse_mock
ST0814,SK052,Behavioral Interviewing,beginner,resume_parse_mock
ST0814,SK029,Excel Modeling,beginner,resume_parse_mock
ST0814,SK048,Networking,intermediate,resume_parse_mock
ST0814,SK047,Public Speaking,beginner,resume_parse_mock
ST0814,SK051,Teamwork,beginner,resume_parse_mock
ST0815,SK039,Case Interviewing,beginner,resume_parse_mock
ST0815,SK015,Data Visualization,beginner,resume_parse_mock
ST0815,SK013,LLMs & AI Agents,advanced,resume_parse_mock
ST0815,SK014,Spark / Databricks,intermediate,resume_parse_mock
ST0815,SK046,Stochastic Calculus,beginner,resume_parse_mock
ST0815,SK010,System Design,beginner,resume_parse_mock
ST0815,SK051,Teamwork,advanced,resume_parse_mock
ST0816,SK052,Behavioral Interviewing,beginner,resume_parse_mock
ST0816,SK029,Excel Modeling,intermediate,resume_parse_mock
ST0816,SK036,Financial Statement Analysis,advanced,resume_parse_mock
ST0816,SK033,LBO Modeling,beginner,resume_parse_mock
ST0816,SK047,Public Speaking,advanced,resume_parse_mock
ST0816,SK051,Teamwork,advanced,resume_parse_mock
ST0817,SK040,Business Strategy,intermediate,resume_parse_mock
ST0817,SK033,LBO Modeling,beginner,resume_parse_mock
ST0817,SK050,Leadership,intermediate,resume_parse_mock
ST0817,SK048,Networking,beginner,resume_parse_mock
ST0817,SK047,Public Speaking,advanced,resume_parse_mock
ST0817,SK001,Python,intermediate,resume_parse_mock
ST0817,SK051,Teamwork,beginner,resume_parse_mock
ST0818,SK029,Excel Modeling,beginner,resume_parse_mock
ST0818,SK020,Linux,intermediate,resume_parse_mock
ST0818,SK053,Project Management,beginner,resume_parse_mock
ST0818,SK001,Python,advanced,resume_parse_mock
ST0818,SK006,SQL,beginner,resume_parse_mock
ST0819,SK050,Leadership,beginner,resume_parse_mock
ST0819,SK054,Policy Analysis,advanced,resume_parse_mock
ST0819,SK016,Statistics,beginner,resume_parse_mock
ST0819,SK049,Technical Writing,advanced,resume_parse_mock
ST0820,SK022,CAD (SolidWorks),intermediate,resume_parse_mock
ST0820,SK050,Leadership,beginner,resume_parse_mock
ST0820,SK049,Technical Writing,beginner,resume_parse_mock
ST0821,SK022,CAD (SolidWorks),intermediate,resume_parse_mock
ST0821,SK029,Excel Modeling,beginner,resume_parse_mock
ST0821,SK038,Market Sizing,intermediate,resume_parse_mock
ST0821,SK014,Spark / Databricks,advanced,resume_parse_mock
ST0821,SK025,Structural Analysis,advanced,resume_parse_mock
ST0821,SK017,Tableau / Power BI,beginner,resume_parse_mock
ST0821,SK049,Technical Writing,advanced,resume_parse_mock
ST0822,SK008,Cloud (AWS/Azure/GCP),intermediate,resume_parse_mock
ST0822,SK019,Penetration Testing,intermediate,resume_parse_mock
ST0822,SK006,SQL,beginner,resume_parse_mock
ST0822,SK042,Supply Chain Analytics,beginner,resume_parse_mock
ST0822,SK051,Teamwork,advanced,resume_parse_mock
ST0823,SK026,Lab Research Methods,advanced,resume_parse_mock
ST0823,SK050,Leadership,beginner,resume_parse_mock
ST0823,SK023,MATLAB,beginner,resume_parse_mock
ST0823,SK001,Python,intermediate,resume_parse_mock
ST0824,SK012,Deep Learning,beginner,resume_parse_mock
ST0824,SK007,Git,intermediate,resume_parse_mock
ST0824,SK011,Machine Learning,intermediate,resume_parse_mock
ST0824,SK047,Public Speaking,beginner,resume_parse_mock
ST0824,SK028,User Research,advanced,resume_parse_mock
ST0825,SK040,Business Strategy,advanced,resume_parse_mock
ST0825,SK031,DCF Valuation,intermediate,resume_parse_mock
ST0825,SK029,Excel Modeling,beginner,resume_parse_mock
ST0825,SK050,Leadership,advanced,resume_parse_mock
ST0825,SK047,Public Speaking,intermediate,resume_parse_mock
ST0825,SK001,Python,beginner,resume_parse_mock
ST0825,SK016,Statistics,advanced,resume_parse_mock
ST0826,SK027,Figma,advanced,resume_parse_mock
ST0826,SK050,Leadership,intermediate,resume_parse_mock
ST0826,SK011,Machine Learning,advanced,resume_parse_mock
ST0826,SK019,Penetration Testing,intermediate,resume_parse_mock
ST0826,SK014,Spark / Databricks,intermediate,resume_parse_mock
ST0826,SK028,User Research,advanced,resume_parse_mock
ST0827,SK008,Cloud (AWS/Azure/GCP),beginner,resume_parse_mock
ST0827,SK020,Linux,advanced,resume_parse_mock
ST0827,SK016,Statistics,advanced,resume_parse_mock
ST0827,SK046,Stochastic Calculus,beginner,resume_parse_mock
ST0828,SK052,Behavioral Interviewing,beginner,resume_parse_mock
ST0828,SK003,C/C++,beginner,resume_parse_mock
ST0828,SK008,Cloud (AWS/Azure/GCP),intermediate,resume_parse_mock
ST0828,SK015,Data Visualization,advanced,resume_parse_mock
ST0828,SK029,Excel Modeling,intermediate,resume_parse_mock
ST0828,SK050,Leadership,beginner,resume_parse_mock
ST0828,SK011,Machine Learning,intermediate,resume_parse_mock
ST0828,SK006,SQL,beginner,resume_parse_mock
ST0828,SK051,Teamwork,advanced,resume_parse_mock
ST0829,SK008,Cloud (AWS/Azure/GCP),advanced,resume_parse_mock
ST0829,SK009,Data Structures & Algorithms,advanced,resume_parse_mock
ST0829,SK013,LLMs & AI Agents,advanced,resume_parse_mock
ST0829,SK047,Public Speaking,advanced,resume_parse_mock
ST0829,SK014,Spark / Databricks,intermediate,resume_parse_mock
ST0829,SK046,Stochastic Calculus,intermediate,resume_parse_mock
ST0829,SK010,System Design,intermediate,resume_parse_mock
ST0830,SK022,CAD (SolidWorks),beginner,resume_parse_mock
ST0830,SK053,Project Management,advanced,resume_parse_mock
ST0830,SK025,Structural Analysis,intermediate,resume_parse_mock
ST0830,SK049,Technical Writing,advanced,resume_parse_mock
ST0831,SK037,Auditing,advanced,resume_parse_mock
ST0831,SK040,Business Strategy,beginner,resume_parse_mock
ST0831,SK031,DCF Valuation,intermediate,resume_parse_mock
ST0831,SK029,Excel Modeling,advanced,resume_parse_mock
ST0831,SK050,Leadership,intermediate,resume_parse_mock
ST0831,SK001,Python,advanced,resume_parse_mock
ST0832,SK003,C/C++,intermediate,resume_parse_mock
ST0832,SK009,Data Structures & Algorithms,intermediate,resume_parse_mock
ST0832,SK001,Python,beginner,resume_parse_mock
ST0832,SK051,Teamwork,beginner,resume_parse_mock
ST0833,SK050,Leadership,advanced,resume_parse_mock
ST0833,SK054,Policy Analysis,intermediate,resume_parse_mock
ST0833,SK047,Public Speaking,advanced,resume_parse_mock
ST0833,SK016,Statistics,beginner,resume_parse_mock
ST0833,SK051,Teamwork,beginner,resume_parse_mock
ST0833,SK049,Technical Writing,intermediate,resume_parse_mock
ST0834,SK022,CAD (SolidWorks),advanced,resume_parse_mock
ST0834,SK050,Leadership,beginner,resume_parse_mock
ST0834,SK023,MATLAB,beginner,resume_parse_mock
ST0834,SK053,Project Management,intermediate,resume_parse_mock
ST0834,SK047,Public Speaking,intermediate,resume_parse_mock
ST0834,SK025,Structural Analysis,intermediate,resume_parse_mock
ST0834,SK051,Teamwork,intermediate,resume_parse_mock
ST0835,SK040,Business Strategy,beginner,resume_parse_mock
ST0835,SK004,JavaScript,beginner,resume_parse_mock
ST0835,SK050,Leadership,intermediate,resume_parse_mock
ST0835,SK041,Product Roadmapping,beginner,resume_parse_mock
ST0835,SK047,Public Speaking,intermediate,resume_parse_mock
ST0835,SK006,SQL,beginner,resume_parse_mock
ST0835,SK028,User Research,beginner,resume_parse_mock
ST0836,SK050,Leadership,beginner,resume_parse_mock
ST0836,SK054,Policy Analysis,intermediate,resume_parse_mock
ST0836,SK047,Public Speaking,beginner,resume_parse_mock
ST0836,SK016,Statistics,intermediate,resume_parse_mock
ST0836,SK051,Teamwork,advanced,resume_parse_mock
ST0836,SK049,Technical Writing,beginner,resume_parse_mock
ST0837,SK052,Behavioral Interviewing,intermediate,resume_parse_mock
ST0837,SK040,Business Strategy,advanced,resume_parse_mock
ST0837,SK012,Deep Learning,intermediate,resume_parse_mock
ST0837,SK013,LLMs & AI Agents,beginner,resume_parse_mock
ST0837,SK001,Python,beginner,resume_parse_mock
ST0837,SK014,Spark / Databricks,intermediate,resume_parse_mock
ST0838,SK003,C/C++,intermediate,resume_parse_mock
ST0838,SK039,Case Interviewing,intermediate,resume_parse_mock
ST0838,SK015,Data Visualization,intermediate,resume_parse_mock
ST0838,SK011,Machine Learning,intermediate,resume_parse_mock
ST0838,SK019,Penetration Testing,beginner,resume_parse_mock
ST0838,SK053,Project Management,advanced,resume_parse_mock
ST0838,SK014,Spark / Databricks,intermediate,resume_parse_mock
ST0839,SK047,Public Speaking,advanced,resume_parse_mock
ST0839,SK016,Statistics,intermediate,resume_parse_mock
ST0839,SK051,Teamwork,beginner,resume_parse_mock
ST0840,SK032,Accounting Fundamentals,beginner,resume_parse_mock
ST0840,SK037,Auditing,intermediate,resume_parse_mock
ST0840,SK052,Behavioral Interviewing,beginner,resume_parse_mock
ST0840,SK029,Excel Modeling,beginner,resume_parse_mock
ST0840,SK030,Financial Modeling,beginner,resume_parse_mock
ST0840,SK036,Financial Statement Analysis,beginner,resume_parse_mock
ST0840,SK033,LBO Modeling,beginner,resume_parse_mock
ST0841,SK018,Network Security,intermediate,resume_parse_mock
ST0841,SK041,Product Roadmapping,advanced,resume_parse_mock
ST0841,SK047,Public Speaking,advanced,resume_parse_mock
ST0841,SK014,Spark / Databricks,intermediate,resume_parse_mock
ST0841,SK042,Supply Chain Analytics,intermediate,resume_parse_mock
ST0842,SK022,CAD (SolidWorks),advanced,resume_parse_mock
ST0842,SK023,MATLAB,advanced,resume_parse_mock
ST0842,SK053,Project Management,beginner,resume_parse_mock
ST0842,SK025,Structural Analysis,intermediate,resume_parse_mock
ST0842,SK049,Technical Writing,advanced,resume_parse_mock
ST0843,SK050,Leadership,advanced,resume_parse_mock
ST0843,SK023,MATLAB,beginner,resume_parse_mock
ST0843,SK047,Public Speaking,intermediate,resume_parse_mock
ST0843,SK001,Python,advanced,resume_parse_mock
ST0843,SK016,Statistics,advanced,resume_parse_mock
ST0843,SK049,Technical Writing,intermediate,resume_parse_mock
ST0844,SK003,C/C++,advanced,resume_parse_mock
ST0844,SK008,Cloud (AWS/Azure/GCP),advanced,resume_parse_mock
ST0844,SK002,Java,intermediate,resume_parse_mock
ST0844,SK048,Networking,advanced,resume_parse_mock
ST0844,SK006,SQL,beginner,resume_parse_mock
ST0844,SK016,Statistics,beginner,resume_parse_mock
ST0845,SK022,CAD (SolidWorks),advanced,resume_parse_mock
ST0845,SK050,Leadership,beginner,resume_parse_mock
ST0845,SK023,MATLAB,beginner,resume_parse_mock
ST0845,SK053,Project Management,beginner,resume_parse_mock
ST0845,SK047,Public Speaking,intermediate,resume_parse_mock
ST0845,SK025,Structural Analysis,advanced,resume_parse_mock
ST0845,SK049,Technical Writing,intermediate,resume_parse_mock
ST0846,SK007,Git,beginner,resume_parse_mock
ST0846,SK019,Penetration Testing,beginner,resume_parse_mock
ST0846,SK010,System Design,beginner,resume_parse_mock
ST0846,SK051,Teamwork,beginner,resume_parse_mock
ST0847,SK015,Data Visualization,beginner,resume_parse_mock
ST0847,SK043,Digital Marketing,beginner,resume_parse_mock
ST0847,SK029,Excel Modeling,intermediate,resume_parse_mock
ST0847,SK044,Market Research,advanced,resume_parse_mock
ST0847,SK041,Product Roadmapping,intermediate,resume_parse_mock
ST0847,SK053,Project Management,intermediate,resume_parse_mock
ST0847,SK006,SQL,beginner,resume_parse_mock
ST0847,SK042,Supply Chain Analytics,advanced,resume_parse_mock
ST0847,SK028,User Research,beginner,resume_parse_mock
ST0848,SK003,C/C++,beginner,resume_parse_mock
ST0848,SK024,Circuit Design,intermediate,resume_parse_mock
ST0848,SK020,Linux,intermediate,resume_parse_mock
ST0848,SK023,MATLAB,advanced,resume_parse_mock
ST0848,SK047,Public Speaking,beginner,resume_parse_mock
ST0849,SK012,Deep Learning,intermediate,resume_parse_mock
ST0849,SK004,JavaScript,beginner,resume_parse_mock
ST0849,SK011,Machine Learning,beginner,resume_parse_mock
ST0849,SK053,Project Management,intermediate,resume_parse_mock
ST0849,SK047,Public Speaking,advanced,resume_parse_mock
ST0849,SK014,Spark / Databricks,beginner,resume_parse_mock
ST0849,SK010,System Design,intermediate,resume_parse_mock
ST0850,SK009,Data Structures & Algorithms,advanced,resume_parse_mock
ST0850,SK007,Git,intermediate,resume_parse_mock
ST0850,SK002,Java,intermediate,resume_parse_mock
ST0850,SK053,Project Management,advanced,resume_parse_mock
ST0850,SK047,Public Speaking,advanced,resume_parse_mock
ST0850,SK001,Python,advanced,resume_parse_mock
ST0851,SK040,Business Strategy,beginner,resume_parse_mock
ST0851,SK008,Cloud (AWS/Azure/GCP),intermediate,resume_parse_mock
ST0851,SK007,Git,beginner,resume_parse_mock
ST0851,SK053,Project Management,intermediate,resume_parse_mock
ST0852,SK022,CAD (SolidWorks),advanced,resume_parse_mock
ST0852,SK012,Deep Learning,beginner,resume_parse_mock
ST0852,SK050,Leadership,advanced,resume_parse_mock
ST0852,SK053,Project Management,intermediate,resume_parse_mock
ST0852,SK025,Structural Analysis,intermediate,resume_parse_mock
ST0853,SK050,Leadership,intermediate,resume_parse_mock
ST0853,SK054,Policy Analysis,intermediate,resume_parse_mock
ST0853,SK047,Public Speaking,advanced,resume_parse_mock
ST0853,SK016,Statistics,beginner,resume_parse_mock
ST0853,SK051,Teamwork,advanced,resume_parse_mock
ST0853,SK049,Technical Writing,beginner,resume_parse_mock
ST0854,SK052,Behavioral Interviewing,beginner,resume_parse_mock
ST0854,SK036,Financial Statement Analysis,beginner,resume_parse_mock
ST0854,SK050,Leadership,intermediate,resume_parse_mock
ST0854,SK038,Market Sizing,beginner,resume_parse_mock
ST0854,SK048,Networking,beginner,resume_parse_mock
ST0854,SK001,Python,advanced,resume_parse_mock
ST0854,SK016,Statistics,advanced,resume_parse_mock
ST0854,SK051,Teamwork,beginner,resume_parse_mock
ST0855,SK052,Behavioral Interviewing,beginner,resume_parse_mock
ST0855,SK003,C/C++,beginner,resume_parse_mock
ST0855,SK012,Deep Learning,beginner,resume_parse_mock
ST0855,SK027,Figma,intermediate,resume_parse_mock
ST0855,SK007,Git,advanced,resume_parse_mock
ST0855,SK002,Java,advanced,resume_parse_mock
ST0856,SK027,Figma,beginner,resume_parse_mock
ST0856,SK013,LLMs & AI Agents,beginner,resume_parse_mock
ST0856,SK011,Machine Learning,advanced,resume_parse_mock
ST0856,SK018,Network Security,beginner,resume_parse_mock
ST0856,SK047,Public Speaking,intermediate,resume_parse_mock
ST0856,SK001,Python,advanced,resume_parse_mock
ST0857,SK022,CAD (SolidWorks),advanced,resume_parse_mock
ST0857,SK053,Project Management,beginner,resume_parse_mock
ST0857,SK025,Structural Analysis,beginner,resume_parse_mock
ST0857,SK051,Teamwork,beginner,resume_parse_mock
ST0858,SK031,DCF Valuation,intermediate,resume_parse_mock
ST0858,SK015,Data Visualization,intermediate,resume_parse_mock
ST0858,SK043,Digital Marketing,intermediate,resume_parse_mock
ST0858,SK033,LBO Modeling,beginner,resume_parse_mock
ST0858,SK050,Leadership,intermediate,resume_parse_mock
ST0858,SK044,Market Research,beginner,resume_parse_mock
ST0858,SK047,Public Speaking,advanced,resume_parse_mock
ST0858,SK051,Teamwork,beginner,resume_parse_mock
ST0859,SK052,Behavioral Interviewing,intermediate,resume_parse_mock
ST0859,SK050,Leadership,beginner,resume_parse_mock
ST0859,SK053,Project Management,intermediate,resume_parse_mock
ST0859,SK046,Stochastic Calculus,intermediate,resume_parse_mock
ST0859,SK028,User Research,intermediate,resume_parse_mock
ST0860,SK003,C/C++,intermediate,resume_parse_mock
ST0860,SK009,Data Structures & Algorithms,advanced,resume_parse_mock
ST0860,SK015,Data Visualization,intermediate,resume_parse_mock
ST0860,SK050,Leadership,beginner,resume_parse_mock
ST0860,SK019,Penetration Testing,advanced,resume_parse_mock
ST0861,SK003,C/C++,beginner,resume_parse_mock
ST0861,SK002,Java,beginner,resume_parse_mock
ST0861,SK013,LLMs & AI Agents,intermediate,resume_parse_mock
ST0861,SK053,Project Management,advanced,resume_parse_mock
ST0861,SK047,Public Speaking,advanced,resume_parse_mock
ST0861,SK016,Statistics,beginner,resume_parse_mock
ST0861,SK046,Stochastic Calculus,beginner,resume_parse_mock
ST0862,SK037,Auditing,intermediate,resume_parse_mock
ST0862,SK030,Financial Modeling,beginner,resume_parse_mock
ST0862,SK050,Leadership,beginner,resume_parse_mock
ST0862,SK034,M&A Concepts,beginner,resume_parse_mock
ST0862,SK047,Public Speaking,advanced,resume_parse_mock
ST0862,SK001,Python,advanced,resume_parse_mock
ST0862,SK051,Teamwork,advanced,resume_parse_mock
ST0863,SK026,Lab Research Methods,advanced,resume_parse_mock
ST0863,SK050,Leadership,advanced,resume_parse_mock
ST0863,SK023,MATLAB,beginner,resume_parse_mock
ST0863,SK047,Public Speaking,intermediate,resume_parse_mock
ST0863,SK001,Python,advanced,resume_parse_mock
ST0863,SK049,Technical Writing,intermediate,resume_parse_mock
ST0864,SK015,Data Visualization,advanced,resume_parse_mock
ST0864,SK004,JavaScript,beginner,resume_parse_mock
ST0864,SK013,LLMs & AI Agents,intermediate,resume_parse_mock
ST0864,SK018,Network Security,intermediate,resume_parse_mock
ST0864,SK054,Policy Analysis,beginner,resume_parse_mock
ST0864,SK047,Public Speaking,intermediate,resume_parse_mock
ST0864,SK006,SQL,intermediate,resume_parse_mock
ST0865,SK050,Leadership,advanced,resume_parse_mock
ST0865,SK054,Policy Analysis,beginner,resume_parse_mock
ST0865,SK047,Public Speaking,beginner,resume_parse_mock
ST0865,SK016,Statistics,beginner,resume_parse_mock
ST0865,SK051,Teamwork,beginner,resume_parse_mock
ST0865,SK049,Technical Writing,beginner,resume_parse_mock
ST0866,SK052,Behavioral Interviewing,advanced,resume_parse_mock
ST0866,SK008,Cloud (AWS/Azure/GCP),beginner,resume_parse_mock
ST0866,SK009,Data Structures & Algorithms,intermediate,resume_parse_mock
ST0866,SK015,Data Visualization,intermediate,resume_parse_mock
ST0866,SK048,Networking,intermediate,resume_parse_mock
ST0866,SK014,Spark / Databricks,intermediate,resume_parse_mock
ST0866,SK016,Statistics,advanced,resume_parse_mock
ST0866,SK010,System Design,advanced,resume_parse_mock
ST0867,SK008,Cloud (AWS/Azure/GCP),advanced,resume_parse_mock
ST0867,SK012,Deep Learning,beginner,resume_parse_mock
ST0867,SK004,JavaScript,intermediate,resume_parse_mock
ST0867,SK050,Leadership,advanced,resume_parse_mock
ST0867,SK001,Python,advanced,resume_parse_mock
ST0867,SK006,SQL,intermediate,resume_parse_mock
ST0867,SK010,System Design,beginner,resume_parse_mock
ST0868,SK037,Auditing,beginner,resume_parse_mock
ST0868,SK031,DCF Valuation,intermediate,resume_parse_mock
ST0868,SK030,Financial Modeling,beginner,resume_parse_mock
ST0868,SK047,Public Speaking,intermediate,resume_parse_mock
ST0868,SK051,Teamwork,beginner,resume_parse_mock
ST0869,SK032,Accounting Fundamentals,intermediate,resume_parse_mock
ST0869,SK052,Behavioral Interviewing,advanced,resume_parse_mock
ST0869,SK031,DCF Valuation,beginner,resume_parse_mock
ST0869,SK029,Excel Modeling,beginner,resume_parse_mock
ST0869,SK036,Financial Statement Analysis,advanced,resume_parse_mock
ST0869,SK050,Leadership,advanced,resume_parse_mock
ST0869,SK051,Teamwork,beginner,resume_parse_mock
ST0870,SK015,Data Visualization,advanced,resume_parse_mock
ST0870,SK029,Excel Modeling,intermediate,resume_parse_mock
ST0870,SK027,Figma,beginner,resume_parse_mock
ST0870,SK044,Market Research,intermediate,resume_parse_mock
ST0870,SK054,Policy Analysis,advanced,resume_parse_mock
ST0870,SK047,Public Speaking,intermediate,resume_parse_mock
ST0870,SK042,Supply Chain Analytics,beginner,resume_parse_mock
ST0870,SK051,Teamwork,advanced,resume_parse_mock
ST0870,SK049,Technical Writing,advanced,resume_parse_mock
ST0871,SK009,Data Structures & Algorithms,advanced,resume_parse_mock
ST0871,SK015,Data Visualization,advanced,resume_parse_mock
ST0871,SK007,Git,intermediate,resume_parse_mock
ST0871,SK002,Java,intermediate,resume_parse_mock
ST0871,SK053,Project Management,advanced,resume_parse_mock
ST0871,SK001,Python,beginner,resume_parse_mock
ST0871,SK014,Spark / Databricks,beginner,resume_parse_mock
ST0872,SK050,Leadership,intermediate,resume_parse_mock
ST0872,SK023,MATLAB,advanced,resume_parse_mock
ST0872,SK051,Teamwork,advanced,resume_parse_mock
ST0873,SK002,Java,intermediate,resume_parse_mock
ST0873,SK018,Network Security,advanced,resume_parse_mock
ST0873,SK010,System Design,advanced,resume_parse_mock
ST0873,SK051,Teamwork,advanced,resume_parse_mock
ST0874,SK040,Business Strategy,intermediate,resume_parse_mock
ST0874,SK039,Case Interviewing,advanced,resume_parse_mock
ST0874,SK029,Excel Modeling,beginner,resume_parse_mock
ST0874,SK006,SQL,intermediate,resume_parse_mock
ST0875,SK009,Data Structures & Algorithms,beginner,resume_parse_mock
ST0875,SK015,Data Visualization,beginner,resume_parse_mock
ST0875,SK011,Machine Learning,advanced,resume_parse_mock
ST0875,SK047,Public Speaking,beginner,resume_parse_mock
ST0875,SK001,Python,intermediate,resume_parse_mock
ST0876,SK024,Circuit Design,intermediate,resume_parse_mock
ST0876,SK021,Embedded Systems,beginner,resume_parse_mock
ST0876,SK023,MATLAB,intermediate,resume_parse_mock
ST0876,SK011,Machine Learning,beginner,resume_parse_mock
ST0876,SK018,Network Security,intermediate,resume_parse_mock
ST0876,SK010,System Design,advanced,resume_parse_mock
ST0876,SK051,Teamwork,advanced,resume_parse_mock
ST0877,SK050,Leadership,advanced,resume_parse_mock
ST0877,SK054,Policy Analysis,advanced,resume_parse_mock
ST0877,SK047,Public Speaking,beginner,resume_parse_mock
ST0877,SK016,Statistics,advanced,resume_parse_mock
ST0877,SK051,Teamwork,intermediate,resume_parse_mock
ST0877,SK049,Technical Writing,advanced,resume_parse_mock
ST0878,SK039,Case Interviewing,advanced,resume_parse_mock
ST0878,SK029,Excel Modeling,beginner,resume_parse_mock
ST0878,SK050,Leadership,beginner,resume_parse_mock
ST0878,SK038,Market Sizing,beginner,resume_parse_mock
ST0878,SK053,Project Management,beginner,resume_parse_mock
ST0878,SK001,Python,intermediate,resume_parse_mock
ST0878,SK006,SQL,intermediate,resume_parse_mock
ST0878,SK010,System Design,beginner,resume_parse_mock
ST0879,SK003,C/C++,advanced,resume_parse_mock
ST0879,SK009,Data Structures & Algorithms,intermediate,resume_parse_mock
ST0879,SK012,Deep Learning,advanced,resume_parse_mock
ST0879,SK021,Embedded Systems,intermediate,resume_parse_mock
ST0879,SK018,Network Security,advanced,resume_parse_mock
ST0880,SK026,Lab Research Methods,beginner,resume_parse_mock
ST0880,SK050,Leadership,advanced,resume_parse_mock
ST0880,SK023,MATLAB,intermediate,resume_parse_mock
ST0880,SK047,Public Speaking,intermediate,resume_parse_mock
ST0880,SK001,Python,beginner,resume_parse_mock
ST0880,SK016,Statistics,beginner,resume_parse_mock
ST0880,SK010,System Design,beginner,resume_parse_mock
ST0880,SK049,Technical Writing,advanced,resume_parse_mock
ST0881,SK022,CAD (SolidWorks),intermediate,resume_parse_mock
ST0881,SK050,Leadership,beginner,resume_parse_mock
ST0881,SK047,Public Speaking,intermediate,resume_parse_mock
ST0881,SK025,Structural Analysis,intermediate,resume_parse_mock
ST0881,SK049,Technical Writing,beginner,resume_parse_mock
ST0882,SK003,C/C++,intermediate,resume_parse_mock
ST0882,SK009,Data Structures & Algorithms,beginner,resume_parse_mock
ST0882,SK007,Git,intermediate,resume_parse_mock
ST0882,SK047,Public Speaking,intermediate,resume_parse_mock
ST0882,SK046,Stochastic Calculus,intermediate,resume_parse_mock
ST0883,SK003,C/C++,advanced,resume_parse_mock
ST0883,SK022,CAD (SolidWorks),beginner,resume_parse_mock
ST0883,SK011,Machine Learning,advanced,resume_parse_mock
ST0883,SK053,Project Management,advanced,resume_parse_mock
ST0883,SK049,Technical Writing,intermediate,resume_parse_mock
ST0884,SK022,CAD (SolidWorks),intermediate,resume_parse_mock
ST0884,SK050,Leadership,intermediate,resume_parse_mock
ST0884,SK047,Public Speaking,advanced,resume_parse_mock
ST0884,SK049,Technical Writing,intermediate,resume_parse_mock
ST0885,SK008,Cloud (AWS/Azure/GCP),intermediate,resume_parse_mock
ST0885,SK006,SQL,intermediate,resume_parse_mock
ST0885,SK042,Supply Chain Analytics,intermediate,resume_parse_mock
ST0885,SK017,Tableau / Power BI,beginner,resume_parse_mock
ST0885,SK051,Teamwork,intermediate,resume_parse_mock
ST0885,SK028,User Research,intermediate,resume_parse_mock
ST0886,SK032,Accounting Fundamentals,beginner,resume_parse_mock
ST0886,SK052,Behavioral Interviewing,advanced,resume_parse_mock
ST0886,SK031,DCF Valuation,advanced,resume_parse_mock
ST0886,SK029,Excel Modeling,advanced,resume_parse_mock
ST0886,SK030,Financial Modeling,intermediate,resume_parse_mock
ST0886,SK014,Spark / Databricks,intermediate,resume_parse_mock
ST0886,SK049,Technical Writing,beginner,resume_parse_mock
ST0887,SK037,Auditing,beginner,resume_parse_mock
ST0887,SK036,Financial Statement Analysis,advanced,resume_parse_mock
ST0887,SK033,LBO Modeling,beginner,resume_parse_mock
ST0887,SK016,Statistics,intermediate,resume_parse_mock
ST0888,SK052,Behavioral Interviewing,beginner,resume_parse_mock
ST0888,SK007,Git,advanced,resume_parse_mock
ST0888,SK002,Java,intermediate,resume_parse_mock
ST0888,SK004,JavaScript,advanced,resume_parse_mock
ST0888,SK010,System Design,advanced,resume_parse_mock
ST0889,SK039,Case Interviewing,advanced,resume_parse_mock
ST0889,SK043,Digital Marketing,advanced,resume_parse_mock
ST0889,SK011,Machine Learning,beginner,resume_parse_mock
ST0889,SK044,Market Research,beginner,resume_parse_mock
ST0890,SK022,CAD (SolidWorks),beginner,resume_parse_mock
ST0890,SK053,Project Management,advanced,resume_parse_mock
ST0890,SK025,Structural Analysis,advanced,resume_parse_mock
ST0890,SK049,Technical Writing,advanced,resume_parse_mock
ST0891,SK052,Behavioral Interviewing,beginner,resume_parse_mock
ST0891,SK009,Data Structures & Algorithms,advanced,resume_parse_mock
ST0891,SK020,Linux,intermediate,resume_parse_mock
ST0891,SK011,Machine Learning,beginner,resume_parse_mock
ST0892,SK022,CAD (SolidWorks),advanced,resume_parse_mock
ST0892,SK050,Leadership,beginner,resume_parse_mock
ST0892,SK023,MATLAB,beginner,resume_parse_mock
ST0892,SK053,Project Management,beginner,resume_parse_mock
ST0892,SK025,Structural Analysis,intermediate,resume_parse_mock
ST0892,SK051,Teamwork,advanced,resume_parse_mock
ST0892,SK049,Technical Writing,beginner,resume_parse_mock
ST0893,SK040,Business Strategy,beginner,resume_parse_mock
ST0893,SK027,Figma,beginner,resume_parse_mock
ST0893,SK050,Leadership,beginner,resume_parse_mock
ST0893,SK047,Public Speaking,advanced,resume_parse_mock
ST0893,SK006,SQL,intermediate,resume_parse_mock
ST0893,SK028,User Research,beginner,resume_parse_mock
ST0894,SK032,Accounting Fundamentals,advanced,resume_parse_mock
ST0894,SK031,DCF Valuation,advanced,resume_parse_mock
ST0894,SK015,Data Visualization,beginner,resume_parse_mock
ST0894,SK043,Digital Marketing,intermediate,resume_parse_mock
ST0894,SK050,Leadership,intermediate,resume_parse_mock
ST0894,SK044,Market Research,advanced,resume_parse_mock
ST0894,SK047,Public Speaking,beginner,resume_parse_mock
ST0894,SK051,Teamwork,advanced,resume_parse_mock
ST0895,SK040,Business Strategy,intermediate,resume_parse_mock
ST0895,SK003,C/C++,beginner,resume_parse_mock
ST0895,SK027,Figma,intermediate,resume_parse_mock
ST0895,SK050,Leadership,beginner,resume_parse_mock
ST0895,SK011,Machine Learning,beginner,resume_parse_mock
ST0895,SK041,Product Roadmapping,intermediate,resume_parse_mock
ST0896,SK032,Accounting Fundamentals,beginner,resume_parse_mock
ST0896,SK029,Excel Modeling,intermediate,resume_parse_mock
ST0896,SK033,LBO Modeling,advanced,resume_parse_mock
ST0896,SK047,Public Speaking,intermediate,resume_parse_mock
ST0897,SK039,Case Interviewing,advanced,resume_parse_mock
ST0897,SK029,Excel Modeling,intermediate,resume_parse_mock
ST0897,SK038,Market Sizing,advanced,resume_parse_mock
ST0897,SK018,Network Security,intermediate,resume_parse_mock
ST0897,SK019,Penetration Testing,beginner,resume_parse_mock
ST0897,SK041,Product Roadmapping,advanced,resume_parse_mock
ST0897,SK053,Project Management,advanced,resume_parse_mock
ST0897,SK042,Supply Chain Analytics,beginner,resume_parse_mock
ST0897,SK051,Teamwork,advanced,resume_parse_mock
ST0897,SK028,User Research,advanced,resume_parse_mock
ST0898,SK037,Auditing,beginner,resume_parse_mock
ST0898,SK052,Behavioral Interviewing,advanced,resume_parse_mock
ST0898,SK031,DCF Valuation,beginner,resume_parse_mock
ST0898,SK030,Financial Modeling,intermediate,resume_parse_mock
ST0898,SK036,Financial Statement Analysis,intermediate,resume_parse_mock
ST0898,SK033,LBO Modeling,beginner,resume_parse_mock
ST0899,SK040,Business Strategy,advanced,resume_parse_mock
ST0899,SK022,CAD (SolidWorks),beginner,resume_parse_mock
ST0899,SK008,Cloud (AWS/Azure/GCP),beginner,resume_parse_mock
ST0899,SK047,Public Speaking,advanced,resume_parse_mock
ST0899,SK014,Spark / Databricks,advanced,resume_parse_mock
ST0899,SK051,Teamwork,beginner,resume_parse_mock
ST0900,SK009,Data Structures & Algorithms,beginner,resume_parse_mock
ST0900,SK015,Data Visualization,intermediate,resume_parse_mock
ST0900,SK011,Machine Learning,advanced,resume_parse_mock
ST0900,SK018,Network Security,beginner,resume_parse_mock
ST0900,SK041,Product Roadmapping,beginner,resume_parse_mock
ST0900,SK047,Public Speaking,beginner,resume_parse_mock
ST0900,SK001,Python,advanced,resume_parse_mock
ST0900,SK046,Stochastic Calculus,advanced,resume_parse_mock
ST0901,SK003,C/C++,intermediate,resume_parse_mock
ST0901,SK027,Figma,intermediate,resume_parse_mock
ST0901,SK053,Project Management,beginner,resume_parse_mock
ST0901,SK001,Python,advanced,resume_parse_mock
ST0902,SK053,Project Management,advanced,resume_parse_mock
ST0902,SK047,Public Speaking,beginner,resume_parse_mock
ST0902,SK025,Structural Analysis,beginner,resume_parse_mock
ST0902,SK051,Teamwork,advanced,resume_parse_mock
ST0902,SK049,Technical Writing,advanced,resume_parse_mock
ST0903,SK021,Embedded Systems,intermediate,resume_parse_mock
ST0903,SK013,LLMs & AI Agents,advanced,resume_parse_mock
ST0903,SK020,Linux,beginner,resume_parse_mock
ST0903,SK018,Network Security,intermediate,resume_parse_mock
ST0903,SK019,Penetration Testing,advanced,resume_parse_mock
ST0903,SK001,Python,intermediate,resume_parse_mock
ST0904,SK026,Lab Research Methods,intermediate,resume_parse_mock
ST0904,SK023,MATLAB,intermediate,resume_parse_mock
ST0904,SK047,Public Speaking,advanced,resume_parse_mock
ST0904,SK016,Statistics,beginner,resume_parse_mock
ST0904,SK049,Technical Writing,intermediate,resume_parse_mock
ST0905,SK032,Accounting Fundamentals,intermediate,resume_parse_mock
ST0905,SK029,Excel Modeling,beginner,resume_parse_mock
ST0905,SK030,Financial Modeling,intermediate,resume_parse_mock
ST0905,SK034,M&A Concepts,beginner,resume_parse_mock
ST0905,SK051,Teamwork,advanced,resume_parse_mock
ST0906,SK009,Data Structures & Algorithms,beginner,resume_parse_mock
ST0906,SK012,Deep Learning,advanced,resume_parse_mock
ST0906,SK007,Git,beginner,resume_parse_mock
ST0906,SK019,Penetration Testing,advanced,resume_parse_mock
ST0906,SK001,Python,beginner,resume_parse_mock
ST0906,SK014,Spark / Databricks,beginner,resume_parse_mock
ST0906,SK046,Stochastic Calculus,advanced,resume_parse_mock
ST0906,SK051,Teamwork,advanced,resume_parse_mock
ST0907,SK052,Behavioral Interviewing,intermediate,resume_parse_mock
ST0907,SK030,Financial Modeling,intermediate,resume_parse_mock
ST0907,SK050,Leadership,advanced,resume_parse_mock
ST0907,SK016,Statistics,intermediate,resume_parse_mock
ST0907,SK028,User Research,beginner,resume_parse_mock
ST0908,SK052,Behavioral Interviewing,advanced,resume_parse_mock
ST0908,SK003,C/C++,intermediate,resume_parse_mock
ST0908,SK009,Data Structures & Algorithms,advanced,resume_parse_mock
ST0908,SK021,Embedded Systems,intermediate,resume_parse_mock
ST0908,SK007,Git,advanced,resume_parse_mock
ST0908,SK051,Teamwork,beginner,resume_parse_mock
ST0909,SK052,Behavioral Interviewing,beginner,resume_parse_mock
ST0909,SK008,Cloud (AWS/Azure/GCP),beginner,resume_parse_mock
ST0909,SK013,LLMs & AI Agents,advanced,resume_parse_mock
ST0909,SK050,Leadership,advanced,resume_parse_mock
ST0909,SK034,M&A Concepts,advanced,resume_parse_mock
ST0909,SK001,Python,beginner,resume_parse_mock
ST0910,SK032,Accounting Fundamentals,advanced,resume_parse_mock
ST0910,SK037,Auditing,beginner,resume_parse_mock
ST0910,SK031,DCF Valuation,advanced,resume_parse_mock
ST0910,SK034,M&A Concepts,intermediate,resume_parse_mock
ST0910,SK047,Public Speaking,advanced,resume_parse_mock
ST0911,SK052,Behavioral Interviewing,intermediate,resume_parse_mock
ST0911,SK008,Cloud (AWS/Azure/GCP),beginner,resume_parse_mock
ST0911,SK020,Linux,beginner,resume_parse_mock
ST0911,SK047,Public Speaking,beginner,resume_parse_mock
ST0911,SK051,Teamwork,advanced,resume_parse_mock
ST0912,SK040,Business Strategy,beginner,resume_parse_mock
ST0912,SK007,Git,advanced,resume_parse_mock
ST0912,SK018,Network Security,beginner,resume_parse_mock
ST0912,SK019,Penetration Testing,intermediate,resume_parse_mock
ST0912,SK041,Product Roadmapping,advanced,resume_parse_mock
ST0912,SK016,Statistics,intermediate,resume_parse_mock
ST0912,SK046,Stochastic Calculus,advanced,resume_parse_mock
ST0913,SK027,Figma,beginner,resume_parse_mock
ST0913,SK004,JavaScript,beginner,resume_parse_mock
ST0913,SK047,Public Speaking,advanced,resume_parse_mock
ST0913,SK051,Teamwork,beginner,resume_parse_mock
ST0913,SK028,User Research,beginner,resume_parse_mock
ST0914,SK015,Data Visualization,advanced,resume_parse_mock
ST0914,SK029,Excel Modeling,advanced,resume_parse_mock
ST0914,SK007,Git,advanced,resume_parse_mock
ST0914,SK050,Leadership,advanced,resume_parse_mock
ST0914,SK048,Networking,intermediate,resume_parse_mock
ST0914,SK006,SQL,advanced,resume_parse_mock
ST0915,SK040,Business Strategy,advanced,resume_parse_mock
ST0915,SK027,Figma,beginner,resume_parse_mock
ST0915,SK004,JavaScript,beginner,resume_parse_mock
ST0915,SK041,Product Roadmapping,beginner,resume_parse_mock
ST0915,SK047,Public Speaking,advanced,resume_parse_mock
ST0915,SK006,SQL,intermediate,resume_parse_mock
ST0915,SK051,Teamwork,intermediate,resume_parse_mock
ST0916,SK003,C/C++,beginner,resume_parse_mock
ST0916,SK015,Data Visualization,advanced,resume_parse_mock
ST0916,SK007,Git,intermediate,resume_parse_mock
ST0916,SK050,Leadership,beginner,resume_parse_mock
ST0916,SK001,Python,advanced,resume_parse_mock
ST0916,SK014,Spark / Databricks,intermediate,resume_parse_mock
ST0916,SK016,Statistics,beginner,resume_parse_mock
ST0916,SK051,Teamwork,intermediate,resume_parse_mock
ST0917,SK008,Cloud (AWS/Azure/GCP),intermediate,resume_parse_mock
ST0917,SK002,Java,advanced,resume_parse_mock
ST0917,SK020,Linux,advanced,resume_parse_mock
ST0917,SK016,Statistics,advanced,resume_parse_mock
ST0917,SK046,Stochastic Calculus,advanced,resume_parse_mock
ST0918,SK032,Accounting Fundamentals,intermediate,resume_parse_mock
ST0918,SK030,Financial Modeling,advanced,resume_parse_mock
ST0918,SK034,M&A Concepts,intermediate,resume_parse_mock
ST0918,SK048,Networking,advanced,resume_parse_mock
ST0918,SK006,SQL,intermediate,resume_parse_mock
ST0918,SK051,Teamwork,intermediate,resume_parse_mock
ST0919,SK008,Cloud (AWS/Azure/GCP),intermediate,resume_parse_mock
ST0919,SK029,Excel Modeling,intermediate,resume_parse_mock
ST0919,SK023,MATLAB,advanced,resume_parse_mock
ST0919,SK038,Market Sizing,intermediate,resume_parse_mock
ST0919,SK053,Project Management,intermediate,resume_parse_mock
ST0919,SK047,Public Speaking,intermediate,resume_parse_mock
ST0919,SK042,Supply Chain Analytics,beginner,resume_parse_mock
ST0919,SK017,Tableau / Power BI,advanced,resume_parse_mock
ST0920,SK015,Data Visualization,beginner,resume_parse_mock
ST0920,SK043,Digital Marketing,beginner,resume_parse_mock
ST0920,SK050,Leadership,beginner,resume_parse_mock
ST0920,SK044,Market Research,beginner,resume_parse_mock
ST0920,SK047,Public Speaking,advanced,resume_parse_mock
ST0920,SK051,Teamwork,beginner,resume_parse_mock
ST0921,SK052,Behavioral Interviewing,advanced,resume_parse_mock
ST0921,SK012,Deep Learning,advanced,resume_parse_mock
ST0921,SK013,LLMs & AI Agents,advanced,resume_parse_mock
ST0921,SK001,Python,beginner,resume_parse_mock
ST0921,SK016,Statistics,advanced,resume_parse_mock
ST0922,SK015,Data Visualization,beginner,resume_parse_mock
ST0922,SK004,JavaScript,beginner,resume_parse_mock
ST0922,SK047,Public Speaking,intermediate,resume_parse_mock
ST0922,SK016,Statistics,advanced,resume_parse_mock
ST0922,SK049,Technical Writing,beginner,resume_parse_mock
ST0923,SK040,Business Strategy,intermediate,resume_parse_mock
ST0923,SK039,Case Interviewing,beginner,resume_parse_mock
ST0923,SK031,DCF Valuation,intermediate,resume_parse_mock
ST0923,SK030,Financial Modeling,beginner,resume_parse_mock
ST0923,SK011,Machine Learning,intermediate,resume_parse_mock
ST0923,SK014,Spark / Databricks,beginner,resume_parse_mock
ST0923,SK016,Statistics,intermediate,resume_parse_mock
ST0924,SK040,Business Strategy,beginner,resume_parse_mock
ST0924,SK015,Data Visualization,intermediate,resume_parse_mock
ST0924,SK029,Excel Modeling,intermediate,resume_parse_mock
ST0924,SK038,Market Sizing,intermediate,resume_parse_mock
ST0924,SK041,Product Roadmapping,beginner,resume_parse_mock
ST0924,SK047,Public Speaking,intermediate,resume_parse_mock
ST0924,SK006,SQL,advanced,resume_parse_mock
ST0924,SK028,User Research,beginner,resume_parse_mock
ST0925,SK052,Behavioral Interviewing,beginner,resume_parse_mock
ST0925,SK003,C/C++,beginner,resume_parse_mock
ST0925,SK009,Data Structures & Algorithms,beginner,resume_parse_mock
ST0925,SK021,Embedded Systems,advanced,resume_parse_mock
ST0925,SK007,Git,beginner,resume_parse_mock
ST0925,SK001,Python,beginner,resume_parse_mock
ST0925,SK010,System Design,intermediate,resume_parse_mock
ST0925,SK051,Teamwork,intermediate,resume_parse_mock
ST0926,SK052,Behavioral Interviewing,intermediate,resume_parse_mock
ST0926,SK036,Financial Statement Analysis,intermediate,resume_parse_mock
ST0926,SK050,Leadership,advanced,resume_parse_mock
ST0926,SK034,M&A Concepts,intermediate,resume_parse_mock
ST0926,SK051,Teamwork,intermediate,resume_parse_mock
ST0927,SK022,CAD (SolidWorks),intermediate,resume_parse_mock
ST0927,SK050,Leadership,beginner,resume_parse_mock
ST0927,SK053,Project Management,beginner,resume_parse_mock
ST0927,SK047,Public Speaking,intermediate,resume_parse_mock
ST0927,SK049,Technical Writing,advanced,resume_parse_mock
ST0928,SK015,Data Visualization,intermediate,resume_parse_mock
ST0928,SK043,Digital Marketing,beginner,resume_parse_mock
ST0928,SK050,Leadership,intermediate,resume_parse_mock
ST0928,SK044,Market Research,beginner,resume_parse_mock
ST0928,SK047,Public Speaking,intermediate,resume_parse_mock
ST0928,SK051,Teamwork,intermediate,resume_parse_mock
ST0929,SK027,Figma,intermediate,resume_parse_mock
ST0929,SK004,JavaScript,beginner,resume_parse_mock
ST0929,SK050,Leadership,advanced,resume_parse_mock
ST0929,SK011,Machine Learning,intermediate,resume_parse_mock
ST0929,SK019,Penetration Testing,beginner,resume_parse_mock
ST0930,SK002,Java,beginner,resume_parse_mock
ST0930,SK020,Linux,advanced,resume_parse_mock
ST0930,SK019,Penetration Testing,intermediate,resume_parse_mock
ST0930,SK014,Spark / Databricks,advanced,resume_parse_mock
ST0930,SK016,Statistics,beginner,resume_parse_mock
ST0930,SK010,System Design,advanced,resume_parse_mock
ST0930,SK028,User Research,intermediate,resume_parse_mock
ST0931,SK040,Business Strategy,beginner,resume_parse_mock
ST0931,SK003,C/C++,intermediate,resume_parse_mock
ST0931,SK050,Leadership,advanced,resume_parse_mock
ST0931,SK047,Public Speaking,intermediate,resume_parse_mock
ST0931,SK051,Teamwork,beginner,resume_parse_mock
ST0932,SK037,Auditing,beginner,resume_parse_mock
ST0932,SK031,DCF Valuation,advanced,resume_parse_mock
ST0932,SK029,Excel Modeling,intermediate,resume_parse_mock
ST0932,SK033,LBO Modeling,advanced,resume_parse_mock
ST0932,SK050,Leadership,beginner,resume_parse_mock
ST0932,SK051,Teamwork,advanced,resume_parse_mock
ST0933,SK024,Circuit Design,beginner,resume_parse_mock
ST0933,SK050,Leadership,intermediate,resume_parse_mock
ST0933,SK023,MATLAB,advanced,resume_parse_mock
ST0933,SK051,Teamwork,advanced,resume_parse_mock
ST0934,SK003,C/C++,beginner,resume_parse_mock
ST0934,SK002,Java,beginner,resume_parse_mock
ST0934,SK011,Machine Learning,advanced,resume_parse_mock
ST0934,SK001,Python,beginner,resume_parse_mock
ST0934,SK006,SQL,advanced,resume_parse_mock
ST0934,SK016,Statistics,beginner,resume_parse_mock
ST0934,SK051,Teamwork,advanced,resume_parse_mock
ST0935,SK003,C/C++,beginner,resume_parse_mock
ST0935,SK009,Data Structures & Algorithms,advanced,resume_parse_mock
ST0935,SK013,LLMs & AI Agents,advanced,resume_parse_mock
ST0935,SK051,Teamwork,intermediate,resume_parse_mock
ST0936,SK022,CAD (SolidWorks),beginner,resume_parse_mock
ST0936,SK039,Case Interviewing,beginner,resume_parse_mock
ST0936,SK008,Cloud (AWS/Azure/GCP),intermediate,resume_parse_mock
ST0936,SK023,MATLAB,beginner,resume_parse_mock
ST0936,SK038,Market Sizing,intermediate,resume_parse_mock
ST0936,SK053,Project Management,advanced,resume_parse_mock
ST0936,SK001,Python,advanced,resume_parse_mock
ST0936,SK014,Spark / Databricks,beginner,resume_parse_mock
ST0936,SK049,Technical Writing,advanced,resume_parse_mock
ST0937,SK039,Case Interviewing,beginner,resume_parse_mock
ST0937,SK007,Git,intermediate,resume_parse_mock
ST0937,SK020,Linux,beginner,resume_parse_mock
ST0937,SK011,Machine Learning,intermediate,resume_parse_mock
ST0937,SK010,System Design,beginner,resume_parse_mock
ST0937,SK028,User Research,beginner,resume_parse_mock
ST0938,SK039,Case Interviewing,advanced,resume_parse_mock
ST0938,SK031,DCF Valuation,intermediate,resume_parse_mock
ST0938,SK030,Financial Modeling,advanced,resume_parse_mock
ST0938,SK050,Leadership,advanced,resume_parse_mock
ST0938,SK034,M&A Concepts,intermediate,resume_parse_mock
ST0938,SK001,Python,intermediate,resume_parse_mock
ST0938,SK006,SQL,advanced,resume_parse_mock
ST0938,SK016,Statistics,intermediate,resume_parse_mock
ST0939,SK003,C/C++,intermediate,resume_parse_mock
ST0939,SK024,Circuit Design,advanced,resume_parse_mock
ST0939,SK021,Embedded Systems,advanced,resume_parse_mock
ST0939,SK050,Leadership,advanced,resume_parse_mock
ST0939,SK047,Public Speaking,beginner,resume_parse_mock
ST0939,SK051,Teamwork,advanced,resume_parse_mock
ST0940,SK023,MATLAB,advanced,resume_parse_mock
ST0940,SK047,Public Speaking,beginner,resume_parse_mock
ST0940,SK051,Teamwork,beginner,resume_parse_mock
ST0941,SK039,Case Interviewing,advanced,resume_parse_mock
ST0941,SK008,Cloud (AWS/Azure/GCP),advanced,resume_parse_mock
ST0941,SK011,Machine Learning,advanced,resume_parse_mock
ST0941,SK014,Spark / Databricks,beginner,resume_parse_mock
ST0941,SK046,Stochastic Calculus,intermediate,resume_parse_mock
ST0942,SK003,C/C++,advanced,resume_parse_mock
ST0942,SK024,Circuit Design,intermediate,resume_parse_mock
ST0942,SK021,Embedded Systems,advanced,resume_parse_mock
ST0942,SK050,Leadership,intermediate,resume_parse_mock
ST0942,SK023,MATLAB,advanced,resume_parse_mock
ST0942,SK047,Public Speaking,intermediate,resume_parse_mock
ST0943,SK008,Cloud (AWS/Azure/GCP),beginner,resume_parse_mock
ST0943,SK041,Product Roadmapping,intermediate,resume_parse_mock
ST0943,SK053,Project Management,advanced,resume_parse_mock
ST0943,SK047,Public Speaking,advanced,resume_parse_mock
ST0943,SK001,Python,intermediate,resume_parse_mock
ST0943,SK025,Structural Analysis,advanced,resume_parse_mock
ST0943,SK049,Technical Writing,intermediate,resume_parse_mock
ST0944,SK003,C/C++,advanced,resume_parse_mock
ST0944,SK015,Data Visualization,beginner,resume_parse_mock
ST0944,SK006,SQL,intermediate,resume_parse_mock
ST0945,SK039,Case Interviewing,advanced,resume_parse_mock
ST0945,SK008,Cloud (AWS/Azure/GCP),intermediate,resume_parse_mock
ST0945,SK018,Network Security,intermediate,resume_parse_mock
ST0945,SK053,Project Management,advanced,resume_parse_mock
ST0945,SK001,Python,beginner,resume_parse_mock
ST0945,SK006,SQL,advanced,resume_parse_mock
ST0945,SK014,Spark / Databricks,advanced,resume_parse_mock
ST0945,SK051,Teamwork,beginner,resume_parse_mock
ST0946,SK040,Business Strategy,intermediate,resume_parse_mock
ST0946,SK008,Cloud (AWS/Azure/GCP),advanced,resume_parse_mock
ST0946,SK020,Linux,advanced,resume_parse_mock
ST0946,SK041,Product Roadmapping,intermediate,resume_parse_mock
ST0946,SK047,Public Speaking,intermediate,resume_parse_mock
ST0946,SK006,SQL,intermediate,resume_parse_mock
ST0946,SK014,Spark / Databricks,advanced,resume_parse_mock
ST0947,SK013,LLMs & AI Agents,intermediate,resume_parse_mock
ST0947,SK020,Linux,intermediate,resume_parse_mock
ST0947,SK023,MATLAB,intermediate,resume_parse_mock
ST0947,SK018,Network Security,beginner,resume_parse_mock
ST0947,SK047,Public Speaking,intermediate,resume_parse_mock
ST0948,SK040,Business Strategy,beginner,resume_parse_mock
ST0948,SK008,Cloud (AWS/Azure/GCP),advanced,resume_parse_mock
ST0948,SK029,Excel Modeling,beginner,resume_parse_mock
ST0948,SK050,Leadership,intermediate,resume_parse_mock
ST0948,SK038,Market Sizing,advanced,resume_parse_mock
ST0948,SK047,Public Speaking,intermediate,resume_parse_mock
ST0948,SK014,Spark / Databricks,intermediate,resume_parse_mock
ST0949,SK027,Figma,beginner,resume_parse_mock
ST0949,SK004,JavaScript,beginner,resume_parse_mock
ST0949,SK050,Leadership,advanced,resume_parse_mock
ST0949,SK047,Public Speaking,beginner,resume_parse_mock
ST0949,SK016,Statistics,advanced,resume_parse_mock
ST0949,SK051,Teamwork,advanced,resume_parse_mock
ST0949,SK028,User Research,intermediate,resume_parse_mock
ST0950,SK052,Behavioral Interviewing,intermediate,resume_parse_mock
ST0950,SK008,Cloud (AWS/Azure/GCP),advanced,resume_parse_mock
ST0950,SK029,Excel Modeling,intermediate,resume_parse_mock
ST0950,SK002,Java,beginner,resume_parse_mock
ST0950,SK050,Leadership,beginner,resume_parse_mock
ST0950,SK020,Linux,beginner,resume_parse_mock
ST0950,SK047,Public Speaking,advanced,resume_parse_mock
ST0951,SK015,Data Visualization,beginner,resume_parse_mock
ST0951,SK043,Digital Marketing,intermediate,resume_parse_mock
ST0951,SK050,Leadership,intermediate,resume_parse_mock
ST0951,SK047,Public Speaking,intermediate,resume_parse_mock
ST0951,SK051,Teamwork,intermediate,resume_parse_mock
ST0952,SK022,CAD (SolidWorks),beginner,resume_parse_mock
ST0952,SK050,Leadership,beginner,resume_parse_mock
ST0952,SK053,Project Management,intermediate,resume_parse_mock
ST0952,SK047,Public Speaking,beginner,resume_parse_mock
ST0952,SK025,Structural Analysis,intermediate,resume_parse_mock
ST0952,SK051,Teamwork,beginner,resume_parse_mock
ST0952,SK049,Technical Writing,advanced,resume_parse_mock
ST0953,SK008,Cloud (AWS/Azure/GCP),advanced,resume_parse_mock
ST0953,SK029,Excel Modeling,beginner,resume_parse_mock
ST0953,SK053,Project Management,advanced,resume_parse_mock
ST0953,SK006,SQL,beginner,resume_parse_mock
ST0953,SK014,Spark / Databricks,intermediate,resume_parse_mock
ST0954,SK040,Business Strategy,beginner,resume_parse_mock
ST0954,SK008,Cloud (AWS/Azure/GCP),advanced,resume_parse_mock
ST0954,SK010,System Design,beginner,resume_parse_mock
ST0954,SK028,User Research,advanced,resume_parse_mock
ST0955,SK015,Data Visualization,intermediate,resume_parse_mock
ST0955,SK050,Leadership,advanced,resume_parse_mock
ST0955,SK044,Market Research,beginner,resume_parse_mock
ST0955,SK047,Public Speaking,beginner,resume_parse_mock
ST0955,SK051,Teamwork,advanced,resume_parse_mock
ST0956,SK003,C/C++,beginner,resume_parse_mock
ST0956,SK024,Circuit Design,beginner,resume_parse_mock
ST0956,SK021,Embedded Systems,advanced,resume_parse_mock
ST0956,SK023,MATLAB,advanced,resume_parse_mock
ST0956,SK019,Penetration Testing,advanced,resume_parse_mock
ST0956,SK010,System Design,advanced,resume_parse_mock
ST0957,SK032,Accounting Fundamentals,advanced,resume_parse_mock
ST0957,SK039,Case Interviewing,intermediate,resume_parse_mock
ST0957,SK034,M&A Concepts,advanced,resume_parse_mock
ST0957,SK016,Statistics,beginner,resume_parse_mock
ST0957,SK051,Teamwork,intermediate,resume_parse_mock
ST0958,SK008,Cloud (AWS/Azure/GCP),beginner,resume_parse_mock
ST0958,SK012,Deep Learning,advanced,resume_parse_mock
ST0958,SK007,Git,advanced,resume_parse_mock
ST0958,SK020,Linux,intermediate,resume_parse_mock
ST0958,SK019,Penetration Testing,advanced,resume_parse_mock
ST0958,SK001,Python,beginner,resume_parse_mock
ST0959,SK008,Cloud (AWS/Azure/GCP),beginner,resume_parse_mock
ST0959,SK029,Excel Modeling,intermediate,resume_parse_mock
ST0959,SK023,MATLAB,advanced,resume_parse_mock
ST0959,SK053,Project Management,beginner,resume_parse_mock
ST0959,SK025,Structural Analysis,beginner,resume_parse_mock
ST0959,SK049,Technical Writing,intermediate,resume_parse_mock
ST0960,SK052,Behavioral Interviewing,intermediate,resume_parse_mock
ST0960,SK002,Java,beginner,resume_parse_mock
ST0960,SK046,Stochastic Calculus,advanced,resume_parse_mock
ST0961,SK009,Data Structures & Algorithms,intermediate,resume_parse_mock
ST0961,SK021,Embedded Systems,beginner,resume_parse_mock
ST0961,SK002,Java,intermediate,resume_parse_mock
ST0961,SK013,LLMs & AI Agents,advanced,resume_parse_mock
ST0961,SK001,Python,beginner,resume_parse_mock
ST0961,SK010,System Design,advanced,resume_parse_mock
ST0962,SK033,LBO Modeling,beginner,resume_parse_mock
ST0962,SK014,Spark / Databricks,intermediate,resume_parse_mock
ST0962,SK051,Teamwork,beginner,resume_parse_mock
ST0963,SK003,C/C++,beginner,resume_parse_mock
ST0963,SK009,Data Structures & Algorithms,beginner,resume_parse_mock
ST0963,SK007,Git,advanced,resume_parse_mock
ST0963,SK023,MATLAB,intermediate,resume_parse_mock
ST0963,SK018,Network Security,beginner,resume_parse_mock
ST0963,SK047,Public Speaking,intermediate,resume_parse_mock
ST0963,SK001,Python,advanced,resume_parse_mock
ST0963,SK051,Teamwork,intermediate,resume_parse_mock
ST0964,SK022,CAD (SolidWorks),beginner,resume_parse_mock
ST0964,SK023,MATLAB,beginner,resume_parse_mock
ST0964,SK053,Project Management,intermediate,resume_parse_mock
ST0964,SK047,Public Speaking,intermediate,resume_parse_mock
ST0964,SK051,Teamwork,advanced,resume_parse_mock
ST0965,SK003,C/C++,beginner,resume_parse_mock
ST0965,SK008,Cloud (AWS/Azure/GCP),intermediate,resume_parse_mock
ST0965,SK009,Data Structures & Algorithms,beginner,resume_parse_mock
ST0965,SK012,Deep Learning,intermediate,resume_parse_mock
ST0965,SK007,Git,advanced,resume_parse_mock
ST0965,SK006,SQL,advanced,resume_parse_mock
ST0965,SK046,Stochastic Calculus,beginner,resume_parse_mock
ST0966,SK029,Excel Modeling,advanced,resume_parse_mock
ST0966,SK050,Leadership,intermediate,resume_parse_mock
ST0966,SK044,Market Research,intermediate,resume_parse_mock
ST0966,SK053,Project Management,intermediate,resume_parse_mock
ST0966,SK047,Public Speaking,intermediate,resume_parse_mock
ST0966,SK006,SQL,advanced,resume_parse_mock
ST0966,SK042,Supply Chain Analytics,beginner,resume_parse_mock
ST0966,SK051,Teamwork,advanced,resume_parse_mock
ST0967,SK052,Behavioral Interviewing,intermediate,resume_parse_mock
ST0967,SK033,LBO Modeling,beginner,resume_parse_mock
ST0967,SK011,Machine Learning,intermediate,resume_parse_mock
ST0967,SK038,Market Sizing,intermediate,resume_parse_mock
ST0968,SK040,Business Strategy,beginner,resume_parse_mock
ST0968,SK008,Cloud (AWS/Azure/GCP),advanced,resume_parse_mock
ST0968,SK009,Data Structures & Algorithms,intermediate,resume_parse_mock
ST0968,SK002,Java,intermediate,resume_parse_mock
ST0968,SK013,LLMs & AI Agents,advanced,resume_parse_mock
ST0968,SK053,Project Management,advanced,resume_parse_mock
ST0968,SK001,Python,intermediate,resume_parse_mock
ST0968,SK016,Statistics,advanced,resume_parse_mock
ST0969,SK009,Data Structures & Algorithms,intermediate,resume_parse_mock
ST0969,SK002,Java,intermediate,resume_parse_mock
ST0969,SK018,Network Security,beginner,resume_parse_mock
ST0969,SK006,SQL,advanced,resume_parse_mock
ST0969,SK051,Teamwork,beginner,resume_parse_mock
ST0970,SK047,Public Speaking,intermediate,resume_parse_mock
ST0970,SK051,Teamwork,advanced,resume_parse_mock
ST0970,SK049,Technical Writing,intermediate,resume_parse_mock
ST0971,SK052,Behavioral Interviewing,beginner,resume_parse_mock
ST0971,SK003,C/C++,beginner,resume_parse_mock
ST0971,SK015,Data Visualization,intermediate,resume_parse_mock
ST0971,SK012,Deep Learning,beginner,resume_parse_mock
ST0971,SK047,Public Speaking,advanced,resume_parse_mock
ST0971,SK001,Python,advanced,resume_parse_mock
ST0971,SK006,SQL,advanced,resume_parse_mock
ST0972,SK003,C/C++,intermediate,resume_parse_mock
ST0972,SK024,Circuit Design,advanced,resume_parse_mock
ST0972,SK021,Embedded Systems,beginner,resume_parse_mock
ST0972,SK050,Leadership,intermediate,resume_parse_mock
ST0972,SK023,MATLAB,intermediate,resume_parse_mock
ST0972,SK047,Public Speaking,advanced,resume_parse_mock
ST0972,SK051,Teamwork,intermediate,resume_parse_mock
ST0973,SK030,Financial Modeling,beginner,resume_parse_mock
ST0973,SK036,Financial Statement Analysis,beginner,resume_parse_mock
ST0973,SK048,Networking,advanced,resume_parse_mock
ST0973,SK047,Public Speaking,advanced,resume_parse_mock
ST0974,SK040,Business Strategy,beginner,resume_parse_mock
ST0974,SK050,Leadership,beginner,resume_parse_mock
ST0974,SK020,Linux,beginner,resume_parse_mock
ST0974,SK041,Product Roadmapping,intermediate,resume_parse_mock
ST0974,SK053,Project Management,intermediate,resume_parse_mock
ST0974,SK047,Public Speaking,beginner,resume_parse_mock
ST0974,SK042,Supply Chain Analytics,intermediate,resume_parse_mock
ST0974,SK028,User Research,beginner,resume_parse_mock
ST0975,SK012,Deep Learning,beginner,resume_parse_mock
ST0975,SK007,Git,intermediate,resume_parse_mock
ST0975,SK013,LLMs & AI Agents,advanced,resume_parse_mock
ST0975,SK018,Network Security,intermediate,resume_parse_mock
ST0975,SK019,Penetration Testing,advanced,resume_parse_mock
ST0975,SK014,Spark / Databricks,advanced,resume_parse_mock
ST0976,SK052,Behavioral Interviewing,intermediate,resume_parse_mock
ST0976,SK003,C/C++,intermediate,resume_parse_mock
ST0976,SK008,Cloud (AWS/Azure/GCP),intermediate,resume_parse_mock
ST0976,SK009,Data Structures & Algorithms,beginner,resume_parse_mock
ST0976,SK002,Java,beginner,resume_parse_mock
ST0976,SK006,SQL,beginner,resume_parse_mock
ST0976,SK014,Spark / Databricks,advanced,resume_parse_mock
ST0976,SK010,System Design,beginner,resume_parse_mock
ST0977,SK052,Behavioral Interviewing,beginner,resume_parse_mock
ST0977,SK040,Business Strategy,beginner,resume_parse_mock
ST0977,SK039,Case Interviewing,advanced,resume_parse_mock
ST0977,SK029,Excel Modeling,intermediate,resume_parse_mock
ST0977,SK033,LBO Modeling,advanced,resume_parse_mock
ST0977,SK038,Market Sizing,advanced,resume_parse_mock
ST0977,SK047,Public Speaking,beginner,resume_parse_mock
ST0978,SK003,C/C++,intermediate,resume_parse_mock
ST0978,SK047,Public Speaking,beginner,resume_parse_mock
ST0978,SK001,Python,advanced,resume_parse_mock
ST0978,SK006,SQL,beginner,resume_parse_mock
ST0978,SK014,Spark / Databricks,advanced,resume_parse_mock
ST0978,SK046,Stochastic Calculus,beginner,resume_parse_mock
ST0979,SK015,Data Visualization,advanced,resume_parse_mock
ST0979,SK004,JavaScript,beginner,resume_parse_mock
ST0979,SK047,Public Speaking,advanced,resume_parse_mock
ST0979,SK016,Statistics,advanced,resume_parse_mock
ST0979,SK049,Technical Writing,advanced,resume_parse_mock
ST0979,SK028,User Research,beginner,resume_parse_mock
ST0980,SK008,Cloud (AWS/Azure/GCP),intermediate,resume_parse_mock
ST0980,SK029,Excel Modeling,advanced,resume_parse_mock
ST0980,SK053,Project Management,intermediate,resume_parse_mock
ST0980,SK047,Public Speaking,beginner,resume_parse_mock
ST0980,SK001,Python,intermediate,resume_parse_mock
ST0980,SK006,SQL,beginner,resume_parse_mock
ST0980,SK014,Spark / Databricks,intermediate,resume_parse_mock
ST0980,SK042,Supply Chain Analytics,advanced,resume_parse_mock
ST0980,SK017,Tableau / Power BI,advanced,resume_parse_mock
ST0981,SK015,Data Visualization,advanced,resume_parse_mock
ST0981,SK020,Linux,beginner,resume_parse_mock
ST0981,SK014,Spark / Databricks,advanced,resume_parse_mock
ST0982,SK032,Accounting Fundamentals,beginner,resume_parse_mock
ST0982,SK037,Auditing,advanced,resume_parse_mock
ST0982,SK036,Financial Statement Analysis,intermediate,resume_parse_mock
ST0982,SK034,M&A Concepts,beginner,resume_parse_mock
ST0982,SK048,Networking,advanced,resume_parse_mock
ST0982,SK051,Teamwork,beginner,resume_parse_mock
ST0983,SK050,Leadership,intermediate,resume_parse_mock
ST0983,SK053,Project Management,beginner,resume_parse_mock
ST0983,SK047,Public Speaking,intermediate,resume_parse_mock
ST0984,SK029,Excel Modeling,intermediate,resume_parse_mock
ST0984,SK030,Financial Modeling,beginner,resume_parse_mock
ST0984,SK050,Leadership,intermediate,resume_parse_mock
ST0984,SK034,M&A Concepts,intermediate,resume_parse_mock
ST0984,SK016,Statistics,beginner,resume_parse_mock
ST0985,SK027,Figma,advanced,resume_parse_mock
ST0985,SK004,JavaScript,advanced,resume_parse_mock
ST0985,SK050,Leadership,intermediate,resume_parse_mock
ST0985,SK041,Product Roadmapping,advanced,resume_parse_mock
ST0985,SK047,Public Speaking,intermediate,resume_parse_mock
ST0985,SK051,Teamwork,beginner,resume_parse_mock
ST0985,SK028,User Research,intermediate,resume_parse_mock
ST0986,SK026,Lab Research Methods,beginner,resume_parse_mock
ST0986,SK050,Leadership,advanced,resume_parse_mock
ST0986,SK016,Statistics,intermediate,resume_parse_mock
ST0986,SK051,Teamwork,beginner,resume_parse_mock
ST0986,SK049,Technical Writing,beginner,resume_parse_mock
ST0987,SK029,Excel Modeling,advanced,resume_parse_mock
ST0987,SK038,Market Sizing,beginner,resume_parse_mock
ST0987,SK054,Policy Analysis,beginner,resume_parse_mock
ST0987,SK047,Public Speaking,beginner,resume_parse_mock
ST0987,SK001,Python,beginner,resume_parse_mock
ST0987,SK006,SQL,beginner,resume_parse_mock
ST0987,SK014,Spark / Databricks,beginner,resume_parse_mock
ST0988,SK026,Lab Research Methods,intermediate,resume_parse_mock
ST0988,SK050,Leadership,advanced,resume_parse_mock
ST0988,SK023,MATLAB,advanced,resume_parse_mock
ST0988,SK047,Public Speaking,advanced,resume_parse_mock
ST0988,SK016,Statistics,advanced,resume_parse_mock
ST0988,SK049,Technical Writing,intermediate,resume_parse_mock
ST0989,SK037,Auditing,beginner,resume_parse_mock
ST0989,SK039,Case Interviewing,advanced,resume_parse_mock
ST0989,SK031,DCF Valuation,intermediate,resume_parse_mock
ST0989,SK033,LBO Modeling,intermediate,resume_parse_mock
ST0989,SK034,M&A Concepts,beginner,resume_parse_mock
ST0989,SK047,Public Speaking,advanced,resume_parse_mock
ST0989,SK016,Statistics,beginner,resume_parse_mock
ST0990,SK039,Case Interviewing,advanced,resume_parse_mock
ST0990,SK043,Digital Marketing,intermediate,resume_parse_mock
ST0990,SK029,Excel Modeling,beginner,resume_parse_mock
ST0990,SK050,Leadership,beginner,resume_parse_mock
ST0990,SK038,Market Sizing,advanced,resume_parse_mock
ST0990,SK053,Project Management,advanced,resume_parse_mock
ST0990,SK006,SQL,advanced,resume_parse_mock
ST0990,SK017,Tableau / Power BI,beginner,resume_parse_mock
ST0991,SK003,C/C++,beginner,resume_parse_mock
ST0991,SK024,Circuit Design,advanced,resume_parse_mock
ST0991,SK021,Embedded Systems,beginner,resume_parse_mock
ST0991,SK019,Penetration Testing,intermediate,resume_parse_mock
ST0992,SK004,JavaScript,intermediate,resume_parse_mock
ST0992,SK041,Product Roadmapping,intermediate,resume_parse_mock
ST0992,SK047,Public Speaking,intermediate,resume_parse_mock
ST0992,SK028,User Research,advanced,resume_parse_mock
ST0993,SK009,Data Structures & Algorithms,intermediate,resume_parse_mock
ST0993,SK029,Excel Modeling,advanced,resume_parse_mock
ST0993,SK050,Leadership,intermediate,resume_parse_mock
ST0993,SK011,Machine Learning,intermediate,resume_parse_mock
ST0993,SK048,Networking,intermediate,resume_parse_mock
ST0993,SK001,Python,advanced,resume_parse_mock
ST0993,SK014,Spark / Databricks,beginner,resume_parse_mock
ST0993,SK016,Statistics,beginner,resume_parse_mock
ST0993,SK046,Stochastic Calculus,intermediate,resume_parse_mock
ST0994,SK047,Public Speaking,advanced,resume_parse_mock
ST0994,SK051,Teamwork,beginner,resume_parse_mock
ST0994,SK049,Technical Writing,beginner,resume_parse_mock
ST0995,SK043,Digital Marketing,beginner,resume_parse_mock
ST0995,SK050,Leadership,beginner,resume_parse_mock
ST0995,SK047,Public Speaking,advanced,resume_parse_mock
ST0995,SK010,System Design,advanced,resume_parse_mock
ST0996,SK003,C/C++,advanced,resume_parse_mock
ST0996,SK007,Git,beginner,resume_parse_mock
ST0996,SK004,JavaScript,intermediate,resume_parse_mock
ST0996,SK011,Machine Learning,beginner,resume_parse_mock
ST0996,SK041,Product Roadmapping,intermediate,resume_parse_mock
ST0996,SK014,Spark / Databricks,advanced,resume_parse_mock
ST0996,SK010,System Design,beginner,resume_parse_mock
ST0996,SK028,User Research,advanced,resume_parse_mock
ST0997,SK022,CAD (SolidWorks),beginner,resume_parse_mock
ST0997,SK050,Leadership,beginner,resume_parse_mock
ST0997,SK053,Project Management,advanced,resume_parse_mock
ST0997,SK047,Public Speaking,advanced,resume_parse_mock
ST0997,SK025,Structural Analysis,advanced,resume_parse_mock
ST0997,SK051,Teamwork,beginner,resume_parse_mock
ST0997,SK049,Technical Writing,beginner,resume_parse_mock
ST0998,SK008,Cloud (AWS/Azure/GCP),advanced,resume_parse_mock
ST0998,SK009,Data Structures & Algorithms,beginner,resume_parse_mock
ST0998,SK053,Project Management,advanced,resume_parse_mock
ST0998,SK014,Spark / Databricks,beginner,resume_parse_mock
ST0998,SK046,Stochastic Calculus,beginner,resume_parse_mock
ST0998,SK010,System Design,intermediate,resume_parse_mock
ST0999,SK007,Git,intermediate,resume_parse_mock
ST0999,SK018,Network Security,beginner,resume_parse_mock
ST0999,SK019,Penetration Testing,beginner,resume_parse_mock
ST0999,SK047,Public Speaking,advanced,resume_parse_mock
ST0999,SK001,Python,beginner,resume_parse_mock
ST0999,SK016,Statistics,intermediate,resume_parse_mock
ST0999,SK051,Teamwork,beginner,resume_parse_mock
ST1000,SK022,CAD (SolidWorks),intermediate,resume_parse_mock
ST1000,SK050,Leadership,advanced,resume_parse_mock
ST1000,SK053,Project Management,advanced,resume_parse_mock
ST1000,SK047,Public Speaking,beginner,resume_parse_mock
ST1000,SK025,Structural Analysis,advanced,resume_parse_mock
ST1000,SK051,Teamwork,intermediate,resume_parse_mock
ST1000,SK049,Technical Writing,intermediate,resume_parse_mock
ST1001,SK022,CAD (SolidWorks),beginner,resume_parse_mock
ST1001,SK053,Project Management,advanced,resume_parse_mock
ST1001,SK047,Public Speaking,beginner,resume_parse_mock
ST1001,SK049,Technical Writing,advanced,resume_parse_mock
ST1002,SK052,Behavioral Interviewing,advanced,resume_parse_mock
ST1002,SK012,Deep Learning,beginner,resume_parse_mock
ST1002,SK007,Git,intermediate,resume_parse_mock
ST1002,SK023,MATLAB,beginner,resume_parse_mock
ST1002,SK047,Public Speaking,intermediate,resume_parse_mock
ST1002,SK001,Python,advanced,resume_parse_mock
ST1003,SK009,Data Structures & Algorithms,beginner,resume_parse_mock
ST1003,SK050,Leadership,advanced,resume_parse_mock
ST1003,SK011,Machine Learning,advanced,resume_parse_mock
ST1003,SK001,Python,intermediate,resume_parse_mock
ST1003,SK006,SQL,advanced,resume_parse_mock
ST1003,SK016,Statistics,advanced,resume_parse_mock
ST1004,SK002,Java,intermediate,resume_parse_mock
ST1004,SK018,Network Security,intermediate,resume_parse_mock
ST1004,SK053,Project Management,intermediate,resume_parse_mock
ST1004,SK006,SQL,beginner,resume_parse_mock
ST1004,SK014,Spark / Databricks,advanced,resume_parse_mock
ST1004,SK028,User Research,advanced,resume_parse_mock
ST1005,SK052,Behavioral Interviewing,intermediate,resume_parse_mock
ST1005,SK003,C/C++,intermediate,resume_parse_mock
ST1005,SK015,Data Visualization,advanced,resume_parse_mock
ST1005,SK002,Java,beginner,resume_parse_mock
ST1005,SK050,Leadership,beginner,resume_parse_mock
ST1005,SK048,Networking,intermediate,resume_parse_mock
ST1006,SK032,Accounting Fundamentals,advanced,resume_parse_mock
ST1006,SK039,Case Interviewing,beginner,resume_parse_mock
ST1006,SK031,DCF Valuation,beginner,resume_parse_mock
ST1006,SK030,Financial Modeling,advanced,resume_parse_mock
ST1006,SK034,M&A Concepts,advanced,resume_parse_mock
ST1006,SK048,Networking,advanced,resume_parse_mock
ST1006,SK001,Python,beginner,resume_parse_mock
ST1006,SK051,Teamwork,intermediate,resume_parse_mock
ST1007,SK050,Leadership,advanced,resume_parse_mock
ST1007,SK023,MATLAB,advanced,resume_parse_mock
ST1007,SK047,Public Speaking,beginner,resume_parse_mock
ST1007,SK001,Python,beginner,resume_parse_mock
ST1007,SK016,Statistics,beginner,resume_parse_mock
ST1007,SK051,Teamwork,beginner,resume_parse_mock
ST1007,SK049,Technical Writing,advanced,resume_parse_mock
ST1008,SK022,CAD (SolidWorks),beginner,resume_parse_mock
ST1008,SK023,MATLAB,intermediate,resume_parse_mock
ST1008,SK053,Project Management,intermediate,resume_parse_mock
ST1008,SK051,Teamwork,intermediate,resume_parse_mock
ST1009,SK015,Data Visualization,intermediate,resume_parse_mock
ST1009,SK043,Digital Marketing,advanced,resume_parse_mock
ST1009,SK044,Market Research,intermediate,resume_parse_mock
ST1009,SK047,Public Speaking,beginner,resume_parse_mock
ST1009,SK051,Teamwork,advanced,resume_parse_mock
ST1010,SK003,C/C++,advanced,resume_parse_mock
ST1010,SK008,Cloud (AWS/Azure/GCP),intermediate,resume_parse_mock
ST1010,SK015,Data Visualization,advanced,resume_parse_mock
ST1010,SK029,Excel Modeling,advanced,resume_parse_mock
ST1010,SK050,Leadership,beginner,resume_parse_mock
ST1010,SK011,Machine Learning,beginner,resume_parse_mock
ST1010,SK001,Python,beginner,resume_parse_mock
ST1010,SK016,Statistics,advanced,resume_parse_mock
ST1010,SK046,Stochastic Calculus,intermediate,resume_parse_mock
ST1011,SK022,CAD (SolidWorks),beginner,resume_parse_mock
ST1011,SK050,Leadership,beginner,resume_parse_mock
ST1011,SK053,Project Management,intermediate,resume_parse_mock
ST1011,SK047,Public Speaking,advanced,resume_parse_mock
ST1011,SK025,Structural Analysis,beginner,resume_parse_mock
ST1011,SK051,Teamwork,advanced,resume_parse_mock
ST1011,SK049,Technical Writing,advanced,resume_parse_mock
ST1012,SK015,Data Visualization,beginner,resume_parse_mock
ST1012,SK043,Digital Marketing,advanced,resume_parse_mock
ST1012,SK050,Leadership,advanced,resume_parse_mock
ST1012,SK044,Market Research,beginner,resume_parse_mock
ST1012,SK047,Public Speaking,intermediate,resume_parse_mock
ST1012,SK051,Teamwork,intermediate,resume_parse_mock
ST1013,SK022,CAD (SolidWorks),advanced,resume_parse_mock
ST1013,SK023,MATLAB,advanced,resume_parse_mock
ST1013,SK053,Project Management,advanced,resume_parse_mock
ST1013,SK051,Teamwork,intermediate,resume_parse_mock
ST1013,SK049,Technical Writing,beginner,resume_parse_mock
ST1014,SK022,CAD (SolidWorks),intermediate,resume_parse_mock
ST1014,SK050,Leadership,beginner,resume_parse_mock
ST1014,SK023,MATLAB,intermediate,resume_parse_mock
ST1014,SK053,Project Management,advanced,resume_parse_mock
ST1015,SK022,CAD (SolidWorks),intermediate,resume_parse_mock
ST1015,SK053,Project Management,advanced,resume_parse_mock
ST1015,SK047,Public Speaking,beginner,resume_parse_mock
ST1015,SK025,Structural Analysis,advanced,resume_parse_mock
ST1015,SK049,Technical Writing,beginner,resume_parse_mock
ST1016,SK039,Case Interviewing,beginner,resume_parse_mock
ST1016,SK008,Cloud (AWS/Azure/GCP),intermediate,resume_parse_mock
ST1016,SK015,Data Visualization,advanced,resume_parse_mock
ST1016,SK012,Deep Learning,beginner,resume_parse_mock
ST1016,SK027,Figma,intermediate,resume_parse_mock
ST1016,SK002,Java,intermediate,resume_parse_mock
ST1016,SK011,Machine Learning,intermediate,resume_parse_mock
ST1016,SK041,Product Roadmapping,intermediate,resume_parse_mock
ST1017,SK029,Excel Modeling,advanced,resume_parse_mock
ST1017,SK030,Financial Modeling,advanced,resume_parse_mock
ST1017,SK036,Financial Statement Analysis,beginner,resume_parse_mock
ST1017,SK050,Leadership,intermediate,resume_parse_mock
ST1017,SK034,M&A Concepts,advanced,resume_parse_mock
ST1017,SK048,Networking,advanced,resume_parse_mock
ST1017,SK047,Public Speaking,beginner,resume_parse_mock
ST1018,SK040,Business Strategy,intermediate,resume_parse_mock
ST1018,SK004,JavaScript,beginner,resume_parse_mock
ST1018,SK041,Product Roadmapping,beginner,resume_parse_mock
ST1018,SK051,Teamwork,beginner,resume_parse_mock
ST1019,SK009,Data Structures & Algorithms,intermediate,resume_parse_mock
ST1019,SK002,Java,intermediate,resume_parse_mock
ST1019,SK011,Machine Learning,beginner,resume_parse_mock
ST1019,SK053,Project Management,intermediate,resume_parse_mock
ST1019,SK047,Public Speaking,beginner,resume_parse_mock
ST1019,SK014,Spark / Databricks,advanced,resume_parse_mock
ST1019,SK010,System Design,intermediate,resume_parse_mock
ST1020,SK009,Data Structures & Algorithms,beginner,resume_parse_mock
ST1020,SK002,Java,advanced,resume_parse_mock
ST1020,SK020,Linux,beginner,resume_parse_mock
ST1020,SK023,MATLAB,advanced,resume_parse_mock
ST1020,SK011,Machine Learning,beginner,resume_parse_mock
ST1020,SK001,Python,intermediate,resume_parse_mock
ST1021,SK015,Data Visualization,beginner,resume_parse_mock
ST1021,SK004,JavaScript,beginner,resume_parse_mock
ST1021,SK018,Network Security,advanced,resume_parse_mock
ST1021,SK053,Project Management,beginner,resume_parse_mock
ST1021,SK047,Public Speaking,beginner,resume_parse_mock
ST1021,SK010,System Design,advanced,resume_parse_mock
ST1021,SK051,Teamwork,intermediate,resume_parse_mock
ST1021,SK028,User Research,intermediate,resume_parse_mock
ST1022,SK015,Data Visualization,beginner,resume_parse_mock
ST1022,SK043,Digital Marketing,intermediate,resume_parse_mock
ST1022,SK050,Leadership,beginner,resume_parse_mock
ST1022,SK044,Market Research,intermediate,resume_parse_mock
ST1022,SK047,Public Speaking,intermediate,resume_parse_mock
ST1022,SK051,Teamwork,advanced,resume_parse_mock
ST1023,SK031,DCF Valuation,beginner,resume_parse_mock
ST1023,SK029,Excel Modeling,advanced,resume_parse_mock
ST1023,SK036,Financial Statement Analysis,beginner,resume_parse_mock
ST1023,SK033,LBO Modeling,intermediate,resume_parse_mock
ST1023,SK050,Leadership,beginner,resume_parse_mock
ST1023,SK034,M&A Concepts,advanced,resume_parse_mock
ST1023,SK048,Networking,intermediate,resume_parse_mock
ST1024,SK026,Lab Research Methods,beginner,resume_parse_mock
ST1024,SK023,MATLAB,advanced,resume_parse_mock
ST1024,SK047,Public Speaking,intermediate,resume_parse_mock
ST1024,SK016,Statistics,advanced,resume_parse_mock
ST1024,SK051,Teamwork,beginner,resume_parse_mock
ST1024,SK049,Technical Writing,intermediate,resume_parse_mock
ST1025,SK015,Data Visualization,beginner,resume_parse_mock
ST1025,SK004,JavaScript,beginner,resume_parse_mock
ST1025,SK013,LLMs & AI Agents,intermediate,resume_parse_mock
ST1025,SK044,Market Research,advanced,resume_parse_mock
ST1025,SK049,Technical Writing,beginner,resume_parse_mock
ST1026,SK015,Data Visualization,beginner,resume_parse_mock
ST1026,SK044,Market Research,beginner,resume_parse_mock
ST1026,SK054,Policy Analysis,intermediate,resume_parse_mock
ST1026,SK016,Statistics,beginner,resume_parse_mock
ST1026,SK049,Technical Writing,beginner,resume_parse_mock
ST1027,SK003,C/C++,intermediate,resume_parse_mock
ST1027,SK039,Case Interviewing,advanced,resume_parse_mock
ST1027,SK015,Data Visualization,intermediate,resume_parse_mock
ST1027,SK011,Machine Learning,advanced,resume_parse_mock
ST1027,SK053,Project Management,beginner,resume_parse_mock
ST1027,SK006,SQL,advanced,resume_parse_mock
ST1027,SK010,System Design,beginner,resume_parse_mock
ST1027,SK051,Teamwork,advanced,resume_parse_mock
ST1028,SK027,Figma,advanced,resume_parse_mock
ST1028,SK007,Git,intermediate,resume_parse_mock
ST1028,SK013,LLMs & AI Agents,intermediate,resume_parse_mock
ST1028,SK041,Product Roadmapping,advanced,resume_parse_mock
ST1028,SK047,Public Speaking,intermediate,resume_parse_mock
ST1029,SK050,Leadership,beginner,resume_parse_mock
ST1029,SK054,Policy Analysis,advanced,resume_parse_mock
ST1029,SK016,Statistics,intermediate,resume_parse_mock
ST1029,SK049,Technical Writing,intermediate,resume_parse_mock
ST1030,SK037,Auditing,intermediate,resume_parse_mock
ST1030,SK031,DCF Valuation,advanced,resume_parse_mock
ST1030,SK029,Excel Modeling,intermediate,resume_parse_mock
ST1030,SK030,Financial Modeling,intermediate,resume_parse_mock
ST1030,SK033,LBO Modeling,intermediate,resume_parse_mock
ST1030,SK050,Leadership,intermediate,resume_parse_mock
ST1030,SK048,Networking,intermediate,resume_parse_mock
ST1031,SK026,Lab Research Methods,intermediate,resume_parse_mock
ST1031,SK050,Leadership,beginner,resume_parse_mock
ST1031,SK023,MATLAB,beginner,resume_parse_mock
ST1031,SK001,Python,advanced,resume_parse_mock
ST1031,SK051,Teamwork,beginner,resume_parse_mock
ST1031,SK049,Technical Writing,intermediate,resume_parse_mock
ST1032,SK015,Data Visualization,intermediate,resume_parse_mock
ST1032,SK043,Digital Marketing,advanced,resume_parse_mock
ST1032,SK029,Excel Modeling,intermediate,resume_parse_mock
ST1032,SK044,Market Research,beginner,resume_parse_mock
ST1032,SK053,Project Management,intermediate,resume_parse_mock
ST1032,SK017,Tableau / Power BI,advanced,resume_parse_mock
ST1032,SK051,Teamwork,advanced,resume_parse_mock
ST1033,SK040,Business Strategy,intermediate,resume_parse_mock
ST1033,SK050,Leadership,intermediate,resume_parse_mock
ST1033,SK034,M&A Concepts,advanced,resume_parse_mock
ST1033,SK047,Public Speaking,intermediate,resume_parse_mock
ST1033,SK016,Statistics,advanced,resume_parse_mock
ST1034,SK052,Behavioral Interviewing,beginner,resume_parse_mock
ST1034,SK040,Business Strategy,beginner,resume_parse_mock
ST1034,SK039,Case Interviewing,advanced,resume_parse_mock
ST1034,SK038,Market Sizing,beginner,resume_parse_mock
ST1034,SK048,Networking,intermediate,resume_parse_mock
ST1034,SK001,Python,advanced,resume_parse_mock
ST1034,SK051,Teamwork,advanced,resume_parse_mock
ST1035,SK015,Data Visualization,intermediate,resume_parse_mock
ST1035,SK043,Digital Marketing,advanced,resume_parse_mock
ST1035,SK050,Leadership,beginner,resume_parse_mock
ST1035,SK044,Market Research,intermediate,resume_parse_mock
ST1035,SK047,Public Speaking,beginner,resume_parse_mock
ST1035,SK051,Teamwork,beginner,resume_parse_mock
ST1036,SK052,Behavioral Interviewing,beginner,resume_parse_mock
ST1036,SK029,Excel Modeling,advanced,resume_parse_mock
ST1036,SK036,Financial Statement Analysis,advanced,resume_parse_mock
ST1036,SK033,LBO Modeling,intermediate,resume_parse_mock
ST1036,SK034,M&A Concepts,advanced,resume_parse_mock
ST1036,SK048,Networking,beginner,resume_parse_mock
ST1036,SK047,Public Speaking,beginner,resume_parse_mock
ST1037,SK015,Data Visualization,advanced,resume_parse_mock
ST1037,SK043,Digital Marketing,advanced,resume_parse_mock
ST1037,SK044,Market Research,advanced,resume_parse_mock
ST1037,SK054,Policy Analysis,intermediate,resume_parse_mock
ST1037,SK047,Public Speaking,beginner,resume_parse_mock
ST1037,SK016,Statistics,intermediate,resume_parse_mock
ST1037,SK051,Teamwork,beginner,resume_parse_mock
ST1037,SK028,User Research,advanced,resume_parse_mock
ST1038,SK013,LLMs & AI Agents,advanced,resume_parse_mock
ST1038,SK020,Linux,intermediate,resume_parse_mock
ST1038,SK047,Public Speaking,advanced,resume_parse_mock
ST1039,SK052,Behavioral Interviewing,beginner,resume_parse_mock
ST1039,SK002,Java,intermediate,resume_parse_mock
ST1039,SK013,LLMs & AI Agents,beginner,resume_parse_mock
ST1039,SK050,Leadership,advanced,resume_parse_mock
ST1039,SK011,Machine Learning,beginner,resume_parse_mock
ST1039,SK014,Spark / Databricks,intermediate,resume_parse_mock
ST1039,SK016,Statistics,intermediate,resume_parse_mock
ST1039,SK046,Stochastic Calculus,intermediate,resume_parse_mock
ST1040,SK022,CAD (SolidWorks),advanced,resume_parse_mock
ST1040,SK050,Leadership,intermediate,resume_parse_mock
ST1040,SK053,Project Management,beginner,resume_parse_mock
ST1040,SK047,Public Speaking,beginner,resume_parse_mock
ST1040,SK025,Structural Analysis,advanced,resume_parse_mock
ST1040,SK051,Teamwork,advanced,resume_parse_mock
ST1040,SK049,Technical Writing,beginner,resume_parse_mock
ST1041,SK024,Circuit Design,beginner,resume_parse_mock
ST1041,SK050,Leadership,beginner,resume_parse_mock
ST1041,SK047,Public Speaking,advanced,resume_parse_mock
ST1042,SK050,Leadership,beginner,resume_parse_mock
ST1042,SK053,Project Management,intermediate,resume_parse_mock
ST1042,SK014,Spark / Databricks,beginner,resume_parse_mock
ST1043,SK003,C/C++,advanced,resume_parse_mock
ST1043,SK007,Git,intermediate,resume_parse_mock
ST1043,SK002,Java,beginner,resume_parse_mock
ST1043,SK053,Project Management,intermediate,resume_parse_mock
ST1043,SK006,SQL,intermediate,resume_parse_mock
ST1043,SK014,Spark / Databricks,advanced,resume_parse_mock
ST1043,SK051,Teamwork,advanced,resume_parse_mock
ST1044,SK026,Lab Research Methods,intermediate,resume_parse_mock
ST1044,SK050,Leadership,intermediate,resume_parse_mock
ST1044,SK023,MATLAB,intermediate,resume_parse_mock
ST1044,SK016,Statistics,intermediate,resume_parse_mock
ST1044,SK049,Technical Writing,intermediate,resume_parse_mock
ST1045,SK040,Business Strategy,beginner,resume_parse_mock
ST1045,SK029,Excel Modeling,beginner,resume_parse_mock
ST1045,SK050,Leadership,advanced,resume_parse_mock
ST1045,SK047,Public Speaking,intermediate,resume_parse_mock
ST1045,SK001,Python,advanced,resume_parse_mock
ST1045,SK016,Statistics,beginner,resume_parse_mock
ST1046,SK003,C/C++,beginner,resume_parse_mock
ST1046,SK024,Circuit Design,advanced,resume_parse_mock
ST1046,SK021,Embedded Systems,advanced,resume_parse_mock
ST1046,SK023,MATLAB,advanced,resume_parse_mock
ST1046,SK047,Public Speaking,intermediate,resume_parse_mock
ST1046,SK051,Teamwork,advanced,resume_parse_mock
ST1047,SK015,Data Visualization,advanced,resume_parse_mock
ST1047,SK043,Digital Marketing,beginner,resume_parse_mock
ST1047,SK004,JavaScript,intermediate,resume_parse_mock
ST1047,SK044,Market Research,beginner,resume_parse_mock
ST1047,SK054,Policy Analysis,intermediate,resume_parse_mock
ST1047,SK016,Statistics,beginner,resume_parse_mock
ST1047,SK049,Technical Writing,intermediate,resume_parse_mock
ST1048,SK052,Behavioral Interviewing,intermediate,resume_parse_mock
ST1048,SK040,Business Strategy,advanced,resume_parse_mock
ST1048,SK009,Data Structures & Algorithms,beginner,resume_parse_mock
ST1048,SK041,Product Roadmapping,advanced,resume_parse_mock
ST1048,SK053,Project Management,beginner,resume_parse_mock
ST1048,SK001,Python,beginner,resume_parse_mock
ST1048,SK006,SQL,intermediate,resume_parse_mock
ST1048,SK014,Spark / Databricks,intermediate,resume_parse_mock
ST1049,SK029,Excel Modeling,intermediate,resume_parse_mock
ST1049,SK030,Financial Modeling,beginner,resume_parse_mock
ST1049,SK011,Machine Learning,beginner,resume_parse_mock
ST1049,SK048,Networking,intermediate,resume_parse_mock
ST1049,SK054,Policy Analysis,advanced,resume_parse_mock
ST1049,SK006,SQL,beginner,resume_parse_mock
ST1049,SK016,Statistics,advanced,resume_parse_mock
ST1049,SK051,Teamwork,intermediate,resume_parse_mock
ST1050,SK040,Business Strategy,beginner,resume_parse_mock
ST1050,SK039,Case Interviewing,intermediate,resume_parse_mock
ST1050,SK009,Data Structures & Algorithms,advanced,resume_parse_mock
ST1050,SK020,Linux,beginner,resume_parse_mock
ST1050,SK011,Machine Learning,intermediate,resume_parse_mock
ST1050,SK016,Statistics,beginner,resume_parse_mock
ST1050,SK046,Stochastic Calculus,advanced,resume_parse_mock
ST1051,SK022,CAD (SolidWorks),intermediate,resume_parse_mock
ST1051,SK050,Leadership,intermediate,resume_parse_mock
ST1051,SK053,Project Management,beginner,resume_parse_mock
ST1051,SK047,Public Speaking,beginner,resume_parse_mock
ST1051,SK051,Teamwork,beginner,resume_parse_mock
ST1051,SK049,Technical Writing,advanced,resume_parse_mock
ST1052,SK022,CAD (SolidWorks),advanced,resume_parse_mock
ST1052,SK050,Leadership,advanced,resume_parse_mock
ST1052,SK053,Project Management,advanced,resume_parse_mock
ST1052,SK047,Public Speaking,advanced,resume_parse_mock
ST1052,SK001,Python,intermediate,resume_parse_mock
ST1053,SK040,Business Strategy,intermediate,resume_parse_mock
ST1053,SK015,Data Visualization,intermediate,resume_parse_mock
ST1053,SK043,Digital Marketing,advanced,resume_parse_mock
ST1053,SK038,Market Sizing,intermediate,resume_parse_mock
ST1054,SK022,CAD (SolidWorks),beginner,resume_parse_mock
ST1054,SK050,Leadership,beginner,resume_parse_mock
ST1054,SK053,Project Management,beginner,resume_parse_mock
ST1054,SK047,Public Speaking,intermediate,resume_parse_mock
ST1054,SK051,Teamwork,intermediate,resume_parse_mock
ST1054,SK049,Technical Writing,advanced,resume_parse_mock
ST1055,SK023,MATLAB,advanced,resume_parse_mock
ST1055,SK016,Statistics,beginner,resume_parse_mock
ST1055,SK051,Teamwork,advanced,resume_parse_mock
ST1055,SK049,Technical Writing,intermediate,resume_parse_mock
ST1056,SK050,Leadership,beginner,resume_parse_mock
ST1056,SK025,Structural Analysis,advanced,resume_parse_mock
ST1056,SK051,Teamwork,advanced,resume_parse_mock
ST1056,SK049,Technical Writing,beginner,resume_parse_mock
ST1057,SK022,CAD (SolidWorks),intermediate,resume_parse_mock
ST1057,SK050,Leadership,intermediate,resume_parse_mock
ST1057,SK047,Public Speaking,intermediate,resume_parse_mock
ST1057,SK025,Structural Analysis,beginner,resume_parse_mock
ST1057,SK049,Technical Writing,beginner,resume_parse_mock
ST1058,SK026,Lab Research Methods,beginner,resume_parse_mock
ST1058,SK050,Leadership,advanced,resume_parse_mock
ST1058,SK047,Public Speaking,intermediate,resume_parse_mock
ST1058,SK001,Python,beginner,resume_parse_mock
ST1058,SK016,Statistics,advanced,resume_parse_mock
ST1058,SK051,Teamwork,advanced,resume_parse_mock
ST1058,SK049,Technical Writing,intermediate,resume_parse_mock
ST1059,SK052,Behavioral Interviewing,advanced,resume_parse_mock
ST1059,SK027,Figma,beginner,resume_parse_mock
ST1059,SK033,LBO Modeling,advanced,resume_parse_mock
ST1059,SK013,LLMs & AI Agents,beginner,resume_parse_mock
ST1059,SK014,Spark / Databricks,advanced,resume_parse_mock
ST1059,SK028,User Research,advanced,resume_parse_mock
ST1060,SK015,Data Visualization,advanced,resume_parse_mock
ST1060,SK029,Excel Modeling,advanced,resume_parse_mock
ST1060,SK036,Financial Statement Analysis,advanced,resume_parse_mock
ST1060,SK050,Leadership,beginner,resume_parse_mock
ST1060,SK011,Machine Learning,beginner,resume_parse_mock
ST1060,SK048,Networking,intermediate,resume_parse_mock
ST1061,SK050,Leadership,beginner,resume_parse_mock
ST1061,SK023,MATLAB,beginner,resume_parse_mock
ST1061,SK047,Public Speaking,beginner,resume_parse_mock
ST1061,SK001,Python,advanced,resume_parse_mock
ST1061,SK051,Teamwork,beginner,resume_parse_mock
ST1061,SK049,Technical Writing,beginner,resume_parse_mock
ST1062,SK037,Auditing,advanced,resume_parse_mock
ST1062,SK052,Behavioral Interviewing,advanced,resume_parse_mock
ST1062,SK030,Financial Modeling,advanced,resume_parse_mock
ST1062,SK050,Leadership,intermediate,resume_parse_mock
ST1062,SK047,Public Speaking,beginner,resume_parse_mock
ST1062,SK001,Python,beginner,resume_parse_mock
ST1062,SK051,Teamwork,beginner,resume_parse_mock
ST1063,SK050,Leadership,beginner,resume_parse_mock
ST1063,SK047,Public Speaking,intermediate,resume_parse_mock
ST1063,SK001,Python,beginner,resume_parse_mock
ST1063,SK049,Technical Writing,advanced,resume_parse_mock
ST1064,SK032,Accounting Fundamentals,intermediate,resume_parse_mock
ST1064,SK040,Business Strategy,intermediate,resume_parse_mock
ST1064,SK039,Case Interviewing,advanced,resume_parse_mock
ST1064,SK033,LBO Modeling,intermediate,resume_parse_mock
ST1065,SK026,Lab Research Methods,intermediate,resume_parse_mock
ST1065,SK050,Leadership,advanced,resume_parse_mock
ST1065,SK023,MATLAB,advanced,resume_parse_mock
ST1065,SK016,Statistics,beginner,resume_parse_mock
ST1065,SK049,Technical Writing,intermediate,resume_parse_mock
ST1066,SK015,Data Visualization,advanced,resume_parse_mock
ST1066,SK043,Digital Marketing,beginner,resume_parse_mock
ST1066,SK050,Leadership,advanced,resume_parse_mock
ST1066,SK044,Market Research,intermediate,resume_parse_mock
ST1066,SK047,Public Speaking,beginner,resume_parse_mock
ST1066,SK051,Teamwork,advanced,resume_parse_mock
ST1067,SK026,Lab Research Methods,advanced,resume_parse_mock
ST1067,SK023,MATLAB,beginner,resume_parse_mock
ST1067,SK001,Python,intermediate,resume_parse_mock
ST1067,SK016,Statistics,beginner,resume_parse_mock
ST1067,SK049,Technical Writing,advanced,resume_parse_mock
ST1068,SK050,Leadership,advanced,resume_parse_mock
ST1068,SK023,MATLAB,beginner,resume_parse_mock
ST1068,SK047,Public Speaking,intermediate,resume_parse_mock
ST1068,SK001,Python,intermediate,resume_parse_mock
ST1068,SK016,Statistics,beginner,resume_parse_mock
ST1068,SK051,Teamwork,advanced,resume_parse_mock
ST1068,SK049,Technical Writing,intermediate,resume_parse_mock
ST1069,SK003,C/C++,beginner,resume_parse_mock
ST1069,SK015,Data Visualization,beginner,resume_parse_mock
ST1069,SK011,Machine Learning,intermediate,resume_parse_mock
ST1069,SK047,Public Speaking,advanced,resume_parse_mock
ST1069,SK006,SQL,beginner,resume_parse_mock
ST1069,SK016,Statistics,advanced,resume_parse_mock
ST1069,SK046,Stochastic Calculus,advanced,resume_parse_mock
ST1069,SK051,Teamwork,advanced,resume_parse_mock
ST1070,SK039,Case Interviewing,beginner,resume_parse_mock
ST1070,SK030,Financial Modeling,beginner,resume_parse_mock
ST1070,SK036,Financial Statement Analysis,beginner,resume_parse_mock
ST1070,SK033,LBO Modeling,advanced,resume_parse_mock
ST1070,SK038,Market Sizing,beginner,resume_parse_mock
ST1070,SK047,Public Speaking,intermediate,resume_parse_mock
ST1070,SK051,Teamwork,advanced,resume_parse_mock
ST1071,SK022,CAD (SolidWorks),advanced,resume_parse_mock
ST1071,SK050,Leadership,advanced,resume_parse_mock
ST1071,SK023,MATLAB,advanced,resume_parse_mock
ST1071,SK053,Project Management,intermediate,resume_parse_mock
ST1071,SK047,Public Speaking,intermediate,resume_parse_mock
ST1071,SK025,Structural Analysis,beginner,resume_parse_mock
ST1071,SK051,Teamwork,intermediate,resume_parse_mock
ST1072,SK003,C/C++,intermediate,resume_parse_mock
ST1072,SK012,Deep Learning,intermediate,resume_parse_mock
ST1072,SK013,LLMs & AI Agents,intermediate,resume_parse_mock
ST1072,SK011,Machine Learning,beginner,resume_parse_mock
ST1072,SK041,Product Roadmapping,intermediate,resume_parse_mock
ST1072,SK053,Project Management,intermediate,resume_parse_mock
ST1072,SK016,Statistics,beginner,resume_parse_mock
ST1073,SK037,Auditing,advanced,resume_parse_mock
ST1073,SK008,Cloud (AWS/Azure/GCP),intermediate,resume_parse_mock
ST1073,SK031,DCF Valuation,intermediate,resume_parse_mock
ST1073,SK029,Excel Modeling,beginner,resume_parse_mock
ST1073,SK030,Financial Modeling,beginner,resume_parse_mock
ST1073,SK033,LBO Modeling,intermediate,resume_parse_mock
ST1073,SK048,Networking,intermediate,resume_parse_mock
ST1073,SK047,Public Speaking,intermediate,resume_parse_mock
ST1073,SK001,Python,beginner,resume_parse_mock
ST1074,SK050,Leadership,intermediate,resume_parse_mock
ST1074,SK016,Statistics,beginner,resume_parse_mock
ST1074,SK051,Teamwork,beginner,resume_parse_mock
ST1074,SK049,Technical Writing,intermediate,resume_parse_mock
ST1075,SK024,Circuit Design,intermediate,resume_parse_mock
ST1075,SK008,Cloud (AWS/Azure/GCP),advanced,resume_parse_mock
ST1075,SK021,Embedded Systems,intermediate,resume_parse_mock
ST1075,SK007,Git,beginner,resume_parse_mock
ST1076,SK052,Behavioral Interviewing,advanced,resume_parse_mock
ST1076,SK039,Case Interviewing,intermediate,resume_parse_mock
ST1076,SK008,Cloud (AWS/Azure/GCP),beginner,resume_parse_mock
ST1076,SK015,Data Visualization,beginner,resume_parse_mock
ST1076,SK001,Python,beginner,resume_parse_mock
ST1076,SK014,Spark / Databricks,advanced,resume_parse_mock
ST1076,SK051,Teamwork,advanced,resume_parse_mock
ST1077,SK040,Business Strategy,beginner,resume_parse_mock
ST1077,SK039,Case Interviewing,intermediate,resume_parse_mock
ST1077,SK044,Market Research,intermediate,resume_parse_mock
ST1077,SK017,Tableau / Power BI,beginner,resume_parse_mock
ST1077,SK028,User Research,intermediate,resume_parse_mock
ST1078,SK039,Case Interviewing,intermediate,resume_parse_mock
ST1078,SK020,Linux,intermediate,resume_parse_mock
ST1078,SK018,Network Security,intermediate,resume_parse_mock
ST1078,SK047,Public Speaking,intermediate,resume_parse_mock
ST1078,SK006,SQL,intermediate,resume_parse_mock
ST1078,SK014,Spark / Databricks,advanced,resume_parse_mock
ST1078,SK042,Supply Chain Analytics,beginner,resume_parse_mock
ST1078,SK017,Tableau / Power BI,beginner,resume_parse_mock
ST1079,SK050,Leadership,advanced,resume_parse_mock
ST1079,SK023,MATLAB,advanced,resume_parse_mock
ST1079,SK016,Statistics,advanced,resume_parse_mock
ST1079,SK051,Teamwork,beginner,resume_parse_mock
ST1080,SK032,Accounting Fundamentals,intermediate,resume_parse_mock
ST1080,SK033,LBO Modeling,intermediate,resume_parse_mock
ST1080,SK034,M&A Concepts,advanced,resume_parse_mock
ST1080,SK038,Market Sizing,beginner,resume_parse_mock
ST1080,SK047,Public Speaking,intermediate,resume_parse_mock
ST1080,SK016,Statistics,beginner,resume_parse_mock
ST1080,SK051,Teamwork,beginner,resume_parse_mock
ST1081,SK050,Leadership,advanced,resume_parse_mock
ST1081,SK054,Policy Analysis,intermediate,resume_parse_mock
ST1081,SK047,Public Speaking,beginner,resume_parse_mock
ST1081,SK016,Statistics,intermediate,resume_parse_mock
ST1081,SK051,Teamwork,advanced,resume_parse_mock
ST1081,SK049,Technical Writing,beginner,resume_parse_mock
ST1082,SK052,Behavioral Interviewing,intermediate,resume_parse_mock
ST1082,SK039,Case Interviewing,advanced,resume_parse_mock
ST1082,SK011,Machine Learning,beginner,resume_parse_mock
ST1082,SK053,Project Management,intermediate,resume_parse_mock
ST1082,SK046,Stochastic Calculus,intermediate,resume_parse_mock
ST1082,SK051,Teamwork,beginner,resume_parse_mock
ST1083,SK032,Accounting Fundamentals,beginner,resume_parse_mock
ST1083,SK015,Data Visualization,intermediate,resume_parse_mock
ST1083,SK038,Market Sizing,advanced,resume_parse_mock
ST1084,SK040,Business Strategy,advanced,resume_parse_mock
ST1084,SK012,Deep Learning,beginner,resume_parse_mock
ST1084,SK013,LLMs & AI Agents,advanced,resume_parse_mock
ST1084,SK011,Machine Learning,beginner,resume_parse_mock
ST1084,SK019,Penetration Testing,intermediate,resume_parse_mock
ST1084,SK053,Project Management,beginner,resume_parse_mock
ST1084,SK028,User Research,beginner,resume_parse_mock
ST1085,SK026,Lab Research Methods,intermediate,resume_parse_mock
ST1085,SK050,Leadership,beginner,resume_parse_mock
ST1085,SK047,Public Speaking,advanced,resume_parse_mock
ST1085,SK001,Python,beginner,resume_parse_mock
ST1085,SK016,Statistics,intermediate,resume_parse_mock
ST1086,SK039,Case Interviewing,advanced,resume_parse_mock
ST1086,SK008,Cloud (AWS/Azure/GCP),beginner,resume_parse_mock
ST1086,SK009,Data Structures & Algorithms,beginner,resume_parse_mock
ST1086,SK015,Data Visualization,beginner,resume_parse_mock
ST1086,SK012,Deep Learning,beginner,resume_parse_mock
ST1086,SK002,Java,beginner,resume_parse_mock
ST1086,SK013,LLMs & AI Agents,intermediate,resume_parse_mock
ST1086,SK006,SQL,beginner,resume_parse_mock
ST1087,SK040,Business Strategy,intermediate,resume_parse_mock
ST1087,SK008,Cloud (AWS/Azure/GCP),intermediate,resume_parse_mock
ST1087,SK009,Data Structures & Algorithms,intermediate,resume_parse_mock
ST1087,SK027,Figma,intermediate,resume_parse_mock
ST1087,SK004,JavaScript,beginner,resume_parse_mock
ST1087,SK014,Spark / Databricks,beginner,resume_parse_mock
ST1087,SK046,Stochastic Calculus,advanced,resume_parse_mock
ST1088,SK050,Leadership,advanced,resume_parse_mock
ST1088,SK053,Project Management,intermediate,resume_parse_mock
ST1088,SK047,Public Speaking,advanced,resume_parse_mock
ST1088,SK025,Structural Analysis,intermediate,resume_parse_mock
ST1088,SK051,Teamwork,intermediate,resume_parse_mock
ST1088,SK049,Technical Writing,advanced,resume_parse_mock
ST1089,SK022,CAD (SolidWorks),beginner,resume_parse_mock
ST1089,SK050,Leadership,beginner,resume_parse_mock
ST1089,SK053,Project Management,advanced,resume_parse_mock
ST1089,SK047,Public Speaking,advanced,resume_parse_mock
ST1089,SK025,Structural Analysis,advanced,resume_parse_mock
ST1089,SK049,Technical Writing,intermediate,resume_parse_mock
ST1090,SK008,Cloud (AWS/Azure/GCP),beginner,resume_parse_mock
ST1090,SK009,Data Structures & Algorithms,beginner,resume_parse_mock
ST1090,SK027,Figma,advanced,resume_parse_mock
ST1090,SK007,Git,beginner,resume_parse_mock
ST1090,SK050,Leadership,intermediate,resume_parse_mock
ST1090,SK020,Linux,advanced,resume_parse_mock
ST1090,SK047,Public Speaking,advanced,resume_parse_mock
ST1091,SK003,C/C++,intermediate,resume_parse_mock
ST1091,SK039,Case Interviewing,advanced,resume_parse_mock
ST1091,SK010,System Design,beginner,resume_parse_mock
ST1092,SK003,C/C++,beginner,resume_parse_mock
ST1092,SK009,Data Structures & Algorithms,advanced,resume_parse_mock
ST1092,SK027,Figma,intermediate,resume_parse_mock
ST1092,SK018,Network Security,beginner,resume_parse_mock
ST1092,SK028,User Research,advanced,resume_parse_mock
ST1093,SK037,Auditing,beginner,resume_parse_mock
ST1093,SK052,Behavioral Interviewing,advanced,resume_parse_mock
ST1093,SK039,Case Interviewing,intermediate,resume_parse_mock
ST1093,SK033,LBO Modeling,advanced,resume_parse_mock
ST1093,SK034,M&A Concepts,intermediate,resume_parse_mock
ST1093,SK048,Networking,beginner,resume_parse_mock
ST1093,SK016,Statistics,intermediate,resume_parse_mock
ST1094,SK003,C/C++,intermediate,resume_parse_mock
ST1094,SK039,Case Interviewing,advanced,resume_parse_mock
ST1094,SK009,Data Structures & Algorithms,intermediate,resume_parse_mock
ST1094,SK015,Data Visualization,intermediate,resume_parse_mock
ST1094,SK053,Project Management,intermediate,resume_parse_mock
ST1094,SK006,SQL,advanced,resume_parse_mock
ST1095,SK026,Lab Research Methods,beginner,resume_parse_mock
ST1095,SK050,Leadership,intermediate,resume_parse_mock
ST1095,SK023,MATLAB,advanced,resume_parse_mock
ST1095,SK047,Public Speaking,advanced,resume_parse_mock
ST1095,SK001,Python,advanced,resume_parse_mock
ST1095,SK016,Statistics,intermediate,resume_parse_mock
ST1095,SK051,Teamwork,intermediate,resume_parse_mock
ST1095,SK049,Technical Writing,advanced,resume_parse_mock
ST1096,SK003,C/C++,advanced,resume_parse_mock
ST1096,SK024,Circuit Design,beginner,resume_parse_mock
ST1096,SK021,Embedded Systems,intermediate,resume_parse_mock
ST1096,SK023,MATLAB,beginner,resume_parse_mock
ST1096,SK047,Public Speaking,intermediate,resume_parse_mock
ST1097,SK040,Business Strategy,beginner,resume_parse_mock
ST1097,SK012,Deep Learning,advanced,resume_parse_mock
ST1097,SK013,LLMs & AI Agents,advanced,resume_parse_mock
ST1097,SK011,Machine Learning,intermediate,resume_parse_mock
ST1097,SK001,Python,beginner,resume_parse_mock
ST1097,SK028,User Research,beginner,resume_parse_mock
ST1098,SK027,Figma,advanced,resume_parse_mock
ST1098,SK050,Leadership,advanced,resume_parse_mock
ST1098,SK041,Product Roadmapping,advanced,resume_parse_mock
ST1098,SK047,Public Speaking,intermediate,resume_parse_mock
ST1098,SK006,SQL,beginner,resume_parse_mock
ST1098,SK051,Teamwork,advanced,resume_parse_mock
ST1098,SK028,User Research,beginner,resume_parse_mock
ST1099,SK026,Lab Research Methods,advanced,resume_parse_mock
ST1099,SK050,Leadership,intermediate,resume_parse_mock
ST1099,SK047,Public Speaking,intermediate,resume_parse_mock
ST1099,SK016,Statistics,beginner,resume_parse_mock
ST1099,SK049,Technical Writing,beginner,resume_parse_mock
ST1100,SK037,Auditing,advanced,resume_parse_mock
ST1100,SK031,DCF Valuation,beginner,resume_parse_mock
ST1100,SK029,Excel Modeling,advanced,resume_parse_mock
ST1100,SK030,Financial Modeling,advanced,resume_parse_mock
ST1100,SK036,Financial Statement Analysis,beginner,resume_parse_mock
ST1100,SK050,Leadership,advanced,resume_parse_mock
ST1100,SK034,M&A Concepts,intermediate,resume_parse_mock
ST1101,SK009,Data Structures & Algorithms,beginner,resume_parse_mock
ST1101,SK012,Deep Learning,beginner,resume_parse_mock
ST1101,SK002,Java,beginner,resume_parse_mock
ST1101,SK004,JavaScript,beginner,resume_parse_mock
ST1101,SK011,Machine Learning,beginner,resume_parse_mock
ST1102,SK019,Penetration Testing,beginner,resume_parse_mock
ST1102,SK053,Project Management,advanced,resume_parse_mock
ST1102,SK001,Python,beginner,resume_parse_mock
ST1102,SK017,Tableau / Power BI,intermediate,resume_parse_mock
ST1102,SK028,User Research,advanced,resume_parse_mock
ST1103,SK008,Cloud (AWS/Azure/GCP),beginner,resume_parse_mock
ST1103,SK009,Data Structures & Algorithms,advanced,resume_parse_mock
ST1103,SK013,LLMs & AI Agents,advanced,resume_parse_mock
ST1103,SK011,Machine Learning,beginner,resume_parse_mock
ST1103,SK006,SQL,advanced,resume_parse_mock
ST1103,SK010,System Design,beginner,resume_parse_mock
ST1104,SK032,Accounting Fundamentals,beginner,resume_parse_mock
ST1104,SK048,Networking,advanced,resume_parse_mock
ST1104,SK001,Python,intermediate,resume_parse_mock
ST1104,SK016,Statistics,advanced,resume_parse_mock
ST1105,SK039,Case Interviewing,advanced,resume_parse_mock
ST1105,SK008,Cloud (AWS/Azure/GCP),beginner,resume_parse_mock
ST1105,SK031,DCF Valuation,advanced,resume_parse_mock
ST1105,SK033,LBO Modeling,beginner,resume_parse_mock
ST1105,SK034,M&A Concepts,beginner,resume_parse_mock
ST1105,SK048,Networking,intermediate,resume_parse_mock
ST1106,SK052,Behavioral Interviewing,beginner,resume_parse_mock
ST1106,SK008,Cloud (AWS/Azure/GCP),beginner,resume_parse_mock
ST1106,SK009,Data Structures & Algorithms,advanced,resume_parse_mock
ST1106,SK012,Deep Learning,advanced,resume_parse_mock
ST1106,SK002,Java,advanced,resume_parse_mock
ST1106,SK023,MATLAB,advanced,resume_parse_mock
ST1107,SK040,Business Strategy,intermediate,resume_parse_mock
ST1107,SK039,Case Interviewing,intermediate,resume_parse_mock
ST1107,SK047,Public Speaking,beginner,resume_parse_mock
ST1107,SK016,Statistics,beginner,resume_parse_mock
ST1108,SK032,Accounting Fundamentals,intermediate,resume_parse_mock
ST1108,SK052,Behavioral Interviewing,beginner,resume_parse_mock
ST1108,SK040,Business Strategy,advanced,resume_parse_mock
ST1108,SK039,Case Interviewing,beginner,resume_parse_mock
ST1108,SK038,Market Sizing,intermediate,resume_parse_mock
ST1108,SK001,Python,beginner,resume_parse_mock
ST1108,SK051,Teamwork,intermediate,resume_parse_mock
ST1109,SK050,Leadership,advanced,resume_parse_mock
ST1109,SK054,Policy Analysis,intermediate,resume_parse_mock
ST1109,SK047,Public Speaking,intermediate,resume_parse_mock
ST1109,SK051,Teamwork,intermediate,resume_parse_mock
ST1110,SK050,Leadership,intermediate,resume_parse_mock
ST1110,SK023,MATLAB,advanced,resume_parse_mock
ST1110,SK053,Project Management,intermediate,resume_parse_mock
ST1110,SK047,Public Speaking,beginner,resume_parse_mock
ST1110,SK025,Structural Analysis,advanced,resume_parse_mock
ST1110,SK051,Teamwork,advanced,resume_parse_mock
ST1110,SK049,Technical Writing,intermediate,resume_parse_mock
ST1111,SK031,DCF Valuation,intermediate,resume_parse_mock
ST1111,SK036,Financial Statement Analysis,beginner,resume_parse_mock
ST1111,SK033,LBO Modeling,beginner,resume_parse_mock
ST1111,SK050,Leadership,intermediate,resume_parse_mock
ST1111,SK034,M&A Concepts,beginner,resume_parse_mock
ST1111,SK051,Teamwork,advanced,resume_parse_mock
ST1112,SK019,Penetration Testing,intermediate,resume_parse_mock
ST1112,SK041,Product Roadmapping,intermediate,resume_parse_mock
ST1112,SK001,Python,intermediate,resume_parse_mock
ST1112,SK006,SQL,beginner,resume_parse_mock
ST1112,SK028,User Research,advanced,resume_parse_mock
ST1113,SK022,CAD (SolidWorks),intermediate,resume_parse_mock
ST1113,SK039,Case Interviewing,advanced,resume_parse_mock
ST1113,SK050,Leadership,intermediate,resume_parse_mock
ST1113,SK038,Market Sizing,intermediate,resume_parse_mock
ST1113,SK053,Project Management,beginner,resume_parse_mock
ST1113,SK051,Teamwork,intermediate,resume_parse_mock
ST1113,SK049,Technical Writing,intermediate,resume_parse_mock
ST1114,SK026,Lab Research Methods,intermediate,resume_parse_mock
ST1114,SK050,Leadership,advanced,resume_parse_mock
ST1114,SK023,MATLAB,intermediate,resume_parse_mock
ST1115,SK022,CAD (SolidWorks),advanced,resume_parse_mock
ST1115,SK050,Leadership,advanced,resume_parse_mock
ST1115,SK047,Public Speaking,advanced,resume_parse_mock
ST1115,SK051,Teamwork,beginner,resume_parse_mock
ST1115,SK049,Technical Writing,advanced,resume_parse_mock
ST1116,SK038,Market Sizing,intermediate,resume_parse_mock
ST1116,SK041,Product Roadmapping,beginner,resume_parse_mock
ST1116,SK051,Teamwork,beginner,resume_parse_mock
ST1117,SK032,Accounting Fundamentals,advanced,resume_parse_mock
ST1117,SK052,Behavioral Interviewing,intermediate,resume_parse_mock
ST1117,SK039,Case Interviewing,intermediate,resume_parse_mock
ST1117,SK034,M&A Concepts,beginner,resume_parse_mock
ST1118,SK009,Data Structures & Algorithms,beginner,resume_parse_mock
ST1118,SK015,Data Visualization,beginner,resume_parse_mock
ST1118,SK050,Leadership,advanced,resume_parse_mock
ST1118,SK006,SQL,intermediate,resume_parse_mock
ST1118,SK014,Spark / Databricks,beginner,resume_parse_mock
ST1118,SK016,Statistics,intermediate,resume_parse_mock
ST1119,SK023,MATLAB,intermediate,resume_parse_mock
ST1119,SK047,Public Speaking,beginner,resume_parse_mock
ST1119,SK001,Python,beginner,resume_parse_mock
ST1119,SK051,Teamwork,beginner,resume_parse_mock
ST1120,SK023,MATLAB,intermediate,resume_parse_mock
ST1120,SK047,Public Speaking,beginner,resume_parse_mock
ST1120,SK017,Tableau / Power BI,advanced,resume_parse_mock
ST1121,SK015,Data Visualization,advanced,resume_parse_mock
ST1121,SK043,Digital Marketing,advanced,resume_parse_mock
ST1121,SK047,Public Speaking,beginner,resume_parse_mock
ST1121,SK006,SQL,intermediate,resume_parse_mock
ST1121,SK028,User Research,advanced,resume_parse_mock
ST1122,SK040,Business Strategy,intermediate,resume_parse_mock
ST1122,SK039,Case Interviewing,intermediate,resume_parse_mock
ST1122,SK031,DCF Valuation,beginner,resume_parse_mock
ST1122,SK030,Financial Modeling,advanced,resume_parse_mock
ST1122,SK036,Financial Statement Analysis,advanced,resume_parse_mock
ST1122,SK050,Leadership,advanced,resume_parse_mock
ST1122,SK051,Teamwork,beginner,resume_parse_mock
ST1122,SK049,Technical Writing,beginner,resume_parse_mock
ST1123,SK040,Business Strategy,beginner,resume_parse_mock
ST1123,SK008,Cloud (AWS/Azure/GCP),beginner,resume_parse_mock
ST1123,SK009,Data Structures & Algorithms,beginner,resume_parse_mock
ST1123,SK007,Git,intermediate,resume_parse_mock
ST1123,SK020,Linux,beginner,resume_parse_mock
ST1123,SK047,Public Speaking,beginner,resume_parse_mock
ST1123,SK001,Python,advanced,resume_parse_mock
ST1124,SK022,CAD (SolidWorks),beginner,resume_parse_mock
ST1124,SK023,MATLAB,advanced,resume_parse_mock
ST1124,SK053,Project Management,intermediate,resume_parse_mock
ST1124,SK025,Structural Analysis,beginner,resume_parse_mock
ST1124,SK051,Teamwork,advanced,resume_parse_mock
ST1124,SK049,Technical Writing,intermediate,resume_parse_mock
ST1125,SK026,Lab Research Methods,advanced,resume_parse_mock
ST1125,SK050,Leadership,advanced,resume_parse_mock
ST1125,SK023,MATLAB,intermediate,resume_parse_mock
ST1125,SK001,Python,advanced,resume_parse_mock
ST1125,SK016,Statistics,intermediate,resume_parse_mock
ST1125,SK049,Technical Writing,intermediate,resume_parse_mock
ST1126,SK026,Lab Research Methods,intermediate,resume_parse_mock
ST1126,SK050,Leadership,intermediate,resume_parse_mock
ST1126,SK023,MATLAB,beginner,resume_parse_mock
ST1126,SK047,Public Speaking,advanced,resume_parse_mock
ST1126,SK001,Python,advanced,resume_parse_mock
ST1126,SK016,Statistics,intermediate,resume_parse_mock
ST1126,SK051,Teamwork,beginner,resume_parse_mock
ST1127,SK008,Cloud (AWS/Azure/GCP),advanced,resume_parse_mock
ST1127,SK012,Deep Learning,intermediate,resume_parse_mock
ST1127,SK013,LLMs & AI Agents,advanced,resume_parse_mock
ST1127,SK050,Leadership,intermediate,resume_parse_mock
ST1127,SK020,Linux,advanced,resume_parse_mock
ST1127,SK019,Penetration Testing,beginner,resume_parse_mock
ST1127,SK010,System Design,advanced,resume_parse_mock
ST1127,SK051,Teamwork,beginner,resume_parse_mock
ST1128,SK022,CAD (SolidWorks),advanced,resume_parse_mock
ST1128,SK053,Project Management,advanced,resume_parse_mock
ST1128,SK025,Structural Analysis,advanced,resume_parse_mock
ST1128,SK049,Technical Writing,intermediate,resume_parse_mock
ST1129,SK052,Behavioral Interviewing,intermediate,resume_parse_mock
ST1129,SK030,Financial Modeling,advanced,resume_parse_mock
ST1129,SK034,M&A Concepts,beginner,resume_parse_mock
ST1129,SK001,Python,advanced,resume_parse_mock
ST1129,SK016,Statistics,advanced,resume_parse_mock
ST1130,SK040,Business Strategy,beginner,resume_parse_mock
ST1130,SK039,Case Interviewing,intermediate,resume_parse_mock
ST1130,SK043,Digital Marketing,intermediate,resume_parse_mock
ST1130,SK029,Excel Modeling,beginner,resume_parse_mock
ST1130,SK050,Leadership,advanced,resume_parse_mock
ST1130,SK044,Market Research,advanced,resume_parse_mock
ST1130,SK038,Market Sizing,intermediate,resume_parse_mock
ST1130,SK053,Project Management,beginner,resume_parse_mock
ST1130,SK017,Tableau / Power BI,beginner,resume_parse_mock
ST1131,SK012,Deep Learning,intermediate,resume_parse_mock
ST1131,SK002,Java,advanced,resume_parse_mock
ST1131,SK019,Penetration Testing,advanced,resume_parse_mock
ST1131,SK053,Project Management,intermediate,resume_parse_mock
ST1131,SK047,Public Speaking,beginner,resume_parse_mock
ST1131,SK001,Python,beginner,resume_parse_mock
ST1131,SK014,Spark / Databricks,advanced,resume_parse_mock
ST1132,SK050,Leadership,advanced,resume_parse_mock
ST1132,SK020,Linux,advanced,resume_parse_mock
ST1132,SK041,Product Roadmapping,beginner,resume_parse_mock
ST1132,SK042,Supply Chain Analytics,advanced,resume_parse_mock
ST1132,SK051,Teamwork,beginner,resume_parse_mock
ST1133,SK021,Embedded Systems,beginner,resume_parse_mock
ST1133,SK047,Public Speaking,intermediate,resume_parse_mock
ST1133,SK051,Teamwork,beginner,resume_parse_mock
ST1134,SK052,Behavioral Interviewing,intermediate,resume_parse_mock
ST1134,SK040,Business Strategy,beginner,resume_parse_mock
ST1134,SK029,Excel Modeling,advanced,resume_parse_mock
ST1134,SK047,Public Speaking,intermediate,resume_parse_mock
ST1134,SK001,Python,advanced,resume_parse_mock
ST1134,SK051,Teamwork,advanced,resume_parse_mock
ST1135,SK013,LLMs & AI Agents,intermediate,resume_parse_mock
ST1135,SK053,Project Management,advanced,resume_parse_mock
ST1135,SK014,Spark / Databricks,beginner,resume_parse_mock
ST1135,SK046,Stochastic Calculus,beginner,resume_parse_mock
ST1135,SK010,System Design,advanced,resume_parse_mock
ST1136,SK001,Python,beginner,resume_parse_mock
ST1136,SK016,Statistics,advanced,resume_parse_mock
ST1136,SK051,Teamwork,intermediate,resume_parse_mock
ST1136,SK049,Technical Writing,advanced,resume_parse_mock
ST1137,SK037,Auditing,advanced,resume_parse_mock
ST1137,SK036,Financial Statement Analysis,beginner,resume_parse_mock
ST1137,SK033,LBO Modeling,advanced,resume_parse_mock
ST1137,SK050,Leadership,beginner,resume_parse_mock
ST1137,SK034,M&A Concepts,advanced,resume_parse_mock
ST1137,SK047,Public Speaking,intermediate,resume_parse_mock
ST1137,SK051,Teamwork,advanced,resume_parse_mock
ST1138,SK037,Auditing,beginner,resume_parse_mock
ST1138,SK039,Case Interviewing,intermediate,resume_parse_mock
ST1138,SK031,DCF Valuation,beginner,resume_parse_mock
ST1138,SK029,Excel Modeling,advanced,resume_parse_mock
ST1138,SK033,LBO Modeling,intermediate,resume_parse_mock
ST1138,SK047,Public Speaking,advanced,resume_parse_mock
ST1138,SK001,Python,intermediate,resume_parse_mock
ST1138,SK016,Statistics,intermediate,resume_parse_mock
ST1139,SK003,C/C++,intermediate,resume_parse_mock
ST1139,SK024,Circuit Design,advanced,resume_parse_mock
ST1139,SK008,Cloud (AWS/Azure/GCP),advanced,resume_parse_mock
ST1139,SK021,Embedded Systems,intermediate,resume_parse_mock
ST1139,SK002,Java,beginner,resume_parse_mock
ST1139,SK018,Network Security,beginner,resume_parse_mock
ST1139,SK001,Python,beginner,resume_parse_mock
ST1139,SK010,System Design,intermediate,resume_parse_mock
ST1140,SK004,JavaScript,beginner,resume_parse_mock
ST1140,SK041,Product Roadmapping,intermediate,resume_parse_mock
ST1140,SK047,Public Speaking,intermediate,resume_parse_mock
ST1140,SK006,SQL,advanced,resume_parse_mock
ST1140,SK051,Teamwork,advanced,resume_parse_mock
ST1140,SK028,User Research,advanced,resume_parse_mock
ST1141,SK008,Cloud (AWS/Azure/GCP),intermediate,resume_parse_mock
ST1141,SK047,Public Speaking,beginner,resume_parse_mock
ST1141,SK001,Python,intermediate,resume_parse_mock
ST1141,SK042,Supply Chain Analytics,advanced,resume_parse_mock
ST1142,SK040,Business Strategy,intermediate,resume_parse_mock
ST1142,SK039,Case Interviewing,advanced,resume_parse_mock
ST1142,SK047,Public Speaking,beginner,resume_parse_mock
ST1142,SK001,Python,beginner,resume_parse_mock
ST1142,SK014,Spark / Databricks,beginner,resume_parse_mock
ST1142,SK051,Teamwork,advanced,resume_parse_mock
ST1143,SK039,Case Interviewing,intermediate,resume_parse_mock
ST1143,SK009,Data Structures & Algorithms,beginner,resume_parse_mock
ST1143,SK050,Leadership,beginner,resume_parse_mock
ST1143,SK047,Public Speaking,intermediate,resume_parse_mock
ST1143,SK006,SQL,beginner,resume_parse_mock
ST1143,SK046,Stochastic Calculus,beginner,resume_parse_mock
ST1144,SK026,Lab Research Methods,beginner,resume_parse_mock
ST1144,SK047,Public Speaking,intermediate,resume_parse_mock
ST1144,SK001,Python,beginner,resume_parse_mock
ST1144,SK051,Teamwork,advanced,resume_parse_mock
ST1144,SK049,Technical Writing,beginner,resume_parse_mock
ST1145,SK050,Leadership,intermediate,resume_parse_mock
ST1145,SK023,MATLAB,beginner,resume_parse_mock
ST1145,SK053,Project Management,intermediate,resume_parse_mock
ST1145,SK047,Public Speaking,beginner,resume_parse_mock
ST1145,SK025,Structural Analysis,advanced,resume_parse_mock
ST1145,SK051,Teamwork,intermediate,resume_parse_mock
ST1146,SK050,Leadership,beginner,resume_parse_mock
ST1146,SK023,MATLAB,advanced,resume_parse_mock
ST1146,SK047,Public Speaking,advanced,resume_parse_mock
ST1146,SK001,Python,advanced,resume_parse_mock
ST1146,SK016,Statistics,intermediate,resume_parse_mock
ST1146,SK051,Teamwork,advanced,resume_parse_mock
ST1146,SK049,Technical Writing,advanced,resume_parse_mock
ST1147,SK050,Leadership,beginner,resume_parse_mock
ST1147,SK038,Market Sizing,beginner,resume_parse_mock
ST1147,SK047,Public Speaking,intermediate,resume_parse_mock
ST1147,SK051,Teamwork,intermediate,resume_parse_mock
ST1148,SK008,Cloud (AWS/Azure/GCP),advanced,resume_parse_mock
ST1148,SK050,Leadership,advanced,resume_parse_mock
ST1148,SK011,Machine Learning,advanced,resume_parse_mock
ST1148,SK019,Penetration Testing,beginner,resume_parse_mock
ST1148,SK047,Public Speaking,beginner,resume_parse_mock
ST1148,SK010,System Design,advanced,resume_parse_mock
ST1149,SK026,Lab Research Methods,beginner,resume_parse_mock
ST1149,SK050,Leadership,advanced,resume_parse_mock
ST1149,SK023,MATLAB,beginner,resume_parse_mock
ST1149,SK016,Statistics,advanced,resume_parse_mock
ST1150,SK009,Data Structures & Algorithms,advanced,resume_parse_mock
ST1150,SK013,LLMs & AI Agents,advanced,resume_parse_mock
ST1150,SK020,Linux,advanced,resume_parse_mock
ST1150,SK041,Product Roadmapping,intermediate,resume_parse_mock
ST1151,SK040,Business Strategy,advanced,resume_parse_mock
ST1151,SK027,Figma,beginner,resume_parse_mock
ST1151,SK004,JavaScript,intermediate,resume_parse_mock
ST1151,SK047,Public Speaking,advanced,resume_parse_mock
ST1151,SK006,SQL,intermediate,resume_parse_mock
ST1151,SK051,Teamwork,advanced,resume_parse_mock
ST1151,SK028,User Research,beginner,resume_parse_mock
ST1152,SK050,Leadership,advanced,resume_parse_mock
ST1152,SK054,Policy Analysis,advanced,resume_parse_mock
ST1152,SK047,Public Speaking,advanced,resume_parse_mock
ST1152,SK016,Statistics,beginner,resume_parse_mock
ST1152,SK051,Teamwork,intermediate,resume_parse_mock
ST1152,SK049,Technical Writing,intermediate,resume_parse_mock
ST1153,SK029,Excel Modeling,beginner,resume_parse_mock
ST1153,SK053,Project Management,beginner,resume_parse_mock
ST1153,SK001,Python,advanced,resume_parse_mock
ST1154,SK052,Behavioral Interviewing,beginner,resume_parse_mock
ST1154,SK003,C/C++,beginner,resume_parse_mock
ST1154,SK013,LLMs & AI Agents,intermediate,resume_parse_mock
ST1154,SK050,Leadership,intermediate,resume_parse_mock
ST1154,SK018,Network Security,advanced,resume_parse_mock
ST1154,SK047,Public Speaking,intermediate,resume_parse_mock
ST1154,SK001,Python,beginner,resume_parse_mock
ST1155,SK050,Leadership,advanced,resume_parse_mock
ST1155,SK020,Linux,beginner,resume_parse_mock
ST1155,SK001,Python,advanced,resume_parse_mock
ST1155,SK010,System Design,intermediate,resume_parse_mock
ST1156,SK003,C/C++,beginner,resume_parse_mock
ST1156,SK007,Git,beginner,resume_parse_mock
ST1156,SK006,SQL,intermediate,resume_parse_mock
ST1156,SK010,System Design,advanced,resume_parse_mock
ST1157,SK032,Accounting Fundamentals,intermediate,resume_parse_mock
ST1157,SK040,Business Strategy,beginner,resume_parse_mock
ST1157,SK039,Case Interviewing,advanced,resume_parse_mock
ST1157,SK030,Financial Modeling,intermediate,resume_parse_mock
ST1157,SK038,Market Sizing,intermediate,resume_parse_mock
ST1157,SK048,Networking,advanced,resume_parse_mock
ST1157,SK047,Public Speaking,beginner,resume_parse_mock
ST1158,SK003,C/C++,beginner,resume_parse_mock
ST1158,SK008,Cloud (AWS/Azure/GCP),advanced,resume_parse_mock
ST1158,SK009,Data Structures & Algorithms,beginner,resume_parse_mock
ST1158,SK036,Financial Statement Analysis,intermediate,resume_parse_mock
ST1158,SK007,Git,advanced,resume_parse_mock
ST1158,SK002,Java,advanced,resume_parse_mock
ST1159,SK037,Auditing,intermediate,resume_parse_mock
ST1159,SK034,M&A Concepts,beginner,resume_parse_mock
ST1159,SK048,Networking,intermediate,resume_parse_mock
ST1160,SK052,Behavioral Interviewing,advanced,resume_parse_mock
ST1160,SK009,Data Structures & Algorithms,intermediate,resume_parse_mock
ST1160,SK029,Excel Modeling,intermediate,resume_parse_mock
ST1160,SK011,Machine Learning,intermediate,resume_parse_mock
ST1160,SK001,Python,advanced,resume_parse_mock
ST1160,SK006,SQL,intermediate,resume_parse_mock
ST1160,SK046,Stochastic Calculus,advanced,resume_parse_mock
ST1160,SK010,System Design,intermediate,resume_parse_mock
ST1161,SK022,CAD (SolidWorks),intermediate,resume_parse_mock
ST1161,SK050,Leadership,beginner,resume_parse_mock
ST1161,SK023,MATLAB,intermediate,resume_parse_mock
ST1161,SK053,Project Management,advanced,resume_parse_mock
ST1161,SK047,Public Speaking,advanced,resume_parse_mock
ST1161,SK025,Structural Analysis,intermediate,resume_parse_mock
ST1161,SK049,Technical Writing,beginner,resume_parse_mock
ST1162,SK003,C/C++,intermediate,resume_parse_mock
ST1162,SK008,Cloud (AWS/Azure/GCP),beginner,resume_parse_mock
ST1162,SK012,Deep Learning,advanced,resume_parse_mock
ST1162,SK050,Leadership,beginner,resume_parse_mock
ST1162,SK020,Linux,intermediate,resume_parse_mock
ST1162,SK011,Machine Learning,beginner,resume_parse_mock
ST1162,SK018,Network Security,advanced,resume_parse_mock
ST1162,SK019,Penetration Testing,advanced,resume_parse_mock
ST1162,SK001,Python,beginner,resume_parse_mock
ST1163,SK032,Accounting Fundamentals,beginner,resume_parse_mock
ST1163,SK039,Case Interviewing,advanced,resume_parse_mock
ST1163,SK031,DCF Valuation,advanced,resume_parse_mock
ST1163,SK030,Financial Modeling,beginner,resume_parse_mock
ST1163,SK036,Financial Statement Analysis,beginner,resume_parse_mock
ST1163,SK034,M&A Concepts,advanced,resume_parse_mock
ST1163,SK051,Teamwork,intermediate,resume_parse_mock
ST1164,SK039,Case Interviewing,advanced,resume_parse_mock
ST1164,SK050,Leadership,advanced,resume_parse_mock
ST1164,SK023,MATLAB,intermediate,resume_parse_mock
ST1164,SK047,Public Speaking,intermediate,resume_parse_mock
ST1164,SK006,SQL,advanced,resume_parse_mock
ST1164,SK049,Technical Writing,intermediate,resume_parse_mock
ST1165,SK027,Figma,beginner,resume_parse_mock
ST1165,SK004,JavaScript,advanced,resume_parse_mock
ST1165,SK044,Market Research,beginner,resume_parse_mock
ST1165,SK054,Policy Analysis,beginner,resume_parse_mock
ST1165,SK016,Statistics,intermediate,resume_parse_mock
ST1165,SK051,Teamwork,intermediate,resume_parse_mock
ST1165,SK028,User Research,beginner,resume_parse_mock
ST1166,SK009,Data Structures & Algorithms,intermediate,resume_parse_mock
ST1166,SK007,Git,beginner,resume_parse_mock
ST1166,SK001,Python,advanced,resume_parse_mock
ST1166,SK006,SQL,intermediate,resume_parse_mock
ST1166,SK016,Statistics,advanced,resume_parse_mock
ST1166,SK046,Stochastic Calculus,beginner,resume_parse_mock
ST1167,SK039,Case Interviewing,advanced,resume_parse_mock
ST1167,SK048,Networking,intermediate,resume_parse_mock
ST1167,SK047,Public Speaking,intermediate,resume_parse_mock
ST1167,SK016,Statistics,advanced,resume_parse_mock
ST1167,SK051,Teamwork,intermediate,resume_parse_mock
ST1168,SK039,Case Interviewing,intermediate,resume_parse_mock
ST1168,SK029,Excel Modeling,intermediate,resume_parse_mock
ST1168,SK033,LBO Modeling,beginner,resume_parse_mock
ST1168,SK050,Leadership,beginner,resume_parse_mock
ST1168,SK048,Networking,beginner,resume_parse_mock
ST1169,SK052,Behavioral Interviewing,beginner,resume_parse_mock
ST1169,SK008,Cloud (AWS/Azure/GCP),advanced,resume_parse_mock
ST1169,SK027,Figma,advanced,resume_parse_mock
ST1169,SK004,JavaScript,intermediate,resume_parse_mock
ST1169,SK019,Penetration Testing,intermediate,resume_parse_mock
ST1169,SK006,SQL,advanced,resume_parse_mock
ST1170,SK015,Data Visualization,beginner,resume_parse_mock
ST1170,SK027,Figma,advanced,resume_parse_mock
ST1170,SK004,JavaScript,beginner,resume_parse_mock
ST1170,SK050,Leadership,advanced,resume_parse_mock
ST1170,SK044,Market Research,beginner,resume_parse_mock
ST1170,SK054,Policy Analysis,intermediate,resume_parse_mock
ST1171,SK003,C/C++,advanced,resume_parse_mock
ST1171,SK015,Data Visualization,advanced,resume_parse_mock
ST1171,SK012,Deep Learning,beginner,resume_parse_mock
ST1171,SK002,Java,advanced,resume_parse_mock
ST1171,SK013,LLMs & AI Agents,advanced,resume_parse_mock
ST1171,SK011,Machine Learning,beginner,resume_parse_mock
ST1171,SK001,Python,advanced,resume_parse_mock
ST1171,SK046,Stochastic Calculus,advanced,resume_parse_mock
ST1172,SK030,Financial Modeling,intermediate,resume_parse_mock
ST1172,SK034,M&A Concepts,advanced,resume_parse_mock
ST1172,SK048,Networking,intermediate,resume_parse_mock
ST1172,SK054,Policy Analysis,intermediate,resume_parse_mock
ST1172,SK001,Python,advanced,resume_parse_mock
ST1172,SK006,SQL,advanced,resume_parse_mock
ST1173,SK008,Cloud (AWS/Azure/GCP),intermediate,resume_parse_mock
ST1173,SK015,Data Visualization,intermediate,resume_parse_mock
ST1173,SK011,Machine Learning,intermediate,resume_parse_mock
ST1173,SK001,Python,intermediate,resume_parse_mock
ST1173,SK006,SQL,advanced,resume_parse_mock
ST1173,SK014,Spark / Databricks,intermediate,resume_parse_mock
ST1173,SK051,Teamwork,beginner,resume_parse_mock
ST1174,SK040,Business Strategy,beginner,resume_parse_mock
ST1174,SK039,Case Interviewing,intermediate,resume_parse_mock
ST1174,SK007,Git,intermediate,resume_parse_mock
ST1174,SK004,JavaScript,beginner,resume_parse_mock
ST1174,SK018,Network Security,advanced,resume_parse_mock
ST1174,SK016,Statistics,intermediate,resume_parse_mock
ST1175,SK003,C/C++,intermediate,resume_parse_mock
ST1175,SK009,Data Structures & Algorithms,intermediate,resume_parse_mock
ST1175,SK018,Network Security,intermediate,resume_parse_mock
ST1175,SK019,Penetration Testing,beginner,resume_parse_mock
ST1175,SK014,Spark / Databricks,advanced,resume_parse_mock
ST1175,SK010,System Design,intermediate,resume_parse_mock
ST1175,SK051,Teamwork,intermediate,resume_parse_mock
ST1176,SK026,Lab Research Methods,advanced,resume_parse_mock
ST1176,SK050,Leadership,intermediate,resume_parse_mock
ST1176,SK023,MATLAB,advanced,resume_parse_mock
ST1176,SK047,Public Speaking,intermediate,resume_parse_mock
ST1176,SK001,Python,advanced,resume_parse_mock
ST1176,SK051,Teamwork,advanced,resume_parse_mock
ST1176,SK049,Technical Writing,beginner,resume_parse_mock
ST1177,SK022,CAD (SolidWorks),intermediate,resume_parse_mock
ST1177,SK053,Project Management,beginner,resume_parse_mock
ST1177,SK025,Structural Analysis,beginner,resume_parse_mock
ST1177,SK049,Technical Writing,beginner,resume_parse_mock
ST1178,SK008,Cloud (AWS/Azure/GCP),intermediate,resume_parse_mock
ST1178,SK012,Deep Learning,intermediate,resume_parse_mock
ST1178,SK007,Git,intermediate,resume_parse_mock
ST1178,SK019,Penetration Testing,advanced,resume_parse_mock
ST1178,SK006,SQL,intermediate,resume_parse_mock
ST1178,SK051,Teamwork,advanced,resume_parse_mock
ST1179,SK038,Market Sizing,intermediate,resume_parse_mock
ST1179,SK019,Penetration Testing,beginner,resume_parse_mock
ST1179,SK001,Python,beginner,resume_parse_mock
ST1179,SK042,Supply Chain Analytics,intermediate,resume_parse_mock
ST1180,SK022,CAD (SolidWorks),advanced,resume_parse_mock
ST1180,SK053,Project Management,beginner,resume_parse_mock
ST1180,SK025,Structural Analysis,advanced,resume_parse_mock
ST1180,SK049,Technical Writing,intermediate,resume_parse_mock
ST1181,SK003,C/C++,advanced,resume_parse_mock
ST1181,SK050,Leadership,advanced,resume_parse_mock
ST1181,SK001,Python,advanced,resume_parse_mock
ST1181,SK006,SQL,beginner,resume_parse_mock
ST1181,SK014,Spark / Databricks,beginner,resume_parse_mock
ST1181,SK016,Statistics,advanced,resume_parse_mock
ST1182,SK052,Behavioral Interviewing,advanced,resume_parse_mock
ST1182,SK040,Business Strategy,advanced,resume_parse_mock
ST1182,SK039,Case Interviewing,beginner,resume_parse_mock
ST1182,SK029,Excel Modeling,beginner,resume_parse_mock
ST1182,SK030,Financial Modeling,beginner,resume_parse_mock
ST1182,SK033,LBO Modeling,advanced,resume_parse_mock
ST1182,SK001,Python,intermediate,resume_parse_mock
ST1182,SK051,Teamwork,advanced,resume_parse_mock
ST1183,SK008,Cloud (AWS/Azure/GCP),intermediate,resume_parse_mock
ST1183,SK029,Excel Modeling,beginner,resume_parse_mock
ST1183,SK053,Project Management,advanced,resume_parse_mock
ST1183,SK017,Tableau / Power BI,beginner,resume_parse_mock
ST1183,SK049,Technical Writing,intermediate,resume_parse_mock
ST1184,SK012,Deep Learning,advanced,resume_parse_mock
ST1184,SK050,Leadership,advanced,resume_parse_mock
ST1184,SK020,Linux,intermediate,resume_parse_mock
ST1184,SK023,MATLAB,beginner,resume_parse_mock
ST1184,SK018,Network Security,intermediate,resume_parse_mock
ST1184,SK047,Public Speaking,intermediate,resume_parse_mock
ST1184,SK001,Python,intermediate,resume_parse_mock
ST1184,SK010,System Design,beginner,resume_parse_mock
ST1185,SK039,Case Interviewing,advanced,resume_parse_mock
ST1185,SK038,Market Sizing,beginner,resume_parse_mock
ST1185,SK053,Project Management,advanced,resume_parse_mock
ST1185,SK047,Public Speaking,beginner,resume_parse_mock
ST1185,SK014,Spark / Databricks,beginner,resume_parse_mock
ST1185,SK025,Structural Analysis,intermediate,resume_parse_mock
ST1185,SK017,Tableau / Power BI,beginner,resume_parse_mock
ST1185,SK049,Technical Writing,intermediate,resume_parse_mock
ST1186,SK032,Accounting Fundamentals,intermediate,resume_parse_mock
ST1186,SK029,Excel Modeling,intermediate,resume_parse_mock
ST1186,SK033,LBO Modeling,intermediate,resume_parse_mock
ST1186,SK050,Leadership,advanced,resume_parse_mock
ST1186,SK034,M&A Concepts,beginner,resume_parse_mock
ST1186,SK048,Networking,beginner,resume_parse_mock
ST1186,SK001,Python,beginner,resume_parse_mock
ST1186,SK016,Statistics,intermediate,resume_parse_mock
ST1187,SK039,Case Interviewing,beginner,resume_parse_mock
ST1187,SK041,Product Roadmapping,intermediate,resume_parse_mock
ST1187,SK047,Public Speaking,advanced,resume_parse_mock
ST1187,SK014,Spark / Databricks,advanced,resume_parse_mock
ST1187,SK051,Teamwork,intermediate,resume_parse_mock
ST1187,SK028,User Research,advanced,resume_parse_mock
ST1188,SK038,Market Sizing,beginner,resume_parse_mock
ST1188,SK017,Tableau / Power BI,advanced,resume_parse_mock
ST1188,SK051,Teamwork,beginner,resume_parse_mock
ST1188,SK028,User Research,advanced,resume_parse_mock
ST1189,SK018,Network Security,beginner,resume_parse_mock
ST1189,SK019,Penetration Testing,advanced,resume_parse_mock
ST1189,SK001,Python,intermediate,resume_parse_mock
ST1189,SK042,Supply Chain Analytics,intermediate,resume_parse_mock
ST1190,SK050,Leadership,intermediate,resume_parse_mock
ST1190,SK048,Networking,beginner,resume_parse_mock
ST1190,SK053,Project Management,advanced,resume_parse_mock
ST1190,SK051,Teamwork,advanced,resume_parse_mock
ST1190,SK028,User Research,advanced,resume_parse_mock
ST1191,SK052,Behavioral Interviewing,intermediate,resume_parse_mock
ST1191,SK039,Case Interviewing,advanced,resume_parse_mock
ST1191,SK036,Financial Statement Analysis,beginner,resume_parse_mock
ST1191,SK050,Leadership,beginner,resume_parse_mock
ST1191,SK001,Python,beginner,resume_parse_mock
ST1191,SK016,Statistics,beginner,resume_parse_mock
ST1191,SK051,Teamwork,advanced,resume_parse_mock
ST1192,SK030,Financial Modeling,intermediate,resume_parse_mock
ST1192,SK038,Market Sizing,intermediate,resume_parse_mock
ST1192,SK054,Policy Analysis,intermediate,resume_parse_mock
ST1193,SK037,Auditing,intermediate,resume_parse_mock
ST1193,SK036,Financial Statement Analysis,intermediate,resume_parse_mock
ST1193,SK034,M&A Concepts,advanced,resume_parse_mock
ST1193,SK047,Public Speaking,intermediate,resume_parse_mock
ST1193,SK001,Python,intermediate,resume_parse_mock
ST1193,SK016,Statistics,intermediate,resume_parse_mock
ST1194,SK027,Figma,advanced,resume_parse_mock
ST1194,SK004,JavaScript,beginner,resume_parse_mock
ST1194,SK013,LLMs & AI Agents,advanced,resume_parse_mock
ST1194,SK020,Linux,intermediate,resume_parse_mock
ST1194,SK011,Machine Learning,intermediate,resume_parse_mock
ST1194,SK016,Statistics,intermediate,resume_parse_mock
ST1195,SK026,Lab Research Methods,advanced,resume_parse_mock
ST1195,SK023,MATLAB,intermediate,resume_parse_mock
ST1195,SK016,Statistics,beginner,resume_parse_mock
ST1195,SK049,Technical Writing,beginner,resume_parse_mock
ST1196,SK003,C/C++,beginner,resume_parse_mock
ST1196,SK024,Circuit Design,intermediate,resume_parse_mock
ST1196,SK013,LLMs & AI Agents,beginner,resume_parse_mock
ST1196,SK050,Leadership,advanced,resume_parse_mock
ST1196,SK023,MATLAB,advanced,resume_parse_mock
ST1196,SK047,Public Speaking,beginner,resume_parse_mock
ST1196,SK051,Teamwork,advanced,resume_parse_mock
ST1197,SK012,Deep Learning,beginner,resume_parse_mock
ST1197,SK002,Java,intermediate,resume_parse_mock
ST1197,SK044,Market Research,intermediate,resume_parse_mock
ST1197,SK047,Public Speaking,intermediate,resume_parse_mock
ST1197,SK016,Statistics,intermediate,resume_parse_mock
ST1197,SK046,Stochastic Calculus,beginner,resume_parse_mock
ST1198,SK032,Accounting Fundamentals,advanced,resume_parse_mock
ST1198,SK037,Auditing,intermediate,resume_parse_mock
ST1198,SK052,Behavioral Interviewing,intermediate,resume_parse_mock
ST1198,SK036,Financial Statement Analysis,beginner,resume_parse_mock
ST1198,SK034,M&A Concepts,intermediate,resume_parse_mock
ST1198,SK047,Public Speaking,intermediate,resume_parse_mock
ST1198,SK016,Statistics,advanced,resume_parse_mock
ST1199,SK008,Cloud (AWS/Azure/GCP),advanced,resume_parse_mock
ST1199,SK009,Data Structures & Algorithms,intermediate,resume_parse_mock
ST1199,SK004,JavaScript,beginner,resume_parse_mock
ST1199,SK051,Teamwork,beginner,resume_parse_mock
ST1200,SK029,Excel Modeling,advanced,resume_parse_mock
ST1200,SK033,LBO Modeling,intermediate,resume_parse_mock
ST1200,SK034,M&A Concepts,beginner,resume_parse_mock
ST1200,SK038,Market Sizing,intermediate,resume_parse_mock
ST1200,SK048,Networking,beginner,resume_parse_mock
ST1200,SK047,Public Speaking,beginner,resume_parse_mock
ST1200,SK051,Teamwork,intermediate,resume_parse_mock
